자회사ID,모회사ID,설립유형,대표이사유형,기업인증현황,분야별현황,업종별현황,운영현황,설립연월,업력,매출액,당기순이익
S0001,H082,단독설립,교수창업,벤처기업,BT,제조업,투자회수(일부),2019-06-01,5,0.0,0.0
S0002,H015,단독설립,교수창업,벤처기업,ET,제조업,정상운영,2017-02-01,7,591.0,0.0
S0003,H004,단독설립,학생창업,연구소기업,IT,전문과학및기술서비스업,정상운영,2018-08-01,6,957.0,-7.0
S0004,H036,단독설립,교수창업,벤처기업,IT,전문과학및기술서비스업,정상운영,2019-09-01,5,2070.0,-82.0
S0005,H032,단독설립,학생창업,벤처기업,IT,정보통신업,정상운영,2017-11-01,7,0.0,-55.0
S0006,H029,합작설립,학생창업,해당없음,IT,제조업,정상운영,2018-07-01,6,697.0,137.0
S0007,H018,단독설립,기타,벤처기업,BT,제조업,정상운영,2016-12-01,8,1124.0,-65.0
S0008,H014,지분편입(지분매수),무응답,벤처기업,BT,정보통신업,정상운영,2017-04-01,7,1504.0,51.0
S0009,H070,단독설립,전문경영인(창업자),신기술창업전문회사,BT,정보통신업,정상운영,2015-08-01,9,0.0,0.0
S0010,H012,단독설립,교수창업,벤처기업,IT,정보통신업,정상운영,2021-11-01,3,61.0,-100.0
S0011,H076,합작설립,교수창업,벤처기업,해당없음,교육서비스업,정상운영,2021-07-01,3,0.0,-79.0
S0012,H055,지분편입(지분매수),전문경영인(창업자),해당없음,IT,교육서비스업,정상운영,2015-08-01,9,208.0,60.0
S0013,H005,단독설립,교수창업,벤처기업,IT,기타,정상운영,2023-12-01,1,0.0,-120.0
S0014,H004,합작설립,무응답,연구소기업,BT,제조업,정상운영,2011-04-01,13,0.0,-101.0
S0015,H012,지분편입(지분매수),기타,벤처기업,BT,전문과학및기술서비스업,정상운영,2019-02-01,5,0.0,-9.0
S0016,H028,합작설립,기타,연구소기업,IT,정보통신업,정상운영,2018-07-01,6,0.0,-135.0
S0017,H030,지분편입(지분매수),전문경영인(파트너기업겸직파견등),벤처기업,BT,정보통신업,정상운영,2021-03-01,3,1471.0,-91.0
S0018,H065,지분편입(지분매수),전문경영인(창업자),벤처기업,IT,교육서비스업,정상운영,2019-06-01,5,0.0,-147.0
S0019,H078,지분편입(지분매수),교수창업,연구소기업,BT,제조업,정상운영,2022-03-01,2,0.0,-23.0
S0020,H004,합작설립,학생창업,연구소기업,BT,전문과학및기술서비스업,정상운영,2022-07-01,2,0.0,-25.0
S0021,H072,단독설립,전문경영인(파트너기업겸직파견등),해당없음,IT,정보통신업,정상운영,2022-06-01,2,0.0,-136.0
S0022,H026,단독설립,전문경영인(창업자),연구소기업,IT,전문과학및기술서비스업,정상운영,2019-05-01,5,0.0,-131.0
S0023,H084,합작설립,교수창업,해당없음,IT,제조업,정상운영,2021-11-01,3,0.0,-55.0
S0024,H070,지분편입(지분매수),학생창업,기타,IT,정보통신업,정상운영,2019-12-01,5,0.0,-24.0
S0025,H054,단독설립,교수창업,해당없음,해당없음,정보통신업,정상운영,2021-07-01,3,296.0,-26.0
S0026,H029,지분편입(지분매수),교수창업,해당없음,ET,정보통신업,정상운영,2023-10-01,1,0.0,-105.0
S0027,H058,단독설립,학생창업,해당없음,IT,정보통신업,정상운영,2017-07-01,7,0.0,-80.0
S0028,H076,단독설립,교수창업,벤처기업,해당없음,제조업,정상운영,2021-09-01,3,0.0,-2.0
S0029,H036,단독설립,전문경영인(창업자),해당없음,BT,교육서비스업,투자회수(전액),2023-02-01,1,0.0,0.0
S0030,H001,지분편입(지분매수),기타,해당없음,BT,정보통신업,정상운영,2018-06-01,6,0.0,-14.0
S0031,H021,합작설립,전문경영인(창업자),연구소기업,IT,정보통신업,정상운영,2016-08-01,8,333.0,127.0
S0032,H055,단독설립,교수창업,벤처기업,BT,정보통신업,정상운영,2016-11-01,8,0.0,-133.0
S0033,H044,단독설립,교수창업,해당없음,IT,정보통신업,정상운영,2018-12-01,6,2286.0,-57.0
S0034,H036,단독설립,전문경영인(창업자),벤처기업,ET,도매및소매업,정상운영,2022-10-01,2,0.0,0.0
S0035,H020,합작설립,기타,해당없음,해당없음,제조업,정상운영,2021-01-01,3,0.0,-91.0
S0036,H028,합작설립,교수창업,연구소기업,해당없음,제조업,폐업(청산),2019-04-01,5,0.0,0.0
S0037,H044,지분편입(지분매수),전문경영인(창업자),벤처기업,BT,전문과학및기술서비스업,정상운영,2009-10-01,15,608.0,0.0
S0038,H014,합작설립,교수창업,해당없음,BT,정보통신업,정상운영,2017-03-01,7,858.0,-104.0
S0039,H012,지분편입(지분매수),학생창업,연구소기업,IT,정보통신업,정상운영,2023-04-01,1,0.0,-118.0
S0040,H049,지분편입(지분매수),무응답,해당없음,BT,제조업,정상운영,2020-06-01,4,1385.0,-110.0
S0041,H013,단독설립,교수창업,해당없음,IT,전문과학및기술서비스업,정상운영,2023-06-01,1,1447.0,51.0
S0042,H046,단독설립,학생창업,벤처기업,IT,정보통신업,정상운영,2022-06-01,2,1858.0,-122.0
S0043,H045,지분편입(지분매수),교수창업,해당없음,BT,제조업,정상운영,2020-09-01,4,0.0,-78.0
S0044,H078,단독설립,기타,벤처기업,ET,제조업,정상운영,2008-01-01,16,0.0,-3.0
S0045,H034,지분편입(지분매수),학생창업,해당없음,해당없음,정보통신업,정상운영,2019-10-01,5,0.0,-53.0
S0046,H006,지분편입(지분매수),기타,해당없음,BT,제조업,정상운영,2019-10-01,5,0.0,-146.0
S0047,H059,단독설립,학생창업,벤처기업,BT,정보통신업,정상운영,2019-07-01,5,0.0,-5.0
S0048,H069,단독설립,교수창업,연구소기업,BT,정보통신업,정상운영,2017-02-01,7,1777.0,-108.0
S0049,H016,단독설립,전문경영인(파트너기업겸직파견등),해당없음,BT,제조업,정상운영,2019-11-01,5,0.0,-138.0
S0050,H049,지분편입(지분매수),교수창업,벤처기업,NT,제조업,정상운영,2022-04-01,2,2181.0,73.0
S0051,H011,단독설립,기타,해당없음,ET,전문과학및기술서비스업,정상운영,2009-03-01,15,0.0,0.0
S0052,H071,단독설립,무응답,연구소기업,IT,전문과학및기술서비스업,정상운영,2018-08-01,6,0.0,-67.0
S0053,H038,지분편입(지분매수),전문경영인(창업자),해당없음,IT,정보통신업,정상운영,2018-04-01,6,1317.0,-57.0
S0054,H081,지분편입(지분매수),학생창업,해당없음,IT,전문과학및기술서비스업,정상운영,2018-01-01,6,1911.0,-85.0
S0055,H080,단독설립,교수창업,연구소기업,IT,전문과학및기술서비스업,투자회수(전액),2021-04-01,3,0.0,0.0
S0056,H047,단독설립,교수창업,연구소기업,IT,전문과학및기술서비스업,정상운영,2018-05-01,6,0.0,-13.0
S0057,H074,단독설립,전문경영인(파트너기업겸직파견등),연구소기업,IT,제조업,정상운영,2020-07-01,4,0.0,2.0
S0058,H025,단독설립,전문경영인(파트너기업겸직파견등),해당없음,해당없음,전문과학및기술서비스업,정상운영,2020-02-01,4,0.0,-92.0
S0059,H009,단독설립,교수창업,해당없음,IT,제조업,정상운영,2022-06-01,2,2068.0,-33.0
S0060,H006,지분편입(지분매수),학생창업,해당없음,IT,제조업,정상운영,2021-07-01,3,1054.0,-62.0
S0061,H030,지분편입(유상증자),교수창업,연구소기업,BT,정보통신업,정상운영,2019-11-01,5,1408.0,103.0
S0062,H038,단독설립,전문경영인(파트너기업겸직파견등),벤처기업,IT,전문과학및기술서비스업,정상운영,2018-03-01,6,0.0,-72.0
S0063,H011,단독설립,기타,연구소기업,CT,제조업,정상운영,2023-07-01,1,1126.0,72.0
S0064,H030,합작설립,전문경영인(창업자),해당없음,IT,제조업,정상운영,2017-03-01,7,981.0,-27.0
S0065,H013,단독설립,전문경영인(창업자),벤처기업,BT,전문과학및기술서비스업,정상운영,2021-05-01,3,0.0,-41.0
S0066,H049,단독설립,기타,벤처기업,NT,정보통신업,정상운영,2023-05-01,1,0.0,-11.0
S0067,H036,합작설립,전문경영인(창업자),벤처기업,BT,교육서비스업,정상운영,2019-07-01,5,3599.0,0.0
S0068,H059,지분편입(지분매수),교수창업,연구소기업,NT,정보통신업,정상운영,2017-11-01,7,584.0,-31.0
S0069,H082,단독설립,전문경영인(창업자),해당없음,BT,전문과학및기술서비스업,정상운영,2023-08-01,1,0.0,-33.0
S0070,H047,지분편입(유상증자),전문경영인(창업자),연구소기업,BT,정보통신업,정상운영,2017-01-01,7,0.0,-7.0
S0071,H021,단독설립,전문경영인(창업자),연구소기업,IT,정보통신업,폐업(청산),2020-05-01,4,0.0,0.0
S0072,H048,지분편입(지분매수),전문경영인(창업자),연구소기업,IT,제조업,투자회수(전액),2018-07-01,6,0.0,0.0
S0073,H046,지분편입(유상증자),전문경영인(창업자),해당없음,IT,제조업,정상운영,2019-03-01,5,1758.0,-120.0
S0074,H027,단독설립,전문경영인(창업자),벤처기업,IT,정보통신업,정상운영,2018-03-01,6,0.0,59.0
S0075,H035,합작설립,기타,연구소기업,BT,전문과학및기술서비스업,정상운영,2018-07-01,6,0.0,-147.0
S0076,H083,지분편입(지분매수),전문경영인(창업자),해당없음,BT,제조업,투자회수(전액),2019-11-01,5,0.0,0.0
S0077,H010,합작설립,전문경영인(창업자),해당없음,ET,정보통신업,정상운영,2016-09-01,8,323.0,-140.0
S0078,H078,단독설립,교수창업,연구소기업,IT,제조업,정상운영,2023-02-01,1,1723.0,-104.0
S0079,H082,단독설립,교수창업,연구소기업,ET,정보통신업,투자회수(전액),2018-08-01,6,0.0,0.0
S0080,H022,단독설립,교수창업,벤처기업,BT,제조업,정상운영,2021-02-01,3,1079.0,0.0
S0081,H069,합작설립,교수창업,연구소기업,해당없음,전문과학및기술서비스업,정상운영,2016-06-01,8,0.0,-103.0
S0082,H032,지분편입(지분매수),전문경영인(창업자),해당없음,해당없음,도매및소매업,정상운영,2021-11-01,3,0.0,-10.0
S0083,H021,단독설립,학생창업,연구소기업,BT,정보통신업,정상운영,2017-12-01,7,2273.0,-50.0
S0084,H060,합작설립,학생창업,해당없음,IT,제조업,정상운영,2022-02-01,2,1485.0,-29.0
S0085,H049,지분편입(지분매수),교수창업,연구소기업,IT,전문과학및기술서비스업,정상운영,2010-11-01,14,0.0,0.0
S0086,H035,단독설립,교수창업,해당없음,BT,전문과학및기술서비스업,정상운영,2018-07-01,6,0.0,-49.0
S0087,H082,합작설립,교수창업,해당없음,BT,전문과학및기술서비스업,정상운영,2023-01-01,1,0.0,-111.0
S0088,H072,합작설립,전문경영인(파트너기업겸직파견등),벤처기업,BT,정보통신업,정상운영,2015-03-01,9,0.0,-138.0
S0089,H029,단독설립,교수창업,벤처기업,BT,전문과학및기술서비스업,정상운영,2022-06-01,2,0.0,-11.0
S0090,H042,단독설립,전문경영인(창업자),해당없음,IT,도매및소매업,정상운영,2022-03-01,2,1010.0,-65.0
S0091,H008,합작설립,전문경영인(창업자),연구소기업,IT,제조업,정상운영,2010-10-01,14,0.0,-79.0
S0092,H030,지분편입(지분매수),기타,해당없음,NT,제조업,정상운영,2020-09-01,4,0.0,-25.0
S0093,H005,단독설립,교수창업,연구소기업,BT,정보통신업,정상운영,2017-07-01,7,0.0,-107.0
S0094,H041,지분편입(지분매수),교수창업,연구소기업,BT,정보통신업,정상운영,2020-11-01,4,0.0,-143.0
S0095,H052,지분편입(지분매수),교수창업,연구소기업,IT,정보통신업,정상운영,2021-08-01,3,890.0,132.0
S0096,H035,단독설립,전문경영인(창업자),벤처기업,BT,전문과학및기술서비스업,정상운영,2010-01-01,14,0.0,-131.0
S0097,H009,단독설립,학생창업,해당없음,IT,정보통신업,정상운영,2020-08-01,4,0.0,0.0
S0098,H028,지분편입(지분매수),전문경영인(파트너기업겸직파견등),해당없음,해당없음,제조업,정상운영,2022-11-01,2,0.0,-67.0
S0099,H073,단독설립,교수창업,해당없음,BT,기타,정상운영,2019-11-01,5,699.0,116.0
S0100,H041,합작설립,전문경영인(창업자),벤처기업,BT,제조업,정상운영,2019-07-01,5,0.0,-57.0
S0101,H028,단독설립,교수창업,해당없음,BT,정보통신업,정상운영,2019-07-01,5,0.0,-101.0
S0102,H084,단독설립,전문경영인(파트너기업겸직파견등),연구소기업,IT,정보통신업,정상운영,2019-01-01,5,1708.0,118.0
S0103,H064,단독설립,교수창업,해당없음,해당없음,교육서비스업,정상운영,2017-05-01,7,1671.0,-128.0
S0104,H051,단독설립,기타,연구소기업,BT,제조업,정상운영,2017-07-01,7,1958.0,-36.0
S0105,H083,단독설립,교수창업,해당없음,해당없음,제조업,정상운영,2019-05-01,5,0.0,-112.0
S0106,H059,단독설립,교수창업,해당없음,IT,정보통신업,정상운영,2019-12-01,5,0.0,0.0
S0107,H019,합작설립,전문경영인(창업자),해당없음,ET,제조업,폐업(청산),2012-11-01,12,0.0,0.0
S0108,H034,단독설립,기타,해당없음,IT,정보통신업,정상운영,2008-02-01,16,0.0,-143.0
S0109,H018,지분편입(지분매수),전문경영인(파트너기업겸직파견등),연구소기업,BT,제조업,정상운영,2020-10-01,4,796.0,-94.0
S0110,H032,단독설립,교수창업,해당없음,IT,정보통신업,정상운영,2019-08-01,5,0.0,0.0
S0111,H072,단독설립,전문경영인(창업자),해당없음,IT,정보통신업,정상운영,2023-09-01,1,1591.0,62.0
S0112,H069,지분편입(지분매수),교수창업,해당없음,BT,정보통신업,정상운영,2018-06-01,6,0.0,-8.0
S0113,H034,지분편입(유상증자),전문경영인(창업자),연구소기업,BT,제조업,정상운영,2022-08-01,2,448.0,1.0
S0114,H075,단독설립,교수창업,벤처기업,BT,제조업,정상운영,2020-12-01,4,0.0,-143.0
S0115,H055,지분편입(지분매수),학생창업,벤처기업,ET,정보통신업,정상운영,2018-06-01,6,1810.0,0.0
S0116,H075,지분편입(지분매수),교수창업,신기술창업전문회사,BT,제조업,정상운영,2009-09-01,15,0.0,-52.0
S0117,H052,단독설립,학생창업,연구소기업,IT,전문과학및기술서비스업,정상운영,2016-06-01,8,0.0,-60.0
S0118,H047,단독설립,전문경영인(창업자),연구소기업,CT,전문과학및기술서비스업,정상운영,2020-02-01,4,0.0,-52.0
S0119,H029,단독설립,교수창업,이노비즈기업,IT,전문과학및기술서비스업,정상운영,2017-03-01,7,2109.0,-147.0
S0120,H018,지분편입(지분매수),전문경영인(파트너기업겸직파견등),연구소기업,IT,제조업,정상운영,2010-07-01,14,0.0,-131.0
S0121,H066,단독설립,교수창업,벤처기업,ET,전문과학및기술서비스업,정상운영,2019-09-01,5,194.0,17.0
S0122,H064,단독설립,기타,해당없음,BT,제조업,정상운영,2016-07-01,8,0.0,-22.0
S0123,H012,지분편입(지분매수),교수창업,해당없음,해당없음,정보통신업,정상운영,2023-11-01,1,1149.0,15.0
S0124,H007,지분편입(지분매수),무응답,벤처기업,BT,제조업,정상운영,2020-02-01,4,2144.0,148.0
S0125,H015,단독설립,교수창업,연구소기업,IT,제조업,정상운영,2019-03-01,5,0.0,-48.0
S0126,H020,합작설립,교수창업,해당없음,IT,전문과학및기술서비스업,정상운영,2022-01-01,2,0.0,-12.0
S0127,H081,지분편입(지분매수),전문경영인(파트너기업겸직파견등),벤처기업,해당없음,전문과학및기술서비스업,정상운영,2020-06-01,4,2108.0,81.0
S0128,H021,합작설립,기타,벤처기업,NT,정보통신업,정상운영,2023-12-01,1,1329.0,-20.0
S0129,H055,합작설립,교수창업,벤처기업,해당없음,전문과학및기술서비스업,정상운영,2023-10-01,1,0.0,-32.0
S0130,H077,지분편입(유상증자),전문경영인(창업자),벤처기업,BT,제조업,정상운영,2016-05-01,8,0.0,-118.0
S0131,H009,합작설립,교수창업,연구소기업,해당없음,정보통신업,정상운영,2023-04-01,1,1387.0,128.0
S0132,H050,지분편입(지분매수),교수창업,벤처기업,IT,정보통신업,정상운영,2021-09-01,3,85.0,-71.0
S0133,H049,지분편입(지분매수),기타,연구소기업,BT,전문과학및기술서비스업,정상운영,2010-10-01,14,0.0,-5.0
S0134,H077,지분편입(유상증자),교수창업,이노비즈기업,BT,제조업,정상운영,2023-12-01,1,3599.0,-141.0
S0135,H060,단독설립,전문경영인(파트너기업겸직파견등),벤처기업,IT,제조업,정상운영,2017-08-01,7,0.0,-17.0
S0136,H068,단독설립,무응답,해당없음,해당없음,제조업,정상운영,2013-07-01,11,0.0,-130.0
S0137,H033,합작설립,무응답,벤처기업,CT,정보통신업,정상운영,2022-01-01,2,1485.0,69.0
S0138,H071,지분편입(지분매수),교수창업,해당없음,BT,정보통신업,정상운영,2017-08-01,7,0.0,-140.0
S0139,H002,지분편입(지분매수),전문경영인(파트너기업겸직파견등),연구소기업,해당없음,전문과학및기술서비스업,정상운영,2018-05-01,6,860.0,-61.0
S0140,H015,단독설립,전문경영인(창업자),해당없음,IT,정보통신업,정상운영,2012-01-01,12,0.0,-36.0
S0141,H069,단독설립,교수창업,해당없음,IT,정보통신업,정상운영,2016-02-01,8,0.0,-78.0
S0142,H035,단독설립,교수창업,연구소기업,ET,제조업,정상운영,2023-08-01,1,0.0,-115.0
S0143,H083,단독설립,교수창업,연구소기업,BT,정보통신업,정상운영,2022-08-01,2,0.0,-92.0
S0144,H044,단독설립,학생창업,벤처기업,IT,제조업,정상운영,2020-06-01,4,0.0,0.0
S0145,H015,단독설립,학생창업,해당없음,해당없음,제조업,정상운영,2018-01-01,6,0.0,0.0
S0146,H038,단독설립,학생창업,연구소기업,ET,정보통신업,정상운영,2019-10-01,5,0.0,-101.0
S0147,H056,합작설립,전문경영인(창업자),해당없음,CT,전문과학및기술서비스업,투자회수(전액),2008-11-01,16,0.0,0.0
S0148,H021,지분편입(유상증자),교수창업,벤처기업,IT,정보통신업,정상운영,2017-06-01,7,1970.0,10.0
S0149,H059,단독설립,학생창업,이노비즈기업,IT,전문과학및기술서비스업,정상운영,2009-05-01,15,0.0,-43.0
S0150,H001,지분편입(지분매수),기타,해당없음,IT,정보통신업,정상운영,2023-07-01,1,1517.0,0.0
S0151,H034,단독설립,학생창업,벤처기업,IT,제조업,정상운영,2020-06-01,4,1868.0,0.0
S0152,H065,지분편입(지분매수),교수창업,해당없음,BT,제조업,정상운영,2016-11-01,8,0.0,0.0
S0153,H023,지분편입(지분매수),기타,해당없음,IT,정보통신업,정상운영,2023-05-01,1,0.0,-78.0
S0154,H065,단독설립,전문경영인(창업자),벤처기업,IT,정보통신업,정상운영,2020-01-01,4,1926.0,-147.0
S0155,H014,단독설립,전문경영인(창업자),해당없음,IT,정보통신업,정상운영,2023-09-01,1,0.0,-17.0
S0156,H081,합작설립,전문경영인(창업자),해당없음,IT,정보통신업,정상운영,2009-05-01,15,0.0,-128.0
S0157,H039,단독설립,교수창업,해당없음,해당없음,제조업,정상운영,2016-03-01,8,0.0,-140.0
S0158,H082,합작설립,교수창업,벤처기업,IT,전문과학및기술서비스업,정상운영,2017-05-01,7,0.0,0.0
S0159,H065,지분편입(유상증자),교수창업,연구소기업,IT,제조업,정상운영,2018-06-01,6,1187.0,143.0
S0160,H078,지분편입(유상증자),학생창업,연구소기업,IT,제조업,정상운영,2017-07-01,7,0.0,-122.0
S0161,H026,단독설립,전문경영인(파트너기업겸직파견등),해당없음,IT,전문과학및기술서비스업,정상운영,2020-01-01,4,1594.0,23.0
S0162,H020,단독설립,교수창업,연구소기업,BT,전문과학및기술서비스업,정상운영,2016-08-01,8,0.0,-71.0
S0163,H048,단독설립,교수창업,신기술창업전문회사,BT,제조업,정상운영,2023-06-01,1,0.0,-67.0
S0164,H021,단독설립,교수창업,연구소기업,BT,제조업,정상운영,2020-05-01,4,0.0,-128.0
S0165,H070,단독설립,전문경영인(창업자),연구소기업,IT,전문과학및기술서비스업,정상운영,2023-11-01,1,0.0,-100.0
S0166,H068,단독설립,기타,연구소기업,BT,전문과학및기술서비스업,정상운영,2010-01-01,14,0.0,-128.0
S0167,H001,지분편입(지분매수),교수창업,연구소기업,IT,정보통신업,정상운영,2018-10-01,6,0.0,0.0
S0168,H077,지분편입(지분매수),학생창업,해당없음,IT,전문과학및기술서비스업,정상운영,2020-02-01,4,3599.0,137.0
S0169,H042,단독설립,전문경영인(파트너기업겸직파견등),연구소기업,BT,제조업,정상운영,2023-06-01,1,308.0,-66.0
S0170,H063,합작설립,학생창업,벤처기업,IT,정보통신업,정상운영,2020-12-01,4,1566.0,73.0
S0171,H003,단독설립,교수창업,연구소기업,IT,도매및소매업,정상운영,2020-01-01,4,0.0,-108.0
S0172,H015,지분편입(지분매수),전문경영인(창업자),해당없음,IT,제조업,정상운영,2021-09-01,3,508.0,89.0
S0173,H047,단독설립,교수창업,해당없음,BT,제조업,정상운영,2021-12-01,3,0.0,-111.0
S0174,H040,합작설립,전문경영인(파트너기업겸직파견등),연구소기업,IT,제조업,정상운영,2019-07-01,5,0.0,-46.0
S0175,H031,지분편입(지분매수),학생창업,연구소기업,IT,정보통신업,정상운영,2022-04-01,2,0.0,-51.0
S0176,H008,지분편입(유상증자),학생창업,벤처기업,IT,전문과학및기술서비스업,정상운영,2013-03-01,11,88.0,0.0
S0177,H031,합작설립,전문경영인(창업자),연구소기업,ET,정보통신업,정상운영,2021-02-01,3,0.0,-36.0
S0178,H073,단독설립,교수창업,연구소기업,BT,정보통신업,정상운영,2018-09-01,6,3599.0,-116.0
S0179,H011,단독설립,학생창업,해당없음,BT,제조업,폐업(청산),2022-02-01,2,0.0,0.0
S0180,H011,단독설립,교수창업,연구소기업,BT,정보통신업,정상운영,2022-03-01,2,0.0,0.0
S0181,H063,단독설립,교수창업,기타,IT,제조업,정상운영,2008-12-01,16,296.0,-77.0
S0182,H009,단독설립,기타,벤처기업,BT,정보통신업,정상운영,2022-03-01,2,0.0,-144.0
S0183,H069,지분편입(지분매수),교수창업,연구소기업,ET,제조업,정상운영,2021-11-01,3,0.0,-95.0
S0184,H017,단독설립,학생창업,연구소기업,IT,제조업,정상운영,2019-08-01,5,1197.0,145.0
S0185,H017,지분편입(지분매수),학생창업,벤처기업,IT,전문과학및기술서비스업,폐업(청산),2017-07-01,7,0.0,0.0
S0186,H061,지분편입(유상증자),교수창업,해당없음,BT,도매및소매업,정상운영,2018-05-01,6,0.0,-108.0
S0187,H071,지분편입(유상증자),교수창업,연구소기업,IT,제조업,투자회수(전액),2019-06-01,5,0.0,0.0
S0188,H022,단독설립,교수창업,해당없음,해당없음,제조업,정상운영,2020-08-01,4,0.0,-58.0
S0189,H034,단독설립,무응답,해당없음,IT,제조업,정상운영,2019-12-01,5,0.0,0.0
S0190,H068,단독설립,교수창업,연구소기업,IT,제조업,정상운영,2023-10-01,1,0.0,-68.0
S0191,H078,단독설립,교수창업,벤처기업,BT,제조업,정상운영,2023-04-01,1,0.0,-16.0
S0192,H055,합작설립,학생창업,벤처기업,해당없음,정보통신업,정상운영,2021-12-01,3,0.0,-124.0
S0193,H028,지분편입(지분매수),교수창업,벤처기업,BT,전문과학및기술서비스업,정상운영,2020-09-01,4,1073.0,-148.0
S0194,H070,지분편입(지분매수),전문경영인(창업자),벤처기업,IT,제조업,정상운영,2023-10-01,1,0.0,-96.0
S0195,H026,합작설립,교수창업,벤처기업,해당없음,제조업,정상운영,2019-08-01,5,1491.0,6.0
S0196,H040,단독설립,전문경영인(파트너기업겸직파견등),연구소기업,BT,정보통신업,정상운영,2020-01-01,4,0.0,-21.0
S0197,H052,단독설립,학생창업,벤처기업,IT,정보통신업,정상운영,2010-02-01,14,0.0,-147.0
S0198,H084,단독설립,학생창업,해당없음,IT,제조업,정상운영,2023-06-01,1,0.0,-23.0
S0199,H048,지분편입(지분매수),교수창업,벤처기업,IT,제조업,정상운영,2020-06-01,4,1084.0,-21.0
S0200,H057,지분편입(지분매수),기타,해당없음,BT,도매및소매업,정상운영,2017-01-01,7,0.0,-87.0
S0201,H067,합작설립,교수창업,해당없음,IT,전문과학및기술서비스업,정상운영,2018-03-01,6,0.0,-28.0
S0202,H058,단독설립,학생창업,연구소기업,BT,전문과학및기술서비스업,정상운영,2018-10-01,6,0.0,-28.0
S0203,H016,합작설립,전문경영인(창업자),벤처기업,BT,전문과학및기술서비스업,정상운영,2020-12-01,4,1711.0,-17.0
S0204,H032,합작설립,기타,연구소기업,BT,제조업,정상운영,2008-11-01,16,1196.0,-84.0
S0205,H029,지분편입(지분매수),교수창업,연구소기업,IT,전문과학및기술서비스업,정상운영,2020-02-01,4,1039.0,-9.0
S0206,H009,지분편입(지분매수),기타,연구소기업,IT,정보통신업,정상운영,2022-07-01,2,0.0,0.0
S0207,H044,지분편입(유상증자),학생창업,해당없음,해당없음,제조업,정상운영,2020-09-01,4,780.0,0.0
S0208,H003,지분편입(지분매수),교수창업,해당없음,IT,제조업,정상운영,2022-12-01,2,0.0,-32.0
S0209,H076,단독설립,학생창업,해당없음,ET,정보통신업,정상운영,2015-02-01,9,1349.0,-68.0
S0210,H071,지분편입(지분매수),기타,해당없음,IT,제조업,정상운영,2020-06-01,4,935.0,-139.0
S0211,H030,단독설립,학생창업,연구소기업,IT,정보통신업,정상운영,2022-11-01,2,0.0,-28.0
S0212,H076,단독설립,학생창업,연구소기업,NT,제조업,폐업(청산),2022-12-01,2,0.0,0.0
S0213,H029,지분편입(지분매수),교수창업,해당없음,IT,전문과학및기술서비스업,투자회수(전액),2019-05-01,5,0.0,0.0
S0214,H001,지분편입(지분매수),전문경영인(파트너기업겸직파견등),해당없음,BT,정보통신업,정상운영,2020-07-01,4,0.0,-129.0
S0215,H010,단독설립,무응답,해당없음,BT,정보통신업,정상운영,2015-07-01,9,0.0,-134.0
S0216,H081,지분편입(지분매수),교수창업,연구소기업,ET,제조업,정상운영,2016-01-01,8,1170.0,-117.0
S0217,H008,합작설립,전문경영인(창업자),해당없음,IT,도매및소매업,정상운영,2014-03-01,10,1845.0,-120.0
S0218,H030,합작설립,전문경영인(창업자),이노비즈기업,BT,정보통신업,정상운영,2023-12-01,1,0.0,-65.0
S0219,H009,지분편입(지분매수),학생창업,연구소기업,NT,도매및소매업,정상운영,2019-05-01,5,745.0,151.0
S0220,H005,합작설립,전문경영인(창업자),기타,해당없음,전문과학및기술서비스업,정상운영,2021-12-01,3,0.0,-65.0
S0221,H043,단독설립,학생창업,해당없음,해당없음,도매및소매업,정상운영,2022-11-01,2,1986.0,0.0
S0222,H010,지분편입(지분매수),교수창업,해당없음,IT,제조업,정상운영,2018-12-01,6,1218.0,-48.0
S0223,H066,단독설립,무응답,연구소기업,ET,제조업,정상운영,2019-02-01,5,0.0,-47.0
S0224,H031,지분편입(지분매수),전문경영인(파트너기업겸직파견등),연구소기업,해당없음,제조업,정상운영,2021-07-01,3,29.0,-82.0
S0225,H036,단독설립,교수창업,벤처기업,IT,제조업,정상운영,2022-02-01,2,0.0,-86.0
S0226,H063,단독설립,교수창업,벤처기업,ET,제조업,정상운영,2017-04-01,7,1997.0,-36.0
S0227,H028,단독설립,기타,벤처기업,IT,제조업,정상운영,2021-10-01,3,791.0,-80.0
S0228,H070,지분편입(유상증자),무응답,해당없음,CT,제조업,정상운영,2023-05-01,1,0.0,-44.0
S0229,H017,지분편입(지분매수),전문경영인(창업자),해당없음,해당없음,제조업,정상운영,2022-05-01,2,0.0,-3.0
S0230,H074,합작설립,전문경영인(창업자),벤처기업,IT,제조업,정상운영,2013-10-01,11,0.0,-69.0
S0231,H074,합작설립,전문경영인(파트너기업겸직파견등),해당없음,BT,제조업,정상운영,2021-09-01,3,247.0,156.0
S0232,H061,합작설립,학생창업,연구소기업,BT,교육서비스업,정상운영,2022-09-01,2,0.0,-130.0
S0233,H032,지분편입(지분매수),기타,연구소기업,BT,제조업,정상운영,2021-04-01,3,1140.0,-10.0
S0234,H061,단독설립,교수창업,연구소기업,BT,제조업,정상운영,2017-12-01,7,2263.0,119.0
S0235,H053,단독설립,교수창업,연구소기업,BT,기타,정상운영,2021-01-01,3,0.0,-90.0
S0236,H025,지분편입(지분매수),교수창업,벤처기업,IT,정보통신업,투자회수(전액),2019-06-01,5,0.0,0.0
S0237,H013,단독설립,교수창업,벤처기업,BT,정보통신업,정상운영,2021-10-01,3,0.0,-139.0
S0238,H013,단독설립,교수창업,연구소기업,IT,제조업,정상운영,2023-08-01,1,0.0,-39.0
S0239,H056,합작설립,교수창업,연구소기업,BT,제조업,정상운영,2019-04-01,5,0.0,0.0
S0240,H046,합작설립,학생창업,해당없음,해당없음,정보통신업,정상운영,2018-07-01,6,0.0,-7.0
S0241,H055,합작설립,학생창업,벤처기업,ET,기타,정상운영,2017-05-01,7,1529.0,-92.0
S0242,H053,단독설립,학생창업,해당없음,IT,제조업,정상운영,2023-12-01,1,1269.0,106.0
S0243,H060,단독설립,기타,벤처기업,IT,전문과학및기술서비스업,휴업,2020-12-01,4,0.0,0.0
S0244,H007,단독설립,전문경영인(창업자),해당없음,해당없음,전문과학및기술서비스업,정상운영,2023-03-01,1,714.0,9.0
S0245,H084,지분편입(지분매수),교수창업,연구소기업,해당없음,전문과학및기술서비스업,정상운영,2020-05-01,4,0.0,-8.0
S0246,H083,합작설립,학생창업,벤처기업,ET,정보통신업,정상운영,2018-09-01,6,0.0,-78.0
S0247,H013,단독설립,전문경영인(창업자),연구소기업,IT,도매및소매업,정상운영,2022-11-01,2,1784.0,73.0
S0248,H008,단독설립,기타,연구소기업,IT,제조업,정상운영,2021-01-01,3,0.0,-10.0
S0249,H052,단독설립,전문경영인(창업자),해당없음,NT,제조업,투자회수(전액),2022-10-01,2,0.0,0.0
S0250,H044,단독설립,기타,연구소기업,IT,정보통신업,정상운영,2018-07-01,6,1453.0,-57.0
S0251,H014,지분편입(지분매수),무응답,해당없음,IT,제조업,정상운영,2021-03-01,3,0.0,0.0
S0252,H032,지분편입(지분매수),학생창업,연구소기업,IT,제조업,정상운영,2012-11-01,12,0.0,-78.0
S0253,H025,단독설립,학생창업,연구소기업,IT,전문과학및기술서비스업,정상운영,2017-05-01,7,0.0,-105.0
S0254,H025,단독설립,교수창업,해당없음,BT,정보통신업,정상운영,2017-05-01,7,0.0,-2.0
S0255,H069,지분편입(지분매수),전문경영인(파트너기업겸직파견등),해당없음,BT,정보통신업,폐업(청산),2023-01-01,1,0.0,0.0
S0256,H058,단독설립,교수창업,해당없음,IT,전문과학및기술서비스업,정상운영,2014-07-01,10,0.0,-142.0
S0257,H018,지분편입(지분매수),전문경영인(창업자),해당없음,BT,정보통신업,폐업(청산),2019-04-01,5,0.0,0.0
S0258,H055,지분편입(지분매수),학생창업,연구소기업,BT,정보통신업,정상운영,2020-01-01,4,1825.0,83.0
S0259,H024,합작설립,전문경영인(창업자),연구소기업,BT,정보통신업,정상운영,2008-07-01,16,0.0,-115.0
S0260,H036,지분편입(유상증자),교수창업,해당없음,NT,전문과학및기술서비스업,정상운영,2010-11-01,14,0.0,-98.0
S0261,H060,지분편입(유상증자),교수창업,해당없음,IT,정보통신업,정상운영,2021-03-01,3,0.0,-78.0
S0262,H032,단독설립,교수창업,연구소기업,ET,제조업,폐업(청산),2023-05-01,1,0.0,0.0
S0263,H010,합작설립,학생창업,연구소기업,NT,전문과학및기술서비스업,정상운영,2021-05-01,3,0.0,-27.0
S0264,H057,지분편입(지분매수),학생창업,해당없음,BT,제조업,정상운영,2019-08-01,5,0.0,-99.0
S0265,H071,단독설립,기타,연구소기업,IT,정보통신업,정상운영,2019-10-01,5,1661.0,-66.0
S0266,H013,합작설립,학생창업,연구소기업,ET,전문과학및기술서비스업,정상운영,2008-11-01,16,0.0,-126.0
S0267,H007,지분편입(지분매수),교수창업,벤처기업,해당없음,정보통신업,정상운영,2019-06-01,5,0.0,-54.0
S0268,H084,단독설립,전문경영인(파트너기업겸직파견등),벤처기업,ET,제조업,정상운영,2022-02-01,2,0.0,-56.0
S0269,H070,합작설립,학생창업,해당없음,IT,제조업,정상운영,2021-04-01,3,224.0,65.0
S0270,H002,합작설립,전문경영인(창업자),벤처기업,BT,제조업,정상운영,2018-04-01,6,1274.0,72.0
S0271,H012,단독설립,교수창업,해당없음,IT,전문과학및기술서비스업,정상운영,2017-01-01,7,0.0,0.0
S0272,H031,지분편입(유상증자),교수창업,연구소기업,IT,제조업,정상운영,2022-12-01,2,2258.0,-149.0
S0273,H022,단독설립,전문경영인(파트너기업겸직파견등),연구소기업,IT,정보통신업,정상운영,2021-06-01,3,2183.0,-99.0
S0274,H053,단독설립,교수창업,연구소기업,BT,정보통신업,정상운영,2016-04-01,8,0.0,-145.0
S0275,H063,단독설립,기타,해당없음,ET,제조업,정상운영,2023-02-01,1,0.0,0.0
S0276,H062,단독설립,교수창업,신기술창업전문회사,BT,정보통신업,정상운영,2018-10-01,6,0.0,-12.0
S0277,H028,지분편입(지분매수),기타,해당없음,해당없음,전문과학및기술서비스업,정상운영,2021-05-01,3,0.0,-41.0
S0278,H052,합작설립,기타,벤처기업,BT,전문과학및기술서비스업,정상운영,2017-12-01,7,0.0,-130.0
S0279,H008,지분편입(유상증자),전문경영인(창업자),해당없음,IT,제조업,정상운영,2023-12-01,1,1605.0,13.0
S0280,H022,지분편입(지분매수),전문경영인(창업자),연구소기업,IT,제조업,정상운영,2019-10-01,5,405.0,-111.0
S0281,H049,단독설립,학생창업,연구소기업,BT,전문과학및기술서비스업,정상운영,2017-08-01,7,1604.0,-34.0
S0282,H001,합작설립,전문경영인(창업자),연구소기업,IT,전문과학및기술서비스업,정상운영,2023-10-01,1,0.0,0.0
S0283,H050,단독설립,전문경영인(파트너기업겸직파견등),해당없음,해당없음,전문과학및기술서비스업,정상운영,2012-07-01,12,0.0,75.0
S0284,H034,지분편입(지분매수),기타,해당없음,IT,교육서비스업,투자회수(전액),2023-11-01,1,0.0,0.0
S0285,H059,지분편입(지분매수),전문경영인(창업자),연구소기업,BT,전문과학및기술서비스업,정상운영,2017-10-01,7,246.0,-145.0
S0286,H037,지분편입(지분매수),전문경영인(파트너기업겸직파견등),해당없음,NT,전문과학및기술서비스업,정상운영,2023-06-01,1,0.0,-55.0
S0287,H055,단독설립,학생창업,해당없음,BT,전문과학및기술서비스업,정상운영,2022-09-01,2,1850.0,75.0
S0288,H072,지분편입(지분매수),교수창업,연구소기업,BT,정보통신업,정상운영,2018-07-01,6,1515.0,0.0
S0289,H063,단독설립,전문경영인(창업자),연구소기업,IT,제조업,정상운영,2023-08-01,1,1631.0,-60.0
S0290,H020,지분편입(지분매수),전문경영인(파트너기업겸직파견등),해당없음,BT,정보통신업,정상운영,2015-09-01,9,0.0,-33.0
S0291,H025,지분편입(지분매수),기타,연구소기업,IT,전문과학및기술서비스업,정상운영,2023-01-01,1,0.0,7.0
S0292,H038,단독설립,기타,해당없음,BT,전문과학및기술서비스업,정상운영,2021-06-01,3,1284.0,-61.0
S0293,H028,지분편입(지분매수),전문경영인(파트너기업겸직파견등),해당없음,BT,제조업,정상운영,2019-06-01,5,1459.0,6.0
S0294,H008,지분편입(지분매수),기타,해당없음,IT,제조업,정상운영,2015-06-01,9,0.0,-76.0
S0295,H075,지분편입(지분매수),학생창업,해당없음,해당없음,제조업,정상운영,2021-06-01,3,0.0,-60.0
S0296,H070,합작설립,교수창업,해당없음,해당없음,제조업,정상운영,2022-08-01,2,1853.0,-83.0
S0297,H008,지분편입(지분매수),교수창업,연구소기업,IT,제조업,정상운영,2022-03-01,2,881.0,0.0
S0298,H041,단독설립,학생창업,벤처기업,IT,전문과학및기술서비스업,정상운영,2022-08-01,2,1591.0,-5.0
S0299,H008,단독설립,학생창업,벤처기업,IT,정보통신업,정상운영,2011-12-01,13,0.0,0.0
S0300,H007,단독설립,전문경영인(파트너기업겸직파견등),연구소기업,BT,제조업,정상운영,2019-08-01,5,0.0,-66.0
S0301,H075,합작설립,기타,연구소기업,CT,도매및소매업,정상운영,2020-04-01,4,61.0,-16.0
S0302,H062,단독설립,교수창업,벤처기업,해당없음,제조업,정상운영,2023-09-01,1,0.0,-118.0
S0303,H065,단독설립,기타,해당없음,ET,제조업,정상운영,2021-12-01,3,0.0,-46.0
S0304,H068,합작설립,교수창업,해당없음,IT,전문과학및기술서비스업,정상운영,2010-03-01,14,0.0,-72.0
S0305,H021,단독설립,기타,해당없음,IT,제조업,투자회수(전액),2018-11-01,6,0.0,0.0
S0306,H008,지분편입(지분매수),학생창업,연구소기업,IT,전문과학및기술서비스업,정상운영,2018-07-01,6,0.0,-64.0
S0307,H066,합작설립,전문경영인(창업자),이노비즈기업,NT,제조업,정상운영,2023-05-01,1,1871.0,155.0
S0308,H011,단독설립,교수창업,연구소기업,BT,제조업,폐업(청산),2017-07-01,7,0.0,0.0
S0309,H024,지분편입(유상증자),전문경영인(파트너기업겸직파견등),해당없음,IT,교육서비스업,정상운영,2018-01-01,6,0.0,0.0
S0310,H009,단독설립,교수창업,벤처기업,BT,정보통신업,투자회수(전액),2019-11-01,5,0.0,0.0
S0311,H077,단독설립,전문경영인(창업자),벤처기업,NT,정보통신업,정상운영,2016-10-01,8,2202.0,25.0
S0312,H009,지분편입(지분매수),교수창업,연구소기업,IT,제조업,정상운영,2020-02-01,4,487.0,-145.0
S0313,H031,단독설립,기타,해당없음,BT,제조업,정상운영,2020-11-01,4,0.0,-64.0
S0314,H052,지분편입(지분매수),학생창업,해당없음,해당없음,제조업,정상운영,2012-08-01,12,0.0,-13.0
S0315,H016,단독설립,교수창업,이노비즈기업,IT,제조업,정상운영,2019-09-01,5,0.0,0.0
S0316,H073,지분편입(지분매수),교수창업,연구소기업,해당없음,제조업,정상운영,2023-06-01,1,0.0,-78.0
S0317,H032,단독설립,무응답,해당없음,IT,제조업,정상운영,2018-02-01,6,0.0,-6.0
S0318,H075,단독설립,무응답,벤처기업,해당없음,정보통신업,정상운영,2023-04-01,1,0.0,-84.0
S0319,H077,지분편입(지분매수),전문경영인(창업자),연구소기업,IT,제조업,정상운영,2023-12-01,1,0.0,-10.0
S0320,H006,지분편입(지분매수),학생창업,해당없음,NT,제조업,정상운영,2020-09-01,4,0.0,-141.0
S0321,H080,단독설립,교수창업,연구소기업,해당없음,정보통신업,정상운영,2017-06-01,7,0.0,-58.0
S0322,H011,단독설립,기타,벤처기업,IT,제조업,정상운영,2017-05-01,7,0.0,-131.0
S0323,H054,단독설립,교수창업,해당없음,BT,정보통신업,정상운영,2023-05-01,1,514.0,-120.0
S0324,H075,지분편입(지분매수),교수창업,연구소기업,BT,제조업,투자회수(일부),2017-06-01,7,0.0,0.0
S0325,H073,지분편입(지분매수),교수창업,연구소기업,BT,전문과학및기술서비스업,정상운영,2022-08-01,2,84.0,128.0
S0326,H067,지분편입(유상증자),전문경영인(파트너기업겸직파견등),연구소기업,해당없음,정보통신업,정상운영,2010-11-01,14,1426.0,131.0
S0327,H041,단독설립,전문경영인(창업자),해당없음,IT,제조업,투자회수(전액),2008-08-01,16,0.0,0.0
S0328,H034,지분편입(지분매수),기타,벤처기업,IT,전문과학및기술서비스업,정상운영,2021-01-01,3,0.0,0.0
S0329,H027,단독설립,전문경영인(창업자),연구소기업,BT,정보통신업,정상운영,2019-03-01,5,814.0,-117.0
S0330,H041,단독설립,기타,연구소기업,BT,제조업,정상운영,2019-10-01,5,0.0,-25.0
S0331,H031,지분편입(지분매수),전문경영인(창업자),연구소기업,BT,제조업,폐업(청산),2021-10-01,3,0.0,0.0
S0332,H034,단독설립,전문경영인(창업자),해당없음,IT,제조업,정상운영,2018-03-01,6,0.0,-88.0
S0333,H051,지분편입(지분매수),교수창업,해당없음,ET,제조업,정상운영,2009-10-01,15,0.0,-86.0
S0334,H017,합작설립,전문경영인(파트너기업겸직파견등),연구소기업,BT,제조업,정상운영,2021-06-01,3,0.0,-101.0
S0335,H083,단독설립,교수창업,연구소기업,BT,제조업,정상운영,2022-10-01,2,0.0,-40.0
S0336,H039,지분편입(유상증자),교수창업,해당없음,ET,제조업,폐업(청산),2023-07-01,1,0.0,0.0
S0337,H059,지분편입(유상증자),전문경영인(창업자),해당없음,BT,도매및소매업,정상운영,2016-07-01,8,858.0,103.0
S0338,H041,합작설립,교수창업,해당없음,BT,제조업,정상운영,2011-01-01,13,0.0,-73.0
S0339,H010,지분편입(지분매수),기타,이노비즈기업,BT,제조업,정상운영,2019-05-01,5,923.0,-55.0
S0340,H002,지분편입(유상증자),학생창업,벤처기업,해당없음,정보통신업,정상운영,2018-09-01,6,0.0,-119.0
S0341,H059,합작설립,전문경영인(파트너기업겸직파견등),연구소기업,IT,정보통신업,정상운영,2021-12-01,3,0.0,-64.0
S0342,H080,단독설립,기타,해당없음,BT,도매및소매업,정상운영,2023-08-01,1,0.0,-19.0
S0343,H073,지분편입(유상증자),학생창업,벤처기업,BT,도매및소매업,정상운영,2016-04-01,8,0.0,-140.0
S0344,H013,단독설립,전문경영인(창업자),해당없음,IT,전문과학및기술서비스업,정상운영,2017-07-01,7,1400.0,-146.0
S0345,H010,합작설립,전문경영인(파트너기업겸직파견등),해당없음,IT,전문과학및기술서비스업,정상운영,2021-09-01,3,0.0,-86.0
S0346,H069,지분편입(유상증자),전문경영인(창업자),해당없음,ET,정보통신업,정상운영,2018-03-01,6,0.0,0.0
S0347,H028,단독설립,교수창업,해당없음,IT,전문과학및기술서비스업,정상운영,2020-07-01,4,0.0,-48.0
S0348,H065,합작설립,전문경영인(창업자),해당없음,BT,도매및소매업,정상운영,2018-10-01,6,0.0,-98.0
S0349,H034,지분편입(지분매수),교수창업,해당없음,해당없음,정보통신업,정상운영,2017-02-01,7,0.0,-41.0
S0350,H017,단독설립,교수창업,연구소기업,BT,제조업,투자회수(일부),2023-02-01,1,0.0,0.0
S0351,H045,단독설립,학생창업,해당없음,BT,제조업,정상운영,2023-07-01,1,0.0,-133.0
S0352,H009,단독설립,학생창업,벤처기업,IT,정보통신업,정상운영,2020-04-01,4,0.0,0.0
S0353,H032,단독설립,무응답,해당없음,IT,도매및소매업,정상운영,2023-04-01,1,0.0,-15.0
S0354,H048,단독설립,교수창업,연구소기업,BT,정보통신업,정상운영,2018-02-01,6,268.0,-93.0
S0355,H037,단독설립,교수창업,벤처기업,NT,정보통신업,정상운영,2016-10-01,8,0.0,-88.0
S0356,H021,단독설립,전문경영인(창업자),연구소기업,IT,기타,정상운영,2020-05-01,4,0.0,-114.0
S0357,H057,합작설립,교수창업,연구소기업,BT,정보통신업,정상운영,2020-03-01,4,889.0,-130.0
S0358,H070,지분편입(유상증자),교수창업,해당없음,BT,정보통신업,정상운영,2018-03-01,6,0.0,-102.0
S0359,H039,합작설립,교수창업,벤처기업,BT,정보통신업,정상운영,2017-12-01,7,0.0,-129.0
S0360,H079,단독설립,교수창업,해당없음,CT,제조업,정상운영,2020-07-01,4,0.0,-53.0
S0361,H084,단독설립,교수창업,해당없음,BT,제조업,정상운영,2018-09-01,6,0.0,-119.0
S0362,H068,단독설립,학생창업,이노비즈기업,BT,정보통신업,투자회수(전액),2023-07-01,1,0.0,0.0
S0363,H002,단독설립,교수창업,해당없음,BT,전문과학및기술서비스업,정상운영,2021-06-01,3,0.0,-69.0
S0364,H071,지분편입(지분매수),학생창업,연구소기업,ET,전문과학및기술서비스업,정상운영,2019-04-01,5,0.0,-64.0
S0365,H039,지분편입(지분매수),학생창업,해당없음,해당없음,정보통신업,정상운영,2022-07-01,2,1370.0,105.0
S0366,H014,단독설립,학생창업,해당없음,해당없음,전문과학및기술서비스업,정상운영,2019-10-01,5,0.0,-104.0
S0367,H018,합작설립,학생창업,연구소기업,IT,정보통신업,정상운영,2017-05-01,7,0.0,-28.0
S0368,H034,지분편입(유상증자),기타,연구소기업,ET,제조업,휴업,2023-06-01,1,0.0,0.0
S0369,H015,단독설립,학생창업,연구소기업,ET,도매및소매업,정상운영,2018-06-01,6,2266.0,-82.0
S0370,H014,단독설립,학생창업,해당없음,BT,정보통신업,정상운영,2018-11-01,6,1592.0,-70.0
S0371,H071,합작설립,전문경영인(창업자),신기술창업전문회사,ET,교육서비스업,정상운영,2013-02-01,11,396.0,-19.0
S0372,H020,단독설립,전문경영인(창업자),벤처기업,BT,교육서비스업,투자회수(전액),2018-11-01,6,0.0,0.0
S0373,H035,합작설립,교수창업,해당없음,BT,정보통신업,정상운영,2020-11-01,4,0.0,0.0
S0374,H037,합작설립,교수창업,해당없음,NT,정보통신업,정상운영,2020-11-01,4,2048.0,-144.0
S0375,H078,단독설립,전문경영인(파트너기업겸직파견등),해당없음,NT,제조업,정상운영,2022-11-01,2,0.0,-78.0
S0376,H027,합작설립,교수창업,연구소기업,CT,정보통신업,정상운영,2017-06-01,7,0.0,-5.0
S0377,H044,단독설립,교수창업,벤처기업,BT,전문과학및기술서비스업,정상운영,2019-09-01,5,2218.0,117.0
S0378,H027,단독설립,전문경영인(창업자),벤처기업,IT,전문과학및기술서비스업,정상운영,2019-09-01,5,273.0,-14.0
S0379,H082,단독설립,학생창업,해당없음,IT,전문과학및기술서비스업,정상운영,2023-09-01,1,0.0,-121.0
S0380,H034,지분편입(지분매수),기타,해당없음,BT,제조업,정상운영,2023-07-01,1,0.0,-135.0
S0381,H065,단독설립,기타,벤처기업,BT,전문과학및기술서비스업,정상운영,2023-04-01,1,0.0,-22.0
S0382,H063,지분편입(지분매수),교수창업,연구소기업,IT,전문과학및기술서비스업,정상운영,2019-07-01,5,0.0,-140.0
S0383,H033,지분편입(지분매수),교수창업,연구소기업,NT,정보통신업,투자회수(전액),2021-08-01,3,0.0,0.0
S0384,H007,단독설립,기타,연구소기업,IT,제조업,정상운영,2019-08-01,5,0.0,-136.0
S0385,H012,지분편입(지분매수),학생창업,기타,해당없음,제조업,정상운영,2021-05-01,3,2063.0,-107.0
S0386,H082,합작설립,교수창업,해당없음,해당없음,정보통신업,정상운영,2021-08-01,3,943.0,-129.0
S0387,H055,단독설립,전문경영인(창업자),연구소기업,BT,정보통신업,투자회수(일부),2017-03-01,7,0.0,0.0
S0388,H036,지분편입(지분매수),전문경영인(창업자),벤처기업,NT,제조업,정상운영,2021-03-01,3,0.0,-59.0
S0389,H006,합작설립,기타,벤처기업,IT,기타,정상운영,2010-07-01,14,1283.0,0.0
S0390,H001,단독설립,교수창업,연구소기업,IT,전문과학및기술서비스업,정상운영,2021-05-01,3,1722.0,-126.0
S0391,H043,지분편입(지분매수),학생창업,벤처기업,ET,전문과학및기술서비스업,정상운영,2019-01-01,5,0.0,-82.0
S0392,H017,합작설립,전문경영인(창업자),연구소기업,IT,정보통신업,정상운영,2018-09-01,6,2054.0,83.0
S0393,H082,단독설립,전문경영인(창업자),연구소기업,IT,기타,정상운영,2023-06-01,1,0.0,-43.0
S0394,H034,단독설립,교수창업,해당없음,NT,제조업,정상운영,2019-08-01,5,0.0,-119.0
S0395,H021,지분편입(지분매수),교수창업,해당없음,해당없음,제조업,정상운영,2022-11-01,2,0.0,-92.0
S0396,H057,단독설립,교수창업,벤처기업,해당없음,정보통신업,정상운영,2018-03-01,6,0.0,0.0
S0397,H071,단독설립,기타,연구소기업,NT,제조업,정상운영,2019-11-01,5,3599.0,-52.0
S0398,H055,단독설립,학생창업,연구소기업,BT,제조업,정상운영,2022-02-01,2,0.0,-16.0
S0399,H072,지분편입(유상증자),전문경영인(파트너기업겸직파견등),해당없음,BT,제조업,정상운영,2011-07-01,13,0.0,-98.0
S0400,H002,단독설립,학생창업,연구소기업,BT,제조업,정상운영,2018-10-01,6,0.0,-88.0
S0401,H015,단독설립,교수창업,벤처기업,해당없음,정보통신업,정상운영,2022-11-01,2,0.0,-127.0
S0402,H010,지분편입(지분매수),교수창업,벤처기업,IT,전문과학및기술서비스업,정상운영,2023-07-01,1,1336.0,0.0
S0403,H020,합작설립,학생창업,벤처기업,BT,전문과학및기술서비스업,정상운영,2016-07-01,8,0.0,-33.0
S0404,H070,지분편입(지분매수),교수창업,해당없음,IT,제조업,정상운영,2019-07-01,5,285.0,-69.0
S0405,H005,단독설립,전문경영인(파트너기업겸직파견등),벤처기업,ET,정보통신업,정상운영,2022-04-01,2,0.0,-19.0
S0406,H048,지분편입(지분매수),교수창업,연구소기업,BT,제조업,정상운영,2022-11-01,2,2173.0,109.0
S0407,H075,단독설립,교수창업,해당없음,IT,제조업,정상운영,2017-01-01,7,2216.0,-101.0
S0408,H071,단독설립,교수창업,벤처기업,BT,정보통신업,정상운영,2023-10-01,1,0.0,-65.0
S0409,H019,지분편입(지분매수),전문경영인(파트너기업겸직파견등),해당없음,IT,제조업,정상운영,2016-04-01,8,0.0,0.0
S0410,H056,지분편입(유상증자),교수창업,벤처기업,IT,정보통신업,투자회수(일부),2008-03-01,16,0.0,0.0
S0411,H017,합작설립,교수창업,해당없음,해당없음,제조업,정상운영,2021-10-01,3,0.0,-66.0
S0412,H006,지분편입(지분매수),교수창업,해당없음,IT,정보통신업,정상운영,2018-10-01,6,0.0,-108.0
S0413,H040,지분편입(유상증자),교수창업,해당없음,ET,제조업,정상운영,2013-09-01,11,0.0,-60.0
S0414,H047,단독설립,기타,벤처기업,IT,제조업,정상운영,2017-02-01,7,0.0,-9.0
S0415,H006,지분편입(지분매수),전문경영인(창업자),해당없음,IT,제조업,정상운영,2009-10-01,15,0.0,-42.0
S0416,H046,지분편입(지분매수),교수창업,연구소기업,BT,제조업,정상운영,2011-10-01,13,1846.0,109.0
S0417,H027,합작설립,교수창업,연구소기업,BT,정보통신업,정상운영,2018-12-01,6,0.0,-44.0
S0418,H032,단독설립,전문경영인(파트너기업겸직파견등),벤처기업,해당없음,제조업,정상운영,2018-07-01,6,0.0,-15.0
S0419,H014,단독설립,교수창업,해당없음,NT,전문과학및기술서비스업,정상운영,2023-01-01,1,0.0,-11.0
S0420,H046,합작설립,무응답,연구소기업,IT,제조업,정상운영,2023-06-01,1,0.0,-138.0
S0421,H072,단독설립,전문경영인(파트너기업겸직파견등),연구소기업,BT,제조업,정상운영,2022-10-01,2,0.0,-109.0
S0422,H053,단독설립,교수창업,연구소기업,BT,기타,휴업,2020-04-01,4,0.0,0.0
S0423,H080,단독설립,전문경영인(창업자),해당없음,BT,정보통신업,정상운영,2022-03-01,2,0.0,-146.0
S0424,H020,단독설립,학생창업,벤처기업,BT,교육서비스업,투자회수(전액),2016-10-01,8,0.0,0.0
S0425,H031,지분편입(유상증자),학생창업,벤처기업,해당없음,제조업,정상운영,2020-11-01,4,2278.0,-131.0
S0426,H021,지분편입(지분매수),교수창업,벤처기업,BT,전문과학및기술서비스업,정상운영,2019-08-01,5,0.0,0.0
S0427,H023,합작설립,교수창업,해당없음,해당없음,정보통신업,정상운영,2019-11-01,5,0.0,-123.0
S0428,H053,단독설립,교수창업,연구소기업,해당없음,정보통신업,폐업(청산),2021-02-01,3,0.0,0.0
S0429,H004,지분편입(지분매수),교수창업,해당없음,IT,제조업,정상운영,2017-06-01,7,0.0,-128.0
S0430,H023,합작설립,학생창업,해당없음,IT,제조업,정상운영,2018-01-01,6,0.0,-132.0
S0431,H043,지분편입(지분매수),교수창업,연구소기업,BT,제조업,정상운영,2019-12-01,5,0.0,-87.0
S0432,H053,단독설립,교수창업,연구소기업,BT,제조업,정상운영,2023-10-01,1,1334.0,-34.0
S0433,H032,합작설립,교수창업,연구소기업,BT,제조업,정상운영,2017-11-01,7,0.0,-60.0
S0434,H035,합작설립,전문경영인(창업자),이노비즈기업,BT,정보통신업,정상운영,2023-07-01,1,0.0,-45.0
S0435,H021,지분편입(지분매수),학생창업,연구소기업,ET,제조업,정상운영,2020-09-01,4,0.0,-109.0
S0436,H014,지분편입(지분매수),기타,해당없음,IT,제조업,정상운영,2021-09-01,3,258.0,-144.0
S0437,H049,지분편입(지분매수),무응답,해당없음,BT,정보통신업,정상운영,2021-04-01,3,616.0,-67.0
S0438,H005,지분편입(지분매수),교수창업,해당없음,IT,정보통신업,정상운영,2021-03-01,3,0.0,-9.0
S0439,H061,지분편입(지분매수),기타,신기술창업전문회사,BT,제조업,정상운영,2018-08-01,6,16.0,0.0
S0440,H029,합작설립,전문경영인(파트너기업겸직파견등),벤처기업,BT,정보통신업,폐업(청산),2019-06-01,5,0.0,0.0
S0441,H026,지분편입(지분매수),학생창업,벤처기업,CT,제조업,정상운영,2017-12-01,7,0.0,-42.0
S0442,H059,지분편입(지분매수),기타,연구소기업,NT,정보통신업,정상운영,2021-04-01,3,0.0,-139.0
S0443,H045,단독설립,교수창업,벤처기업,IT,제조업,정상운영,2017-03-01,7,578.0,-56.0
S0444,H040,합작설립,교수창업,벤처기업,IT,전문과학및기술서비스업,정상운영,2019-08-01,5,0.0,-95.0
S0445,H030,합작설립,기타,벤처기업,BT,제조업,투자회수(전액),2011-12-01,13,0.0,0.0
S0446,H029,단독설립,교수창업,해당없음,해당없음,제조업,정상운영,2023-04-01,1,0.0,-2.0
S0447,H004,합작설립,교수창업,연구소기업,BT,도매및소매업,정상운영,2023-06-01,1,0.0,-121.0
S0448,H025,합작설립,교수창업,연구소기업,IT,제조업,정상운영,2023-03-01,1,199.0,-78.0
S0449,H052,단독설립,교수창업,벤처기업,BT,정보통신업,정상운영,2019-05-01,5,1270.0,-131.0
S0450,H043,단독설립,학생창업,벤처기업,BT,제조업,정상운영,2013-02-01,11,0.0,-44.0
S0451,H036,단독설립,무응답,해당없음,IT,제조업,정상운영,2016-01-01,8,0.0,-147.0
S0452,H009,단독설립,교수창업,연구소기업,BT,제조업,정상운영,2023-04-01,1,0.0,0.0
S0453,H036,합작설립,전문경영인(창업자),해당없음,IT,제조업,정상운영,2020-10-01,4,0.0,-67.0
S0454,H045,단독설립,교수창업,해당없음,BT,제조업,정상운영,2022-08-01,2,0.0,-69.0
S0455,H083,지분편입(지분매수),교수창업,해당없음,해당없음,정보통신업,정상운영,2016-08-01,8,0.0,-54.0
S0456,H066,단독설립,학생창업,벤처기업,BT,제조업,정상운영,2017-04-01,7,1619.0,50.0
S0457,H052,단독설립,교수창업,연구소기업,IT,정보통신업,정상운영,2023-11-01,1,0.0,-56.0
S0458,H069,지분편입(지분매수),교수창업,연구소기업,IT,정보통신업,정상운영,2011-10-01,13,0.0,-5.0
S0459,H043,합작설립,교수창업,연구소기업,BT,제조업,투자회수(전액),2012-08-01,12,0.0,0.0
S0460,H004,지분편입(지분매수),교수창업,해당없음,BT,정보통신업,정상운영,2023-04-01,1,209.0,-36.0
S0461,H015,지분편입(지분매수),학생창업,해당없음,IT,전문과학및기술서비스업,폐업(청산),2019-03-01,5,0.0,0.0
S0462,H034,단독설립,교수창업,해당없음,BT,제조업,정상운영,2012-08-01,12,851.0,-91.0
S0463,H023,지분편입(지분매수),교수창업,연구소기업,IT,정보통신업,정상운영,2022-09-01,2,0.0,-98.0
S0464,H075,합작설립,교수창업,해당없음,IT,제조업,정상운영,2021-11-01,3,104.0,-104.0
S0465,H034,단독설립,무응답,벤처기업,IT,정보통신업,정상운영,2020-02-01,4,0.0,-144.0
S0466,H005,합작설립,전문경영인(파트너기업겸직파견등),해당없음,해당없음,제조업,정상운영,2017-10-01,7,0.0,-113.0
S0467,H014,단독설립,기타,신기술창업전문회사,BT,제조업,정상운영,2017-06-01,7,0.0,-147.0
S0468,H077,단독설립,전문경영인(창업자),해당없음,NT,전문과학및기술서비스업,정상운영,2015-03-01,9,428.0,-28.0
S0469,H056,단독설립,교수창업,연구소기업,해당없음,정보통신업,정상운영,2022-04-01,2,804.0,-15.0
S0470,H045,단독설립,전문경영인(파트너기업겸직파견등),해당없음,IT,정보통신업,정상운영,2016-08-01,8,0.0,-137.0
S0471,H041,지분편입(유상증자),교수창업,연구소기업,IT,제조업,정상운영,2023-12-01,1,0.0,-91.0
S0472,H056,지분편입(지분매수),전문경영인(창업자),해당없음,BT,정보통신업,정상운영,2016-02-01,8,1742.0,0.0
S0473,H078,지분편입(유상증자),전문경영인(파트너기업겸직파견등),벤처기업,NT,전문과학및기술서비스업,정상운영,2022-01-01,2,0.0,-133.0
S0474,H066,지분편입(지분매수),전문경영인(창업자),연구소기업,BT,제조업,정상운영,2023-12-01,1,0.0,-93.0
S0475,H015,합작설립,교수창업,벤처기업,IT,정보통신업,정상운영,2023-01-01,1,0.0,-119.0
S0476,H050,지분편입(지분매수),교수창업,해당없음,해당없음,제조업,정상운영,2017-11-01,7,1818.0,34.0
S0477,H074,단독설립,교수창업,연구소기업,IT,정보통신업,정상운영,2012-11-01,12,0.0,-124.0
S0478,H025,단독설립,학생창업,연구소기업,IT,전문과학및기술서비스업,정상운영,2014-07-01,10,808.0,-139.0
S0479,H033,단독설립,교수창업,해당없음,BT,전문과학및기술서비스업,정상운영,2023-09-01,1,0.0,52.0
S0480,H006,지분편입(지분매수),교수창업,연구소기업,해당없음,제조업,정상운영,2020-08-01,4,0.0,-107.0
S0481,H056,단독설립,전문경영인(창업자),해당없음,BT,제조업,정상운영,2022-07-01,2,0.0,-67.0
S0482,H001,단독설립,학생창업,연구소기업,NT,제조업,정상운영,2018-02-01,6,1566.0,-93.0
S0483,H067,단독설립,학생창업,연구소기업,IT,제조업,정상운영,2018-07-01,6,0.0,-52.0
S0484,H069,지분편입(유상증자),전문경영인(창업자),해당없음,IT,제조업,정상운영,2017-05-01,7,328.0,-68.0
S0485,H026,합작설립,전문경영인(창업자),해당없음,해당없음,정보통신업,정상운영,2018-12-01,6,106.0,-61.0
S0486,H047,지분편입(유상증자),전문경영인(창업자),연구소기업,IT,제조업,정상운영,2011-09-01,13,0.0,-139.0
S0487,H056,단독설립,교수창업,해당없음,IT,전문과학및기술서비스업,정상운영,2019-02-01,5,0.0,-99.0
S0488,H009,지분편입(유상증자),전문경영인(창업자),연구소기업,NT,교육서비스업,정상운영,2017-12-01,7,0.0,-21.0
S0489,H043,지분편입(지분매수),기타,해당없음,BT,전문과학및기술서비스업,정상운영,2023-10-01,1,0.0,-18.0
S0490,H080,지분편입(지분매수),기타,해당없음,NT,정보통신업,정상운영,2010-11-01,14,0.0,-70.0
S0491,H041,합작설립,무응답,연구소기업,IT,제조업,정상운영,2022-09-01,2,0.0,-142.0
S0492,H016,단독설립,전문경영인(창업자),벤처기업,BT,정보통신업,정상운영,2023-12-01,1,104.0,-60.0
S0493,H039,단독설립,학생창업,신기술창업전문회사,IT,정보통신업,정상운영,2023-01-01,1,1761.0,148.0
S0494,H065,지분편입(지분매수),학생창업,연구소기업,BT,정보통신업,정상운영,2022-08-01,2,2231.0,-130.0
S0495,H040,지분편입(지분매수),기타,해당없음,해당없음,제조업,투자회수(일부),2017-08-01,7,0.0,0.0
S0496,H053,지분편입(지분매수),교수창업,벤처기업,BT,전문과학및기술서비스업,정상운영,2013-12-01,11,1477.0,142.0
S0497,H042,지분편입(지분매수),교수창업,벤처기업,IT,제조업,정상운영,2023-01-01,1,1728.0,72.0
S0498,H052,합작설립,학생창업,해당없음,IT,제조업,정상운영,2020-05-01,4,0.0,-3.0
S0499,H038,합작설립,전문경영인(창업자),연구소기업,해당없음,도매및소매업,정상운영,2022-07-01,2,0.0,-57.0
S0500,H071,단독설립,교수창업,연구소기업,NT,제조업,정상운영,2019-12-01,5,907.0,-10.0
S0501,H017,지분편입(지분매수),기타,연구소기업,BT,정보통신업,정상운영,2016-01-01,8,0.0,-117.0
S0502,H025,단독설립,기타,해당없음,BT,정보통신업,정상운영,2019-06-01,5,0.0,0.0
S0503,H054,지분편입(지분매수),전문경영인(파트너기업겸직파견등),신기술창업전문회사,BT,제조업,투자회수(전액),2021-07-01,3,0.0,0.0
S0504,H049,지분편입(지분매수),교수창업,해당없음,해당없음,정보통신업,정상운영,2020-12-01,4,0.0,-77.0
S0505,H023,지분편입(지분매수),교수창업,연구소기업,IT,제조업,정상운영,2012-09-01,12,0.0,-45.0
S0506,H079,단독설립,교수창업,연구소기업,해당없음,제조업,정상운영,2020-11-01,4,0.0,-73.0
S0507,H073,단독설립,교수창업,해당없음,IT,정보통신업,정상운영,2018-11-01,6,0.0,0.0
S0508,H039,합작설립,교수창업,해당없음,IT,정보통신업,정상운영,2017-08-01,7,1059.0,-50.0
S0509,H052,지분편입(지분매수),교수창업,해당없음,BT,정보통신업,정상운영,2022-07-01,2,0.0,-81.0
S0510,H071,단독설립,학생창업,벤처기업,BT,제조업,정상운영,2019-02-01,5,0.0,-119.0
S0511,H001,지분편입(유상증자),교수창업,연구소기업,NT,제조업,정상운영,2023-02-01,1,418.0,66.0
S0512,H039,단독설립,전문경영인(창업자),벤처기업,IT,전문과학및기술서비스업,정상운영,2023-03-01,1,0.0,-7.0
S0513,H037,단독설립,교수창업,해당없음,해당없음,교육서비스업,정상운영,2008-05-01,16,0.0,-51.0
S0514,H027,지분편입(지분매수),교수창업,연구소기업,BT,제조업,폐업(청산),2018-10-01,6,0.0,0.0
S0515,H056,단독설립,교수창업,해당없음,IT,기타,정상운영,2008-02-01,16,0.0,-1.0
S0516,H075,지분편입(지분매수),학생창업,벤처기업,BT,정보통신업,정상운영,2023-12-01,1,822.0,89.0
S0517,H078,합작설립,교수창업,연구소기업,IT,정보통신업,정상운영,2016-03-01,8,2072.0,-20.0
S0518,H084,단독설립,전문경영인(창업자),해당없음,ET,제조업,정상운영,2021-06-01,3,2200.0,0.0
S0519,H042,지분편입(유상증자),교수창업,해당없음,BT,정보통신업,정상운영,2015-07-01,9,0.0,-123.0
S0520,H060,지분편입(지분매수),전문경영인(창업자),벤처기업,해당없음,전문과학및기술서비스업,정상운영,2016-11-01,8,0.0,-65.0
S0521,H057,단독설립,기타,벤처기업,해당없음,전문과학및기술서비스업,정상운영,2023-06-01,1,0.0,-123.0
S0522,H057,지분편입(지분매수),학생창업,연구소기업,BT,제조업,정상운영,2018-03-01,6,0.0,-108.0
S0523,H028,지분편입(유상증자),전문경영인(파트너기업겸직파견등),벤처기업,IT,전문과학및기술서비스업,정상운영,2016-04-01,8,0.0,-36.0
S0524,H066,지분편입(지분매수),교수창업,연구소기업,해당없음,전문과학및기술서비스업,정상운영,2022-08-01,2,0.0,-129.0
S0525,H061,단독설립,교수창업,이노비즈기업,BT,전문과학및기술서비스업,정상운영,2023-04-01,1,0.0,-125.0
S0526,H022,단독설립,교수창업,연구소기업,IT,정보통신업,정상운영,2016-05-01,8,655.0,-78.0
S0527,H011,합작설립,교수창업,벤처기업,해당없음,정보통신업,정상운영,2022-02-01,2,2170.0,115.0
S0528,H037,단독설립,교수창업,연구소기업,IT,제조업,정상운영,2022-06-01,2,0.0,-38.0
S0529,H066,단독설립,전문경영인(창업자),해당없음,IT,제조업,정상운영,2019-11-01,5,779.0,-41.0
S0530,H082,단독설립,전문경영인(창업자),해당없음,BT,전문과학및기술서비스업,정상운영,2023-12-01,1,0.0,0.0
S0531,H080,단독설립,학생창업,해당없음,IT,제조업,정상운영,2016-02-01,8,0.0,0.0
S0532,H043,단독설립,기타,해당없음,BT,제조업,정상운영,2021-08-01,3,0.0,-131.0
S0533,H012,지분편입(유상증자),학생창업,벤처기업,NT,제조업,정상운영,2023-12-01,1,0.0,-128.0
S0534,H031,지분편입(지분매수),교수창업,연구소기업,IT,도매및소매업,정상운영,2019-08-01,5,0.0,-109.0
S0535,H040,지분편입(지분매수),교수창업,연구소기업,IT,제조업,정상운영,2023-04-01,1,0.0,-130.0
S0536,H029,단독설립,교수창업,해당없음,IT,제조업,정상운영,2021-05-01,3,0.0,-17.0
S0537,H026,합작설립,교수창업,벤처기업,BT,정보통신업,정상운영,2023-06-01,1,0.0,-27.0
S0538,H019,합작설립,교수창업,해당없음,IT,제조업,정상운영,2016-05-01,8,549.0,-104.0
S0539,H004,합작설립,전문경영인(창업자),벤처기업,해당없음,제조업,정상운영,2016-12-01,8,0.0,-61.0
S0540,H006,합작설립,전문경영인(파트너기업겸직파견등),해당없음,ET,제조업,정상운영,2023-08-01,1,0.0,-100.0
S0541,H032,지분편입(지분매수),교수창업,연구소기업,BT,정보통신업,정상운영,2019-06-01,5,0.0,-59.0
S0542,H061,단독설립,교수창업,연구소기업,해당없음,전문과학및기술서비스업,정상운영,2021-08-01,3,0.0,-74.0
S0543,H079,단독설립,교수창업,연구소기업,IT,제조업,투자회수(전액),2018-12-01,6,0.0,0.0
S0544,H010,지분편입(유상증자),기타,연구소기업,ET,정보통신업,정상운영,2022-05-01,2,0.0,-63.0
S0545,H059,지분편입(지분매수),전문경영인(파트너기업겸직파견등),해당없음,BT,도매및소매업,정상운영,2017-10-01,7,0.0,-116.0
S0546,H054,지분편입(지분매수),교수창업,해당없음,해당없음,정보통신업,정상운영,2020-05-01,4,0.0,-145.0
S0547,H081,단독설립,교수창업,해당없음,BT,도매및소매업,정상운영,2023-10-01,1,0.0,-136.0
S0548,H074,단독설립,교수창업,연구소기업,BT,제조업,정상운영,2017-01-01,7,0.0,-40.0
S0549,H025,지분편입(지분매수),전문경영인(파트너기업겸직파견등),연구소기업,ET,정보통신업,정상운영,2019-03-01,5,280.0,2.0
S0550,H050,합작설립,기타,해당없음,BT,제조업,정상운영,2017-03-01,7,0.0,-117.0
S0551,H064,지분편입(유상증자),전문경영인(파트너기업겸직파견등),해당없음,NT,제조업,정상운영,2017-09-01,7,0.0,-144.0
S0552,H052,단독설립,학생창업,해당없음,BT,정보통신업,폐업(청산),2019-05-01,5,0.0,0.0
S0553,H032,지분편입(유상증자),교수창업,연구소기업,IT,제조업,정상운영,2023-01-01,1,0.0,-37.0
S0554,H019,단독설립,전문경영인(창업자),연구소기업,해당없음,제조업,정상운영,2017-04-01,7,1196.0,41.0
S0555,H084,합작설립,교수창업,연구소기업,ET,제조업,정상운영,2020-06-01,4,0.0,-50.0
S0556,H001,합작설립,교수창업,연구소기업,BT,전문과학및기술서비스업,정상운영,2018-10-01,6,173.0,20.0
S0557,H014,단독설립,학생창업,벤처기업,IT,제조업,정상운영,2018-06-01,6,461.0,-28.0
S0558,H055,지분편입(유상증자),교수창업,해당없음,ET,제조업,정상운영,2020-12-01,4,0.0,-82.0
S0559,H029,지분편입(지분매수),전문경영인(창업자),벤처기업,IT,정보통신업,정상운영,2023-05-01,1,0.0,-44.0
S0560,H023,단독설립,전문경영인(창업자),해당없음,해당없음,정보통신업,정상운영,2019-05-01,5,0.0,-124.0
S0561,H067,단독설립,교수창업,해당없음,BT,제조업,정상운영,2023-12-01,1,0.0,-143.0
S0562,H060,합작설립,교수창업,연구소기업,IT,정보통신업,정상운영,2019-03-01,5,0.0,-55.0
S0563,H007,합작설립,교수창업,해당없음,BT,제조업,정상운영,2009-10-01,15,1251.0,6.0
S0564,H072,단독설립,학생창업,연구소기업,IT,제조업,정상운영,2017-11-01,7,0.0,-39.0
S0565,H032,단독설립,전문경영인(파트너기업겸직파견등),해당없음,BT,제조업,정상운영,2016-05-01,8,0.0,0.0
S0566,H016,단독설립,학생창업,연구소기업,IT,정보통신업,정상운영,2019-08-01,5,0.0,-63.0
S0567,H059,단독설립,전문경영인(파트너기업겸직파견등),해당없음,CT,제조업,정상운영,2021-12-01,3,2153.0,-54.0
S0568,H018,단독설립,교수창업,해당없음,IT,전문과학및기술서비스업,정상운영,2020-08-01,4,0.0,-116.0
S0569,H060,지분편입(지분매수),전문경영인(파트너기업겸직파견등),해당없음,ET,정보통신업,정상운영,2021-11-01,3,2084.0,-114.0
S0570,H068,지분편입(지분매수),기타,벤처기업,CT,정보통신업,폐업(청산),2013-05-01,11,0.0,0.0
S0571,H072,지분편입(지분매수),교수창업,연구소기업,NT,전문과학및기술서비스업,정상운영,2017-03-01,7,1342.0,-110.0
S0572,H077,단독설립,전문경영인(창업자),해당없음,IT,제조업,정상운영,2020-12-01,4,185.0,-116.0
S0573,H041,단독설립,교수창업,연구소기업,BT,제조업,정상운영,2016-12-01,8,0.0,-9.0
S0574,H057,단독설립,전문경영인(창업자),연구소기업,해당없음,정보통신업,정상운영,2014-03-01,10,850.0,-127.0
S0575,H079,지분편입(유상증자),학생창업,연구소기업,IT,정보통신업,정상운영,2018-03-01,6,0.0,-98.0
S0576,H065,지분편입(지분매수),교수창업,해당없음,IT,전문과학및기술서비스업,정상운영,2022-10-01,2,0.0,-90.0
S0577,H055,단독설립,무응답,해당없음,해당없음,제조업,정상운영,2022-05-01,2,195.0,-84.0
S0578,H071,단독설립,교수창업,해당없음,BT,제조업,정상운영,2016-07-01,8,0.0,-133.0
S0579,H058,지분편입(지분매수),전문경영인(파트너기업겸직파견등),연구소기업,IT,전문과학및기술서비스업,폐업(청산),2023-05-01,1,0.0,0.0
S0580,H021,단독설립,교수창업,해당없음,IT,전문과학및기술서비스업,폐업(청산),2018-11-01,6,0.0,0.0
S0581,H061,지분편입(지분매수),전문경영인(창업자),연구소기업,BT,제조업,정상운영,2011-04-01,13,1403.0,-106.0
S0582,H058,단독설립,교수창업,연구소기업,IT,전문과학및기술서비스업,정상운영,2020-01-01,4,1241.0,9.0
S0583,H034,지분편입(지분매수),학생창업,이노비즈기업,ET,전문과학및기술서비스업,정상운영,2021-04-01,3,0.0,-115.0
S0584,H032,지분편입(유상증자),교수창업,해당없음,ET,제조업,정상운영,2019-10-01,5,1256.0,-100.0
S0585,H082,합작설립,무응답,벤처기업,IT,교육서비스업,정상운영,2018-05-01,6,358.0,-101.0
S0586,H036,지분편입(지분매수),교수창업,연구소기업,해당없음,제조업,정상운영,2017-03-01,7,712.0,19.0
S0587,H067,합작설립,전문경영인(파트너기업겸직파견등),벤처기업,IT,정보통신업,정상운영,2018-10-01,6,0.0,-119.0
S0588,H063,단독설립,교수창업,해당없음,BT,정보통신업,정상운영,2022-01-01,2,0.0,-118.0
S0589,H081,단독설립,전문경영인(파트너기업겸직파견등),벤처기업,해당없음,전문과학및기술서비스업,정상운영,2020-05-01,4,0.0,0.0
S0590,H031,단독설립,교수창업,해당없음,해당없음,제조업,정상운영,2015-06-01,9,0.0,-14.0
S0591,H036,지분편입(지분매수),전문경영인(창업자),해당없음,IT,제조업,정상운영,2016-12-01,8,0.0,-120.0
S0592,H057,지분편입(지분매수),교수창업,연구소기업,IT,제조업,정상운영,2019-09-01,5,170.0,-100.0
S0593,H010,지분편입(유상증자),교수창업,해당없음,IT,제조업,정상운영,2021-12-01,3,0.0,-114.0
S0594,H037,지분편입(지분매수),전문경영인(창업자),연구소기업,IT,정보통신업,정상운영,2017-09-01,7,0.0,-69.0
S0595,H031,지분편입(지분매수),교수창업,연구소기업,IT,전문과학및기술서비스업,정상운영,2022-07-01,2,1981.0,-40.0
S0596,H035,단독설립,무응답,연구소기업,IT,전문과학및기술서비스업,정상운영,2016-08-01,8,669.0,57.0
S0597,H043,지분편입(지분매수),학생창업,해당없음,ET,정보통신업,정상운영,2023-10-01,1,1593.0,-10.0
S0598,H041,단독설립,전문경영인(창업자),연구소기업,BT,정보통신업,정상운영,2022-03-01,2,0.0,-16.0
S0599,H070,단독설립,전문경영인(파트너기업겸직파견등),연구소기업,IT,교육서비스업,투자회수(전액),2022-06-01,2,0.0,0.0
S0600,H011,합작설립,교수창업,해당없음,해당없음,제조업,정상운영,2019-11-01,5,0.0,134.0
S0601,H018,단독설립,학생창업,연구소기업,BT,제조업,투자회수(전액),2016-03-01,8,0.0,0.0
S0602,H020,지분편입(지분매수),전문경영인(파트너기업겸직파견등),벤처기업,BT,전문과학및기술서비스업,정상운영,2019-10-01,5,1227.0,-81.0
S0603,H030,단독설립,교수창업,벤처기업,IT,전문과학및기술서비스업,정상운영,2021-09-01,3,0.0,-150.0
S0604,H050,단독설립,전문경영인(창업자),해당없음,IT,제조업,정상운영,2021-06-01,3,883.0,-58.0
S0605,H020,합작설립,학생창업,연구소기업,ET,정보통신업,정상운영,2023-09-01,1,1848.0,67.0
S0606,H028,지분편입(지분매수),교수창업,벤처기업,ET,정보통신업,정상운영,2018-06-01,6,0.0,42.0
S0607,H009,합작설립,전문경영인(파트너기업겸직파견등),벤처기업,IT,도매및소매업,정상운영,2020-07-01,4,0.0,-43.0
S0608,H054,단독설립,무응답,해당없음,IT,제조업,정상운영,2011-08-01,13,1766.0,124.0
S0609,H053,합작설립,학생창업,해당없음,NT,제조업,정상운영,2018-11-01,6,989.0,71.0
S0610,H043,지분편입(지분매수),교수창업,벤처기업,ET,제조업,정상운영,2018-03-01,6,1171.0,62.0
S0611,H070,지분편입(유상증자),학생창업,해당없음,IT,제조업,정상운영,2022-09-01,2,1820.0,128.0
S0612,H060,단독설립,학생창업,해당없음,ET,정보통신업,정상운영,2023-08-01,1,0.0,-92.0
S0613,H054,단독설립,무응답,연구소기업,IT,전문과학및기술서비스업,정상운영,2020-03-01,4,0.0,-5.0
S0614,H008,단독설립,교수창업,해당없음,해당없음,제조업,정상운영,2019-08-01,5,373.0,-15.0
S0615,H027,단독설립,교수창업,해당없음,IT,제조업,정상운영,2022-07-01,2,770.0,0.0
S0616,H054,지분편입(지분매수),전문경영인(파트너기업겸직파견등),벤처기업,BT,정보통신업,정상운영,2017-01-01,7,0.0,0.0
S0617,H050,지분편입(지분매수),교수창업,벤처기업,IT,제조업,정상운영,2016-11-01,8,0.0,-38.0
S0618,H075,지분편입(지분매수),교수창업,해당없음,BT,전문과학및기술서비스업,정상운영,2017-02-01,7,1389.0,125.0
S0619,H003,합작설립,전문경영인(창업자),해당없음,IT,제조업,정상운영,2021-06-01,3,0.0,-85.0
S0620,H074,지분편입(지분매수),전문경영인(창업자),연구소기업,IT,제조업,정상운영,2018-04-01,6,2160.0,-118.0
S0621,H049,단독설립,교수창업,연구소기업,CT,제조업,정상운영,2021-05-01,3,2037.0,-81.0
S0622,H062,합작설립,교수창업,해당없음,IT,도매및소매업,정상운영,2017-04-01,7,0.0,-9.0
S0623,H001,단독설립,교수창업,해당없음,BT,정보통신업,정상운영,2020-04-01,4,0.0,-128.0
S0624,H046,합작설립,기타,해당없음,BT,제조업,정상운영,2019-03-01,5,1634.0,-59.0
S0625,H039,합작설립,전문경영인(창업자),해당없음,IT,제조업,정상운영,2019-05-01,5,973.0,-146.0
S0626,H050,지분편입(지분매수),교수창업,해당없음,IT,정보통신업,정상운영,2019-10-01,5,0.0,0.0
S0627,H054,단독설립,교수창업,연구소기업,IT,제조업,정상운영,2020-12-01,4,0.0,-20.0
S0628,H069,단독설립,학생창업,연구소기업,IT,정보통신업,정상운영,2022-02-01,2,1448.0,-16.0
S0629,H070,단독설립,기타,연구소기업,NT,도매및소매업,투자회수(일부),2019-11-01,5,0.0,0.0
S0630,H078,합작설립,교수창업,벤처기업,IT,제조업,정상운영,2023-04-01,1,0.0,-73.0
S0631,H029,합작설립,교수창업,해당없음,IT,정보통신업,정상운영,2023-06-01,1,0.0,-59.0
S0632,H063,단독설립,교수창업,벤처기업,NT,제조업,정상운영,2020-08-01,4,1449.0,88.0
S0633,H029,지분편입(유상증자),교수창업,연구소기업,BT,제조업,정상운영,2017-08-01,7,0.0,-26.0
S0634,H035,단독설립,교수창업,벤처기업,해당없음,전문과학및기술서비스업,정상운영,2016-10-01,8,822.0,-126.0
S0635,H056,단독설립,전문경영인(창업자),벤처기업,IT,전문과학및기술서비스업,정상운영,2022-11-01,2,205.0,-116.0
S0636,H063,합작설립,교수창업,연구소기업,BT,정보통신업,정상운영,2019-01-01,5,56.0,-97.0
S0637,H004,단독설립,전문경영인(창업자),해당없음,IT,전문과학및기술서비스업,정상운영,2013-12-01,11,1197.0,-76.0
S0638,H050,단독설립,교수창업,해당없음,IT,제조업,정상운영,2021-09-01,3,0.0,-144.0
S0639,H044,단독설립,학생창업,연구소기업,ET,정보통신업,정상운영,2019-04-01,5,0.0,-129.0
S0640,H052,지분편입(지분매수),학생창업,해당없음,BT,제조업,정상운영,2020-12-01,4,1030.0,-61.0
S0641,H022,지분편입(지분매수),교수창업,해당없음,해당없음,제조업,정상운영,2023-04-01,1,0.0,-136.0
S0642,H060,단독설립,교수창업,해당없음,IT,제조업,정상운영,2016-06-01,8,0.0,-114.0
S0643,H017,지분편입(지분매수),학생창업,벤처기업,IT,제조업,정상운영,2020-11-01,4,0.0,-102.0
S0644,H080,단독설립,교수창업,연구소기업,해당없음,정보통신업,정상운영,2023-01-01,1,0.0,0.0
S0645,H069,지분편입(유상증자),전문경영인(파트너기업겸직파견등),해당없음,해당없음,정보통신업,정상운영,2022-07-01,2,2222.0,25.0
S0646,H004,합작설립,학생창업,해당없음,ET,제조업,정상운영,2018-11-01,6,0.0,-84.0
S0647,H051,단독설립,교수창업,해당없음,IT,정보통신업,정상운영,2019-02-01,5,727.0,153.0
S0648,H076,단독설립,기타,해당없음,BT,제조업,정상운영,2018-06-01,6,0.0,-67.0
S0649,H073,단독설립,교수창업,해당없음,CT,정보통신업,정상운영,2019-09-01,5,0.0,-89.0
S0650,H004,단독설립,교수창업,벤처기업,IT,제조업,정상운영,2018-02-01,6,0.0,-102.0
S0651,H011,지분편입(유상증자),무응답,벤처기업,BT,도매및소매업,정상운영,2013-05-01,11,0.0,0.0
S0652,H083,지분편입(지분매수),학생창업,해당없음,IT,제조업,정상운영,2023-09-01,1,0.0,-121.0
S0653,H055,지분편입(지분매수),학생창업,해당없음,BT,전문과학및기술서비스업,정상운영,2021-09-01,3,0.0,-123.0
S0654,H018,합작설립,전문경영인(창업자),연구소기업,ET,제조업,정상운영,2016-12-01,8,0.0,-41.0
S0655,H060,합작설립,교수창업,연구소기업,IT,제조업,정상운영,2019-09-01,5,0.0,-1.0
S0656,H024,지분편입(지분매수),교수창업,벤처기업,IT,정보통신업,정상운영,2018-02-01,6,0.0,-94.0
S0657,H007,단독설립,교수창업,연구소기업,해당없음,제조업,정상운영,2016-01-01,8,216.0,-109.0
S0658,H034,합작설립,학생창업,연구소기업,IT,제조업,정상운영,2018-08-01,6,545.0,-53.0
S0659,H049,단독설립,전문경영인(창업자),해당없음,IT,전문과학및기술서비스업,정상운영,2020-10-01,4,0.0,140.0
S0660,H042,지분편입(유상증자),교수창업,연구소기업,해당없음,제조업,정상운영,2021-09-01,3,42.0,-121.0
S0661,H028,지분편입(지분매수),학생창업,연구소기업,BT,정보통신업,정상운영,2009-04-01,15,1618.0,137.0
S0662,H059,지분편입(지분매수),학생창업,해당없음,BT,전문과학및기술서비스업,정상운영,2020-04-01,4,0.0,-149.0
S0663,H042,단독설립,전문경영인(창업자),연구소기업,NT,도매및소매업,정상운영,2023-05-01,1,0.0,-67.0
S0664,H044,지분편입(지분매수),교수창업,벤처기업,IT,제조업,정상운영,2021-12-01,3,149.0,103.0
S0665,H049,지분편입(지분매수),교수창업,연구소기업,BT,정보통신업,휴업,2017-03-01,7,0.0,0.0
S0666,H036,단독설립,교수창업,연구소기업,IT,정보통신업,정상운영,2022-12-01,2,33.0,-110.0
S0667,H054,단독설립,전문경영인(파트너기업겸직파견등),연구소기업,IT,제조업,정상운영,2018-11-01,6,0.0,-15.0
S0668,H033,단독설립,전문경영인(파트너기업겸직파견등),연구소기업,BT,도매및소매업,정상운영,2020-04-01,4,2052.0,2.0
S0669,H011,지분편입(지분매수),교수창업,연구소기업,IT,정보통신업,정상운영,2016-04-01,8,0.0,-26.0
S0670,H061,합작설립,교수창업,해당없음,IT,정보통신업,투자회수(일부),2022-12-01,2,0.0,0.0
S0671,H003,지분편입(지분매수),전문경영인(파트너기업겸직파견등),해당없음,NT,전문과학및기술서비스업,정상운영,2018-12-01,6,0.0,-23.0
S0672,H070,단독설립,학생창업,해당없음,IT,전문과학및기술서비스업,정상운영,2015-08-01,9,0.0,-51.0
S0673,H007,단독설립,기타,해당없음,해당없음,도매및소매업,정상운영,2022-03-01,2,107.0,89.0
S0674,H045,지분편입(지분매수),교수창업,연구소기업,BT,도매및소매업,정상운영,2022-01-01,2,0.0,-74.0
S0675,H029,단독설립,교수창업,연구소기업,해당없음,제조업,정상운영,2019-10-01,5,0.0,-21.0
S0676,H084,지분편입(유상증자),학생창업,연구소기업,IT,제조업,정상운영,2016-05-01,8,0.0,-31.0
S0677,H009,합작설립,교수창업,연구소기업,ET,제조업,투자회수(전액),2016-09-01,8,0.0,0.0
S0678,H084,지분편입(지분매수),교수창업,해당없음,BT,제조업,정상운영,2012-05-01,12,0.0,-72.0
S0679,H006,지분편입(지분매수),교수창업,벤처기업,BT,전문과학및기술서비스업,정상운영,2021-02-01,3,0.0,-118.0
S0680,H004,단독설립,전문경영인(파트너기업겸직파견등),기타,BT,전문과학및기술서비스업,정상운영,2022-12-01,2,0.0,-132.0
S0681,H032,단독설립,교수창업,해당없음,NT,정보통신업,정상운영,2021-04-01,3,119.0,78.0
S0682,H026,지분편입(지분매수),전문경영인(파트너기업겸직파견등),벤처기업,BT,전문과학및기술서비스업,정상운영,2019-12-01,5,0.0,-11.0
S0683,H003,단독설립,학생창업,해당없음,IT,제조업,정상운영,2018-02-01,6,2041.0,0.0
S0684,H080,단독설립,학생창업,연구소기업,BT,제조업,정상운영,2021-03-01,3,0.0,-45.0
S0685,H020,단독설립,교수창업,벤처기업,ET,제조업,정상운영,2017-09-01,7,0.0,-93.0
S0686,H031,합작설립,기타,벤처기업,IT,제조업,정상운영,2021-05-01,3,0.0,-30.0
S0687,H017,합작설립,교수창업,해당없음,BT,정보통신업,폐업(청산),2020-01-01,4,0.0,0.0
S0688,H061,단독설립,전문경영인(창업자),해당없음,해당없음,전문과학및기술서비스업,정상운영,2023-04-01,1,0.0,-90.0
S0689,H015,단독설립,교수창업,연구소기업,IT,제조업,정상운영,2020-04-01,4,2172.0,-142.0
S0690,H073,합작설립,교수창업,해당없음,ET,제조업,정상운영,2023-04-01,1,2256.0,148.0
S0691,H028,지분편입(지분매수),교수창업,연구소기업,해당없음,전문과학및기술서비스업,정상운영,2019-10-01,5,1476.0,118.0
S0692,H060,단독설립,교수창업,연구소기업,BT,정보통신업,정상운영,2021-10-01,3,0.0,-69.0
S0693,H033,단독설립,교수창업,해당없음,ET,제조업,정상운영,2017-08-01,7,0.0,-111.0
S0694,H048,지분편입(지분매수),교수창업,연구소기업,IT,교육서비스업,정상운영,2023-08-01,1,0.0,-86.0
S0695,H022,단독설립,교수창업,해당없음,IT,정보통신업,정상운영,2016-02-01,8,0.0,-122.0
S0696,H078,합작설립,전문경영인(창업자),해당없음,IT,제조업,정상운영,2023-09-01,1,0.0,-95.0
S0697,H078,단독설립,무응답,벤처기업,BT,제조업,정상운영,2023-01-01,1,0.0,-7.0
S0698,H015,지분편입(유상증자),전문경영인(창업자),해당없음,해당없음,전문과학및기술서비스업,정상운영,2017-06-01,7,387.0,-62.0
S0699,H021,단독설립,교수창업,연구소기업,BT,제조업,정상운영,2019-11-01,5,0.0,0.0
S0700,H040,단독설립,전문경영인(창업자),벤처기업,BT,정보통신업,정상운영,2012-02-01,12,0.0,-66.0
S0701,H014,합작설립,교수창업,연구소기업,IT,정보통신업,정상운영,2015-04-01,9,0.0,-119.0
S0702,H075,단독설립,교수창업,벤처기업,IT,제조업,정상운영,2022-08-01,2,0.0,-70.0
S0703,H004,지분편입(유상증자),학생창업,해당없음,IT,정보통신업,정상운영,2019-02-01,5,0.0,-98.0
S0704,H040,단독설립,학생창업,연구소기업,IT,제조업,정상운영,2022-08-01,2,0.0,-82.0
S0705,H074,단독설립,학생창업,연구소기업,IT,제조업,정상운영,2018-02-01,6,0.0,-49.0
S0706,H049,지분편입(지분매수),전문경영인(창업자),연구소기업,IT,전문과학및기술서비스업,정상운영,2017-08-01,7,0.0,-94.0
S0707,H051,단독설립,전문경영인(파트너기업겸직파견등),벤처기업,IT,제조업,정상운영,2022-04-01,2,0.0,0.0
S0708,H026,단독설립,교수창업,연구소기업,CT,정보통신업,정상운영,2021-02-01,3,0.0,-146.0
S0709,H010,지분편입(지분매수),전문경영인(창업자),해당없음,ET,제조업,정상운영,2022-09-01,2,0.0,-62.0
S0710,H076,단독설립,학생창업,연구소기업,IT,제조업,정상운영,2017-10-01,7,0.0,-88.0
S0711,H081,지분편입(지분매수),학생창업,해당없음,IT,교육서비스업,정상운영,2023-04-01,1,0.0,0.0
S0712,H032,지분편입(지분매수),학생창업,해당없음,해당없음,전문과학및기술서비스업,정상운영,2023-10-01,1,0.0,-27.0
S0713,H014,단독설립,교수창업,연구소기업,BT,제조업,정상운영,2022-08-01,2,1045.0,76.0
S0714,H039,합작설립,학생창업,연구소기업,BT,정보통신업,정상운영,2019-05-01,5,0.0,0.0
S0715,H077,지분편입(유상증자),학생창업,연구소기업,IT,제조업,정상운영,2020-10-01,4,0.0,-148.0
S0716,H016,지분편입(지분매수),전문경영인(창업자),연구소기업,IT,도매및소매업,정상운영,2019-01-01,5,0.0,-141.0
S0717,H073,단독설립,기타,벤처기업,NT,제조업,정상운영,2018-10-01,6,0.0,-22.0
S0718,H006,지분편입(지분매수),학생창업,해당없음,IT,제조업,정상운영,2023-07-01,1,0.0,-88.0
S0719,H045,지분편입(지분매수),교수창업,연구소기업,IT,제조업,정상운영,2021-02-01,3,1162.0,0.0
S0720,H069,합작설립,학생창업,연구소기업,IT,기타,정상운영,2020-12-01,4,0.0,-89.0
S0721,H055,지분편입(지분매수),기타,연구소기업,IT,제조업,정상운영,2021-08-01,3,448.0,0.0
S0722,H048,합작설립,전문경영인(창업자),연구소기업,NT,전문과학및기술서비스업,투자회수(전액),2016-11-01,8,0.0,0.0
S0723,H009,합작설립,전문경영인(창업자),연구소기업,BT,정보통신업,정상운영,2018-04-01,6,1974.0,63.0
S0724,H065,단독설립,교수창업,벤처기업,IT,정보통신업,정상운영,2018-10-01,6,187.0,-3.0
S0725,H083,단독설립,전문경영인(창업자),해당없음,BT,정보통신업,정상운영,2021-11-01,3,754.0,-91.0
S0726,H044,지분편입(지분매수),학생창업,연구소기업,IT,전문과학및기술서비스업,정상운영,2023-10-01,1,666.0,83.0
S0727,H002,지분편입(유상증자),교수창업,연구소기업,ET,제조업,정상운영,2021-08-01,3,0.0,-132.0
S0728,H054,지분편입(지분매수),학생창업,벤처기업,IT,정보통신업,폐업(청산),2019-01-01,5,0.0,0.0
S0729,H063,지분편입(지분매수),전문경영인(창업자),벤처기업,IT,제조업,투자회수(전액),2021-05-01,3,0.0,0.0
S0730,H014,단독설립,전문경영인(창업자),연구소기업,BT,정보통신업,정상운영,2019-07-01,5,3599.0,76.0
S0731,H056,단독설립,교수창업,연구소기업,BT,전문과학및기술서비스업,정상운영,2019-10-01,5,94.0,0.0
S0732,H047,단독설립,무응답,벤처기업,BT,제조업,투자회수(전액),2018-05-01,6,0.0,0.0
S0733,H082,지분편입(지분매수),기타,해당없음,IT,전문과학및기술서비스업,정상운영,2021-08-01,3,0.0,-2.0
S0734,H059,지분편입(지분매수),교수창업,해당없음,CT,제조업,정상운영,2018-11-01,6,518.0,28.0
S0735,H020,지분편입(지분매수),전문경영인(창업자),벤처기업,IT,전문과학및기술서비스업,정상운영,2019-03-01,5,1981.0,88.0
S0736,H056,지분편입(지분매수),기타,기타,BT,전문과학및기술서비스업,정상운영,2017-06-01,7,739.0,-104.0
S0737,H023,합작설립,학생창업,벤처기업,BT,제조업,정상운영,2022-09-01,2,2228.0,-25.0
S0738,H067,합작설립,전문경영인(창업자),해당없음,IT,전문과학및기술서비스업,정상운영,2017-08-01,7,2080.0,146.0
S0739,H084,합작설립,교수창업,연구소기업,ET,도매및소매업,정상운영,2008-09-01,16,140.0,0.0
S0740,H035,합작설립,교수창업,해당없음,IT,제조업,정상운영,2022-05-01,2,0.0,-62.0
S0741,H079,지분편입(지분매수),전문경영인(파트너기업겸직파견등),벤처기업,해당없음,정보통신업,정상운영,2023-11-01,1,0.0,0.0
S0742,H069,단독설립,교수창업,벤처기업,BT,정보통신업,폐업(청산),2021-05-01,3,0.0,0.0
S0743,H062,합작설립,교수창업,해당없음,ET,제조업,정상운영,2018-05-01,6,0.0,10.0
S0744,H060,단독설립,교수창업,해당없음,해당없음,제조업,정상운영,2012-09-01,12,1147.0,14.0
S0745,H056,지분편입(유상증자),교수창업,벤처기업,IT,정보통신업,정상운영,2014-04-01,10,0.0,-18.0
S0746,H076,합작설립,기타,연구소기업,BT,제조업,정상운영,2016-06-01,8,848.0,0.0
S0747,H035,지분편입(지분매수),전문경영인(창업자),해당없음,BT,제조업,정상운영,2017-05-01,7,1849.0,6.0
S0748,H042,합작설립,전문경영인(창업자),연구소기업,IT,정보통신업,정상운영,2009-11-01,15,323.0,17.0
S0749,H032,지분편입(지분매수),교수창업,연구소기업,IT,전문과학및기술서비스업,정상운영,2023-09-01,1,2127.0,-116.0
S0750,H012,지분편입(지분매수),전문경영인(창업자),해당없음,IT,정보통신업,정상운영,2020-09-01,4,344.0,-60.0
S0751,H036,단독설립,무응답,연구소기업,BT,정보통신업,정상운영,2022-05-01,2,0.0,-107.0
S0752,H058,지분편입(지분매수),교수창업,연구소기업,ET,전문과학및기술서비스업,정상운영,2016-11-01,8,174.0,-12.0
S0753,H032,단독설립,기타,연구소기업,BT,제조업,정상운영,2023-08-01,1,0.0,-95.0
S0754,H060,단독설립,교수창업,해당없음,IT,제조업,정상운영,2018-02-01,6,0.0,-95.0
S0755,H073,지분편입(지분매수),전문경영인(창업자),벤처기업,IT,제조업,정상운영,2023-03-01,1,0.0,-94.0
S0756,H079,합작설립,학생창업,벤처기업,BT,제조업,정상운영,2017-08-01,7,0.0,-97.0
S0757,H049,단독설립,학생창업,기타,IT,제조업,정상운영,2020-01-01,4,0.0,-126.0
S0758,H044,단독설립,기타,신기술창업전문회사,IT,정보통신업,정상운영,2022-06-01,2,39.0,0.0
S0759,H004,지분편입(유상증자),전문경영인(창업자),벤처기업,BT,정보통신업,정상운영,2021-09-01,3,0.0,-18.0
S0760,H064,합작설립,학생창업,벤처기업,IT,제조업,정상운영,2012-08-01,12,944.0,-48.0
S0761,H042,단독설립,기타,해당없음,해당없음,정보통신업,폐업(청산),2018-08-01,6,0.0,0.0
S0762,H024,지분편입(유상증자),전문경영인(파트너기업겸직파견등),신기술창업전문회사,BT,제조업,정상운영,2020-03-01,4,179.0,-61.0
S0763,H063,지분편입(유상증자),학생창업,해당없음,IT,전문과학및기술서비스업,폐업(청산),2011-03-01,13,0.0,0.0
S0764,H028,단독설립,학생창업,해당없음,해당없음,제조업,정상운영,2020-02-01,4,0.0,-20.0
S0765,H046,합작설립,학생창업,벤처기업,해당없음,도매및소매업,정상운영,2018-07-01,6,0.0,-97.0
S0766,H034,지분편입(유상증자),전문경영인(창업자),연구소기업,IT,전문과학및기술서비스업,정상운영,2023-11-01,1,0.0,-96.0
S0767,H044,지분편입(지분매수),교수창업,해당없음,해당없음,제조업,정상운영,2013-05-01,11,2059.0,11.0
S0768,H036,단독설립,전문경영인(파트너기업겸직파견등),해당없음,IT,제조업,정상운영,2022-02-01,2,0.0,-127.0
S0769,H077,합작설립,전문경영인(창업자),해당없음,BT,정보통신업,정상운영,2019-08-01,5,70.0,139.0
S0770,H036,단독설립,전문경영인(파트너기업겸직파견등),연구소기업,BT,제조업,정상운영,2018-06-01,6,0.0,-63.0
S0771,H072,합작설립,교수창업,해당없음,BT,정보통신업,정상운영,2023-11-01,1,0.0,-128.0
S0772,H002,지분편입(유상증자),교수창업,벤처기업,ET,전문과학및기술서비스업,정상운영,2020-11-01,4,0.0,-86.0
S0773,H067,지분편입(유상증자),교수창업,벤처기업,BT,제조업,정상운영,2010-09-01,14,0.0,-43.0
S0774,H025,단독설립,교수창업,해당없음,NT,제조업,정상운영,2016-03-01,8,388.0,24.0
S0775,H011,합작설립,교수창업,연구소기업,IT,제조업,정상운영,2020-04-01,4,0.0,-112.0
S0776,H031,지분편입(지분매수),교수창업,해당없음,해당없음,정보통신업,정상운영,2023-02-01,1,171.0,153.0
S0777,H053,지분편입(지분매수),교수창업,해당없음,해당없음,도매및소매업,정상운영,2019-04-01,5,397.0,-17.0
S0778,H063,단독설립,전문경영인(창업자),벤처기업,BT,교육서비스업,정상운영,2021-04-01,3,1132.0,-117.0
S0779,H072,단독설립,전문경영인(파트너기업겸직파견등),연구소기업,BT,제조업,정상운영,2018-05-01,6,399.0,123.0
S0780,H031,단독설립,학생창업,벤처기업,해당없음,전문과학및기술서비스업,정상운영,2021-09-01,3,0.0,-62.0
S0781,H061,지분편입(유상증자),교수창업,해당없음,BT,정보통신업,정상운영,2019-05-01,5,0.0,-4.0
S0782,H083,지분편입(지분매수),학생창업,연구소기업,IT,제조업,정상운영,2020-06-01,4,658.0,148.0
S0783,H063,지분편입(유상증자),교수창업,해당없음,BT,제조업,정상운영,2021-09-01,3,0.0,-146.0
S0784,H058,지분편입(유상증자),학생창업,해당없음,ET,도매및소매업,정상운영,2016-08-01,8,1431.0,-59.0
S0785,H003,단독설립,교수창업,연구소기업,NT,제조업,정상운영,2018-02-01,6,370.0,21.0
S0786,H012,단독설립,교수창업,해당없음,BT,제조업,정상운영,2020-11-01,4,0.0,0.0
S0787,H038,지분편입(지분매수),교수창업,벤처기업,IT,제조업,정상운영,2016-05-01,8,0.0,25.0
S0788,H029,합작설립,전문경영인(창업자),벤처기업,ET,제조업,정상운영,2022-10-01,2,0.0,-110.0
S0789,H052,단독설립,교수창업,연구소기업,IT,정보통신업,정상운영,2019-04-01,5,0.0,-144.0
S0790,H032,지분편입(지분매수),교수창업,벤처기업,IT,제조업,정상운영,2021-10-01,3,1804.0,-92.0
S0791,H040,합작설립,학생창업,연구소기업,IT,제조업,투자회수(전액),2023-11-01,1,0.0,0.0
S0792,H075,단독설립,학생창업,연구소기업,BT,전문과학및기술서비스업,휴업,2009-03-01,15,0.0,0.0
S0793,H048,합작설립,전문경영인(창업자),해당없음,IT,정보통신업,정상운영,2023-06-01,1,0.0,-6.0
S0794,H061,단독설립,교수창업,연구소기업,IT,정보통신업,정상운영,2020-03-01,4,0.0,-123.0
S0795,H071,단독설립,교수창업,연구소기업,IT,전문과학및기술서비스업,정상운영,2018-04-01,6,215.0,33.0
S0796,H068,단독설립,학생창업,벤처기업,IT,교육서비스업,정상운영,2019-07-01,5,0.0,0.0
S0797,H045,지분편입(지분매수),전문경영인(창업자),해당없음,IT,전문과학및기술서비스업,정상운영,2023-03-01,1,119.0,149.0
S0798,H055,단독설립,기타,해당없음,해당없음,전문과학및기술서비스업,정상운영,2008-03-01,16,0.0,-25.0
S0799,H071,단독설립,기타,연구소기업,BT,제조업,정상운영,2011-10-01,13,864.0,0.0
S0800,H043,지분편입(지분매수),교수창업,벤처기업,IT,정보통신업,정상운영,2023-11-01,1,486.0,21.0
S0801,H046,지분편입(지분매수),교수창업,연구소기업,BT,제조업,정상운영,2023-03-01,1,0.0,-138.0
S0802,H059,단독설립,전문경영인(창업자),연구소기업,IT,제조업,정상운영,2017-06-01,7,1973.0,-70.0
S0803,H035,지분편입(지분매수),전문경영인(파트너기업겸직파견등),해당없음,BT,도매및소매업,정상운영,2019-09-01,5,1395.0,31.0
S0804,H040,단독설립,기타,벤처기업,BT,정보통신업,정상운영,2021-08-01,3,391.0,84.0
S0805,H033,단독설립,전문경영인(창업자),해당없음,ET,제조업,정상운영,2020-11-01,4,0.0,-75.0
S0806,H030,합작설립,전문경영인(창업자),벤처기업,BT,제조업,정상운영,2018-10-01,6,67.0,0.0
S0807,H016,지분편입(지분매수),교수창업,연구소기업,IT,전문과학및기술서비스업,투자회수(전액),2023-07-01,1,0.0,0.0
S0808,H025,지분편입(지분매수),전문경영인(창업자),벤처기업,BT,정보통신업,정상운영,2023-12-01,1,752.0,-46.0
S0809,H041,합작설립,전문경영인(파트너기업겸직파견등),벤처기업,IT,정보통신업,정상운영,2021-05-01,3,0.0,-125.0
S0810,H016,단독설립,학생창업,벤처기업,IT,제조업,정상운영,2019-04-01,5,0.0,0.0
S0811,H069,단독설립,교수창업,해당없음,IT,제조업,정상운영,2022-05-01,2,0.0,-89.0
S0812,H024,단독설립,전문경영인(창업자),해당없음,BT,제조업,정상운영,2017-08-01,7,0.0,-87.0
S0813,H025,단독설립,전문경영인(파트너기업겸직파견등),연구소기업,BT,전문과학및기술서비스업,정상운영,2019-05-01,5,0.0,-85.0
S0814,H028,단독설립,교수창업,해당없음,IT,전문과학및기술서비스업,정상운영,2019-06-01,5,0.0,-110.0
S0815,H062,지분편입(지분매수),학생창업,해당없음,BT,제조업,정상운영,2018-03-01,6,1359.0,-67.0
S0816,H036,단독설립,전문경영인(창업자),연구소기업,NT,제조업,정상운영,2016-05-01,8,0.0,0.0
S0817,H076,합작설립,전문경영인(창업자),벤처기업,NT,제조업,정상운영,2015-06-01,9,0.0,-108.0
S0818,H068,지분편입(지분매수),기타,벤처기업,IT,정보통신업,정상운영,2022-12-01,2,0.0,-12.0
S0819,H077,단독설립,기타,해당없음,IT,정보통신업,정상운영,2015-06-01,9,1278.0,-104.0
S0820,H037,단독설립,무응답,벤처기업,BT,정보통신업,정상운영,2021-12-01,3,0.0,-72.0
S0821,H013,지분편입(지분매수),학생창업,해당없음,NT,제조업,기타,2008-06-01,16,0.0,0.0
S0822,H025,지분편입(유상증자),기타,벤처기업,BT,도매및소매업,정상운영,2023-08-01,1,2004.0,-23.0
S0823,H038,지분편입(지분매수),교수창업,해당없음,IT,제조업,투자회수(전액),2019-05-01,5,0.0,0.0
S0824,H030,단독설립,전문경영인(파트너기업겸직파견등),연구소기업,NT,제조업,정상운영,2020-07-01,4,0.0,-72.0
S0825,H047,합작설립,교수창업,연구소기업,BT,전문과학및기술서비스업,정상운영,2023-10-01,1,689.0,0.0
S0826,H023,지분편입(지분매수),교수창업,연구소기업,ET,제조업,정상운영,2009-07-01,15,0.0,0.0
S0827,H039,지분편입(지분매수),기타,해당없음,IT,제조업,정상운영,2018-07-01,6,1058.0,-85.0
S0828,H002,지분편입(지분매수),전문경영인(파트너기업겸직파견등),벤처기업,IT,기타,정상운영,2014-01-01,10,0.0,-68.0
S0829,H069,지분편입(지분매수),학생창업,연구소기업,NT,제조업,정상운영,2014-07-01,10,0.0,-126.0
S0830,H017,단독설립,학생창업,연구소기업,BT,제조업,정상운영,2021-01-01,3,0.0,-97.0
S0831,H036,단독설립,전문경영인(창업자),벤처기업,IT,전문과학및기술서비스업,폐업(청산),2021-07-01,3,0.0,0.0
S0832,H006,합작설립,교수창업,해당없음,ET,전문과학및기술서비스업,정상운영,2020-06-01,4,911.0,-44.0
S0833,H007,지분편입(지분매수),교수창업,벤처기업,IT,전문과학및기술서비스업,정상운영,2011-11-01,13,0.0,-57.0
S0834,H071,합작설립,교수창업,해당없음,NT,전문과학및기술서비스업,정상운영,2013-03-01,11,1044.0,-67.0
S0835,H038,합작설립,전문경영인(파트너기업겸직파견등),연구소기업,BT,제조업,정상운영,2021-08-01,3,1963.0,-20.0
S0836,H017,합작설립,교수창업,벤처기업,BT,제조업,정상운영,2021-05-01,3,0.0,-65.0
S0837,H082,지분편입(지분매수),전문경영인(창업자),연구소기업,BT,제조업,정상운영,2023-01-01,1,1255.0,136.0
S0838,H063,단독설립,교수창업,연구소기업,IT,제조업,정상운영,2023-12-01,1,0.0,-33.0
S0839,H014,합작설립,학생창업,연구소기업,해당없음,정보통신업,정상운영,2023-04-01,1,0.0,-39.0
S0840,H002,단독설립,교수창업,벤처기업,IT,교육서비스업,정상운영,2022-04-01,2,0.0,-22.0
S0841,H074,합작설립,교수창업,연구소기업,IT,정보통신업,정상운영,2021-11-01,3,1268.0,-148.0
S0842,H037,지분편입(지분매수),전문경영인(창업자),벤처기업,IT,제조업,정상운영,2022-12-01,2,523.0,-148.0
S0843,H061,단독설립,기타,해당없음,BT,정보통신업,정상운영,2023-05-01,1,2172.0,-10.0
S0844,H062,지분편입(유상증자),교수창업,해당없음,BT,제조업,정상운영,2021-05-01,3,0.0,-79.0
S0845,H057,단독설립,기타,연구소기업,CT,정보통신업,정상운영,2012-06-01,12,1834.0,61.0
S0846,H044,합작설립,학생창업,연구소기업,해당없음,제조업,정상운영,2019-01-01,5,0.0,-78.0
S0847,H024,합작설립,교수창업,연구소기업,IT,정보통신업,정상운영,2017-06-01,7,1422.0,-117.0
S0848,H007,지분편입(지분매수),학생창업,해당없음,NT,제조업,정상운영,2021-07-01,3,0.0,-130.0
S0849,H033,단독설립,교수창업,벤처기업,ET,정보통신업,정상운영,2016-07-01,8,1438.0,-139.0
S0850,H062,단독설립,전문경영인(창업자),벤처기업,BT,도매및소매업,정상운영,2023-06-01,1,0.0,0.0
S0851,H015,단독설립,교수창업,벤처기업,IT,교육서비스업,투자회수(일부),2011-09-01,13,0.0,0.0
S0852,H009,지분편입(지분매수),교수창업,해당없음,IT,제조업,정상운영,2016-09-01,8,0.0,-42.0
S0853,H052,지분편입(지분매수),전문경영인(창업자),벤처기업,해당없음,제조업,정상운영,2017-12-01,7,0.0,-149.0
S0854,H063,지분편입(지분매수),교수창업,연구소기업,NT,도매및소매업,정상운영,2021-04-01,3,0.0,-78.0
S0855,H010,합작설립,전문경영인(창업자),해당없음,NT,제조업,정상운영,2022-04-01,2,625.0,-32.0
S0856,H074,합작설립,기타,연구소기업,BT,정보통신업,정상운영,2018-10-01,6,0.0,-120.0
S0857,H081,지분편입(지분매수),교수창업,벤처기업,해당없음,제조업,정상운영,2020-09-01,4,2049.0,9.0
S0858,H007,단독설립,기타,연구소기업,해당없음,전문과학및기술서비스업,정상운영,2016-08-01,8,56.0,47.0
S0859,H020,단독설립,학생창업,기타,IT,제조업,정상운영,2023-05-01,1,1852.0,33.0
S0860,H020,합작설립,교수창업,해당없음,NT,제조업,정상운영,2020-02-01,4,0.0,-47.0
S0861,H073,단독설립,교수창업,해당없음,BT,기타,정상운영,2022-02-01,2,0.0,-37.0
S0862,H039,지분편입(지분매수),기타,연구소기업,BT,제조업,투자회수(전액),2019-04-01,5,0.0,0.0
S0863,H011,단독설립,교수창업,벤처기업,해당없음,제조업,정상운영,2022-03-01,2,844.0,0.0
S0864,H032,단독설립,교수창업,해당없음,해당없음,제조업,정상운영,2019-06-01,5,0.0,-133.0
S0865,H016,지분편입(유상증자),학생창업,연구소기업,IT,정보통신업,정상운영,2023-12-01,1,1269.0,-8.0
S0866,H072,지분편입(지분매수),기타,벤처기업,해당없음,전문과학및기술서비스업,정상운영,2023-08-01,1,0.0,-126.0
S0867,H054,단독설립,전문경영인(파트너기업겸직파견등),해당없음,BT,제조업,정상운영,2023-12-01,1,0.0,-45.0
S0868,H078,단독설립,교수창업,해당없음,CT,전문과학및기술서비스업,투자회수(일부),2019-10-01,5,0.0,0.0
S0869,H077,지분편입(유상증자),전문경영인(창업자),해당없음,NT,제조업,정상운영,2016-08-01,8,0.0,-113.0
S0870,H080,합작설립,교수창업,벤처기업,IT,정보통신업,정상운영,2022-01-01,2,0.0,-56.0
S0871,H029,지분편입(지분매수),전문경영인(파트너기업겸직파견등),해당없음,BT,정보통신업,정상운영,2016-11-01,8,0.0,-3.0
S0872,H067,지분편입(지분매수),전문경영인(창업자),벤처기업,BT,정보통신업,정상운영,2023-07-01,1,291.0,48.0
S0873,H049,합작설립,전문경영인(창업자),해당없음,해당없음,교육서비스업,정상운영,2017-12-01,7,0.0,-3.0
S0874,H058,단독설립,전문경영인(창업자),연구소기업,BT,정보통신업,정상운영,2019-12-01,5,2257.0,-35.0
S0875,H057,지분편입(유상증자),학생창업,연구소기업,IT,제조업,정상운영,2019-08-01,5,0.0,-80.0
S0876,H039,지분편입(지분매수),전문경영인(파트너기업겸직파견등),연구소기업,IT,기타,정상운영,2021-04-01,3,0.0,-135.0
S0877,H076,지분편입(유상증자),교수창업,해당없음,BT,정보통신업,정상운영,2020-05-01,4,0.0,-20.0
S0878,H055,단독설립,교수창업,해당없음,IT,도매및소매업,정상운영,2023-10-01,1,2197.0,-61.0
S0879,H040,단독설립,교수창업,연구소기업,IT,전문과학및기술서비스업,정상운영,2018-10-01,6,0.0,0.0
S0880,H073,단독설립,교수창업,연구소기업,IT,정보통신업,정상운영,2022-07-01,2,0.0,-40.0
S0881,H080,합작설립,전문경영인(파트너기업겸직파견등),벤처기업,IT,전문과학및기술서비스업,정상운영,2023-01-01,1,0.0,-10.0
S0882,H008,지분편입(지분매수),학생창업,기타,IT,제조업,정상운영,2017-02-01,7,0.0,-146.0
S0883,H079,지분편입(지분매수),무응답,해당없음,해당없음,제조업,정상운영,2016-01-01,8,0.0,-42.0
S0884,H013,단독설립,학생창업,연구소기업,IT,제조업,정상운영,2016-11-01,8,0.0,-69.0
S0885,H027,지분편입(지분매수),교수창업,연구소기업,BT,교육서비스업,투자회수(전액),2012-06-01,12,0.0,0.0
S0886,H081,지분편입(유상증자),기타,연구소기업,IT,전문과학및기술서비스업,폐업(청산),2019-05-01,5,0.0,0.0
S0887,H028,지분편입(유상증자),학생창업,벤처기업,해당없음,제조업,정상운영,2022-09-01,2,0.0,-121.0
S0888,H034,지분편입(지분매수),학생창업,연구소기업,IT,정보통신업,정상운영,2020-06-01,4,224.0,-119.0
S0889,H011,단독설립,전문경영인(파트너기업겸직파견등),연구소기업,CT,제조업,정상운영,2019-08-01,5,0.0,-144.0
S0890,H021,지분편입(유상증자),교수창업,연구소기업,IT,정보통신업,정상운영,2018-05-01,6,0.0,-114.0
S0891,H031,지분편입(지분매수),전문경영인(창업자),연구소기업,IT,전문과학및기술서비스업,정상운영,2013-02-01,11,234.0,-46.0
S0892,H023,지분편입(지분매수),전문경영인(창업자),연구소기업,해당없음,제조업,정상운영,2017-08-01,7,0.0,-14.0
S0893,H071,단독설립,교수창업,해당없음,IT,제조업,정상운영,2023-03-01,1,0.0,-148.0
S0894,H010,단독설립,학생창업,해당없음,IT,전문과학및기술서비스업,폐업(청산),2017-12-01,7,0.0,0.0
S0895,H021,지분편입(지분매수),교수창업,연구소기업,IT,제조업,정상운영,2019-02-01,5,0.0,-149.0
S0896,H001,단독설립,기타,벤처기업,IT,제조업,정상운영,2018-06-01,6,163.0,-4.0
S0897,H053,합작설립,기타,연구소기업,IT,정보통신업,정상운영,2020-12-01,4,2216.0,-116.0
S0898,H058,단독설립,교수창업,해당없음,IT,기타,정상운영,2022-07-01,2,1386.0,-52.0
S0899,H077,지분편입(지분매수),학생창업,벤처기업,해당없음,제조업,정상운영,2022-03-01,2,431.0,-99.0
S0900,H061,단독설립,기타,해당없음,IT,정보통신업,정상운영,2018-03-01,6,0.0,-25.0
S0901,H038,지분편입(지분매수),기타,연구소기업,IT,제조업,정상운영,2015-10-01,9,0.0,-3.0
S0902,H005,합작설립,교수창업,벤처기업,ET,제조업,정상운영,2014-05-01,10,316.0,26.0
S0903,H030,단독설립,교수창업,연구소기업,BT,전문과학및기술서비스업,정상운영,2020-10-01,4,621.0,-141.0
S0904,H037,지분편입(유상증자),전문경영인(창업자),벤처기업,IT,제조업,정상운영,2018-04-01,6,0.0,-109.0
S0905,H037,합작설립,교수창업,벤처기업,IT,제조업,정상운영,2020-09-01,4,0.0,-144.0
S0906,H059,단독설립,교수창업,연구소기업,IT,전문과학및기술서비스업,정상운영,2023-02-01,1,1120.0,36.0
S0907,H010,단독설립,학생창업,연구소기업,BT,제조업,정상운영,2019-08-01,5,1249.0,-4.0
S0908,H030,지분편입(유상증자),전문경영인(창업자),연구소기업,BT,전문과학및기술서비스업,정상운영,2022-04-01,2,734.0,127.0
S0909,H034,단독설립,교수창업,해당없음,BT,전문과학및기술서비스업,정상운영,2012-06-01,12,0.0,-144.0
S0910,H081,단독설립,전문경영인(창업자),벤처기업,BT,제조업,투자회수(전액),2021-10-01,3,3599.0,0.0
S0911,H076,단독설립,기타,연구소기업,BT,전문과학및기술서비스업,정상운영,2022-09-01,2,0.0,-67.0
S0912,H026,단독설립,교수창업,해당없음,해당없음,정보통신업,정상운영,2020-11-01,4,0.0,-11.0
S0913,H055,단독설립,교수창업,벤처기업,IT,제조업,정상운영,2017-05-01,7,337.0,-148.0
S0914,H015,지분편입(지분매수),기타,벤처기업,BT,제조업,정상운영,2020-09-01,4,816.0,44.0
S0915,H070,단독설립,교수창업,연구소기업,BT,제조업,정상운영,2016-09-01,8,0.0,-29.0
S0916,H029,단독설립,전문경영인(파트너기업겸직파견등),벤처기업,NT,제조업,정상운영,2020-05-01,4,0.0,-132.0
S0917,H083,지분편입(유상증자),교수창업,벤처기업,BT,전문과학및기술서비스업,정상운영,2023-12-01,1,0.0,-101.0
S0918,H020,합작설립,교수창업,벤처기업,IT,정보통신업,정상운영,2019-01-01,5,0.0,-127.0
S0919,H035,합작설립,교수창업,신기술창업전문회사,BT,도매및소매업,정상운영,2017-03-01,7,0.0,-119.0
S0920,H019,지분편입(지분매수),교수창업,연구소기업,BT,정보통신업,폐업(청산),2018-02-01,6,0.0,0.0
S0921,H010,지분편입(지분매수),전문경영인(파트너기업겸직파견등),벤처기업,해당없음,전문과학및기술서비스업,정상운영,2021-12-01,3,2122.0,40.0
S0922,H008,단독설립,전문경영인(창업자),벤처기업,BT,제조업,정상운영,2020-12-01,4,0.0,-21.0
S0923,H022,단독설립,교수창업,연구소기업,ET,제조업,정상운영,2017-12-01,7,265.0,12.0
S0924,H040,지분편입(지분매수),전문경영인(창업자),연구소기업,NT,기타,정상운영,2019-06-01,5,0.0,-59.0
S0925,H077,지분편입(지분매수),전문경영인(창업자),연구소기업,IT,전문과학및기술서비스업,정상운영,2021-06-01,3,2077.0,137.0
S0926,H073,단독설립,학생창업,연구소기업,IT,정보통신업,정상운영,2023-08-01,1,485.0,-137.0
S0927,H037,지분편입(지분매수),교수창업,연구소기업,IT,제조업,정상운영,2019-12-01,5,0.0,-98.0
S0928,H057,합작설립,전문경영인(파트너기업겸직파견등),벤처기업,IT,정보통신업,정상운영,2021-04-01,3,1109.0,-15.0
S0929,H016,지분편입(유상증자),전문경영인(창업자),연구소기업,해당없음,제조업,정상운영,2018-03-01,6,0.0,-95.0
S0930,H060,단독설립,기타,해당없음,BT,정보통신업,정상운영,2018-06-01,6,0.0,-126.0
S0931,H039,단독설립,무응답,연구소기업,BT,제조업,정상운영,2020-08-01,4,0.0,-72.0
S0932,H052,단독설립,교수창업,해당없음,IT,교육서비스업,정상운영,2019-04-01,5,2125.0,-138.0
S0933,H035,지분편입(유상증자),전문경영인(창업자),벤처기업,BT,전문과학및기술서비스업,투자회수(전액),2019-08-01,5,0.0,0.0
S0934,H065,단독설립,교수창업,연구소기업,IT,정보통신업,정상운영,2019-06-01,5,646.0,-38.0
S0935,H070,합작설립,전문경영인(창업자),해당없음,IT,제조업,폐업(청산),2019-06-01,5,0.0,0.0
S0936,H064,지분편입(지분매수),학생창업,벤처기업,BT,제조업,정상운영,2016-04-01,8,1466.0,-46.0
S0937,H057,단독설립,무응답,벤처기업,IT,정보통신업,정상운영,2021-11-01,3,0.0,-82.0
S0938,H011,지분편입(유상증자),학생창업,해당없음,BT,전문과학및기술서비스업,정상운영,2020-12-01,4,0.0,-63.0
S0939,H077,단독설립,전문경영인(창업자),벤처기업,해당없음,정보통신업,정상운영,2018-05-01,6,739.0,114.0
S0940,H006,지분편입(지분매수),교수창업,벤처기업,IT,제조업,정상운영,2023-05-01,1,2151.0,-69.0
S0941,H056,지분편입(지분매수),교수창업,해당없음,BT,전문과학및기술서비스업,정상운영,2022-10-01,2,1862.0,-123.0
S0942,H042,합작설립,전문경영인(창업자),벤처기업,BT,정보통신업,정상운영,2018-12-01,6,0.0,-129.0
S0943,H078,지분편입(지분매수),교수창업,벤처기업,ET,정보통신업,정상운영,2023-01-01,1,0.0,-41.0
S0944,H033,단독설립,학생창업,연구소기업,BT,제조업,정상운영,2012-03-01,12,0.0,-35.0
S0945,H004,단독설립,무응답,연구소기업,해당없음,기타,정상운영,2017-02-01,7,849.0,93.0
S0946,H012,지분편입(유상증자),교수창업,해당없음,BT,제조업,정상운영,2017-11-01,7,1176.0,70.0
S0947,H030,합작설립,교수창업,벤처기업,IT,제조업,정상운영,2019-07-01,5,0.0,-33.0
S0948,H074,단독설립,교수창업,연구소기업,IT,제조업,정상운영,2017-07-01,7,0.0,-125.0
S0949,H076,합작설립,전문경영인(창업자),연구소기업,CT,제조업,정상운영,2019-07-01,5,1838.0,115.0
S0950,H003,단독설립,전문경영인(파트너기업겸직파견등),벤처기업,IT,기타,정상운영,2018-08-01,6,399.0,-103.0
S0951,H035,단독설립,교수창업,연구소기업,BT,정보통신업,정상운영,2023-01-01,1,0.0,0.0
S0952,H074,단독설립,교수창업,연구소기업,IT,제조업,정상운영,2020-09-01,4,1580.0,-115.0
S0953,H006,단독설립,교수창업,연구소기업,NT,제조업,정상운영,2011-01-01,13,1910.0,2.0
S0954,H023,단독설립,기타,벤처기업,IT,정보통신업,정상운영,2013-09-01,11,0.0,-75.0
S0955,H061,단독설립,교수창업,벤처기업,BT,정보통신업,정상운영,2019-06-01,5,0.0,-103.0
S0956,H067,지분편입(지분매수),전문경영인(창업자),연구소기업,NT,전문과학및기술서비스업,정상운영,2018-01-01,6,0.0,-86.0
S0957,H084,단독설립,전문경영인(파트너기업겸직파견등),연구소기업,IT,제조업,정상운영,2009-10-01,15,1126.0,-20.0
S0958,H057,지분편입(지분매수),교수창업,해당없음,IT,제조업,정상운영,2017-07-01,7,0.0,-91.0
S0959,H036,합작설립,교수창업,신기술창업전문회사,해당없음,전문과학및기술서비스업,정상운영,2022-01-01,2,25.0,-121.0
S0960,H024,단독설립,전문경영인(창업자),해당없음,BT,제조업,정상운영,2009-09-01,15,0.0,-106.0
S0961,H075,단독설립,교수창업,연구소기업,IT,정보통신업,정상운영,2019-06-01,5,1435.0,-84.0
S0962,H056,단독설립,전문경영인(창업자),해당없음,IT,제조업,정상운영,2013-09-01,11,0.0,-32.0
S0963,H082,지분편입(지분매수),교수창업,해당없음,해당없음,정보통신업,정상운영,2010-08-01,14,104.0,-54.0
S0964,H063,지분편입(지분매수),학생창업,벤처기업,IT,정보통신업,정상운영,2023-05-01,1,1225.0,19.0
S0965,H012,지분편입(지분매수),전문경영인(창업자),연구소기업,BT,정보통신업,정상운영,2021-10-01,3,0.0,-91.0
S0966,H061,지분편입(지분매수),무응답,벤처기업,해당없음,정보통신업,정상운영,2019-06-01,5,0.0,-70.0
S0967,H045,합작설립,전문경영인(창업자),연구소기업,IT,정보통신업,정상운영,2018-11-01,6,872.0,-91.0
S0968,H053,합작설립,전문경영인(창업자),연구소기업,BT,정보통신업,정상운영,2022-02-01,2,0.0,-139.0
S0969,H043,단독설립,기타,해당없음,IT,제조업,정상운영,2021-12-01,3,1190.0,-75.0
S0970,H042,지분편입(지분매수),학생창업,해당없음,BT,제조업,정상운영,2016-02-01,8,0.0,-118.0
S0971,H014,지분편입(지분매수),교수창업,해당없음,BT,제조업,정상운영,2020-10-01,4,0.0,-72.0
S0972,H021,지분편입(지분매수),교수창업,벤처기업,BT,정보통신업,정상운영,2015-02-01,9,858.0,-12.0
S0973,H043,지분편입(지분매수),전문경영인(창업자),벤처기업,IT,전문과학및기술서비스업,정상운영,2014-09-01,10,0.0,-36.0
S0974,H053,단독설립,교수창업,벤처기업,IT,정보통신업,정상운영,2009-02-01,15,0.0,-41.0
S0975,H064,지분편입(지분매수),교수창업,해당없음,BT,기타,정상운영,2017-09-01,7,671.0,-33.0
S0976,H037,지분편입(유상증자),전문경영인(파트너기업겸직파견등),해당없음,BT,제조업,정상운영,2019-03-01,5,0.0,-85.0
S0977,H052,지분편입(지분매수),전문경영인(창업자),해당없음,IT,제조업,투자회수(일부),2009-09-01,15,0.0,0.0
S0978,H071,단독설립,전문경영인(파트너기업겸직파견등),연구소기업,IT,제조업,정상운영,2019-02-01,5,1611.0,-82.0
S0979,H005,단독설립,학생창업,벤처기업,IT,정보통신업,정상운영,2010-10-01,14,1889.0,-86.0
S0980,H059,지분편입(지분매수),기타,연구소기업,BT,제조업,정상운영,2023-08-01,1,0.0,-80.0
S0981,H012,단독설립,기타,벤처기업,CT,전문과학및기술서비스업,정상운영,2022-10-01,2,0.0,-76.0
S0982,H041,지분편입(유상증자),전문경영인(창업자),해당없음,IT,제조업,정상운영,2018-11-01,6,566.0,-13.0
S0983,H033,단독설립,교수창업,벤처기업,ET,전문과학및기술서비스업,정상운영,2023-04-01,1,1311.0,-122.0
S0984,H042,단독설립,무응답,해당없음,BT,전문과학및기술서비스업,정상운영,2021-02-01,3,0.0,-15.0
S0985,H015,단독설립,교수창업,연구소기업,BT,교육서비스업,정상운영,2014-11-01,10,0.0,-138.0
S0986,H052,단독설립,기타,벤처기업,BT,제조업,투자회수(전액),2023-07-01,1,0.0,0.0
S0987,H066,합작설립,기타,연구소기업,IT,제조업,정상운영,2021-05-01,3,0.0,-55.0
S0988,H001,지분편입(지분매수),교수창업,해당없음,IT,전문과학및기술서비스업,정상운영,2022-08-01,2,0.0,-132.0
S0989,H070,단독설립,전문경영인(창업자),연구소기업,ET,정보통신업,정상운영,2023-08-01,1,0.0,-120.0
S0990,H060,합작설립,전문경영인(창업자),벤처기업,IT,정보통신업,정상운영,2009-12-01,15,0.0,-130.0
S0991,H053,단독설립,교수창업,연구소기업,ET,제조업,정상운영,2016-03-01,8,0.0,-44.0
S0992,H007,합작설립,전문경영인(창업자),해당없음,BT,제조업,정상운영,2023-11-01,1,146.0,-93.0
S0993,H025,합작설립,교수창업,연구소기업,BT,제조업,정상운영,2022-06-01,2,0.0,-60.0
S0994,H067,지분편입(유상증자),전문경영인(창업자),연구소기업,NT,정보통신업,정상운영,2021-02-01,3,750.0,-69.0
S0995,H047,지분편입(지분매수),교수창업,연구소기업,IT,제조업,투자회수(전액),2016-03-01,8,0.0,0.0
S0996,H080,합작설립,무응답,연구소기업,IT,기타,정상운영,2022-11-01,2,0.0,0.0
S0997,H064,지분편입(지분매수),학생창업,연구소기업,ET,정보통신업,정상운영,2015-10-01,9,1864.0,152.0
S0998,H081,합작설립,교수창업,해당없음,해당없음,전문과학및기술서비스업,정상운영,2018-06-01,6,0.0,-78.0
S0999,H057,합작설립,교수창업,연구소기업,IT,제조업,정상운영,2021-08-01,3,0.0,0.0
S1000,H007,지분편입(지분매수),교수창업,해당없음,ET,제조업,정상운영,2018-09-01,6,643.0,125.0
S1001,H027,단독설립,전문경영인(파트너기업겸직파견등),해당없음,ET,정보통신업,정상운영,2020-12-01,4,0.0,-53.0
S1002,H035,합작설립,전문경영인(파트너기업겸직파견등),해당없음,NT,제조업,정상운영,2023-12-01,1,0.0,0.0
S1003,H071,단독설립,교수창업,연구소기업,해당없음,제조업,정상운영,2019-07-01,5,1351.0,3.0
S1004,H017,합작설립,전문경영인(창업자),연구소기업,BT,제조업,정상운영,2021-01-01,3,0.0,-143.0
S1005,H037,단독설립,전문경영인(창업자),해당없음,해당없음,정보통신업,정상운영,2023-07-01,1,0.0,-67.0
S1006,H057,단독설립,전문경영인(창업자),연구소기업,NT,제조업,투자회수(전액),2020-10-01,4,0.0,0.0
S1007,H063,합작설립,학생창업,해당없음,IT,정보통신업,휴업,2023-05-01,1,0.0,0.0
S1008,H016,지분편입(지분매수),무응답,벤처기업,해당없음,제조업,정상운영,2019-01-01,5,0.0,-37.0
S1009,H004,단독설립,교수창업,연구소기업,해당없음,제조업,정상운영,2019-10-01,5,353.0,-52.0
S1010,H081,합작설립,교수창업,해당없음,BT,도매및소매업,정상운영,2018-07-01,6,0.0,-11.0
S1011,H078,단독설립,교수창업,연구소기업,ET,전문과학및기술서비스업,정상운영,2021-01-01,3,0.0,114.0
S1012,H031,합작설립,학생창업,해당없음,ET,정보통신업,정상운영,2017-01-01,7,1917.0,-76.0
S1013,H021,단독설립,학생창업,벤처기업,ET,제조업,정상운영,2019-04-01,5,0.0,-7.0
S1014,H040,합작설립,전문경영인(창업자),연구소기업,IT,기타,정상운영,2022-06-01,2,0.0,-92.0
S1015,H071,합작설립,전문경영인(창업자),해당없음,IT,전문과학및기술서비스업,폐업(청산),2016-07-01,8,0.0,0.0
S1016,H002,지분편입(지분매수),전문경영인(파트너기업겸직파견등),벤처기업,CT,제조업,정상운영,2021-03-01,3,1526.0,-132.0
S1017,H071,지분편입(지분매수),학생창업,해당없음,BT,제조업,정상운영,2017-05-01,7,1706.0,-49.0
S1018,H053,단독설립,전문경영인(창업자),벤처기업,IT,전문과학및기술서비스업,정상운영,2018-04-01,6,0.0,0.0
S1019,H012,지분편입(지분매수),학생창업,해당없음,NT,정보통신업,정상운영,2017-10-01,7,0.0,-36.0
S1020,H029,합작설립,무응답,연구소기업,IT,교육서비스업,정상운영,2022-11-01,2,2146.0,-109.0
S1021,H015,지분편입(지분매수),학생창업,해당없음,BT,전문과학및기술서비스업,정상운영,2020-06-01,4,1300.0,113.0
S1022,H060,단독설립,전문경영인(창업자),해당없음,해당없음,전문과학및기술서비스업,정상운영,2022-09-01,2,2050.0,-99.0
S1023,H016,단독설립,교수창업,벤처기업,IT,제조업,정상운영,2018-08-01,6,1023.0,-118.0
S1024,H083,합작설립,기타,벤처기업,BT,제조업,정상운영,2023-11-01,1,0.0,-115.0
S1025,H020,지분편입(지분매수),기타,해당없음,BT,제조업,정상운영,2008-11-01,16,1509.0,133.0
S1026,H064,단독설립,교수창업,연구소기업,ET,제조업,정상운영,2020-04-01,4,0.0,-122.0
S1027,H038,지분편입(지분매수),전문경영인(창업자),벤처기업,IT,전문과학및기술서비스업,정상운영,2019-10-01,5,0.0,-21.0
S1028,H066,단독설립,교수창업,해당없음,IT,정보통신업,정상운영,2019-06-01,5,2028.0,25.0
S1029,H035,지분편입(지분매수),학생창업,벤처기업,BT,제조업,정상운영,2017-12-01,7,0.0,0.0
S1030,H054,합작설립,교수창업,해당없음,IT,제조업,정상운영,2022-10-01,2,373.0,0.0
S1031,H062,지분편입(지분매수),교수창업,해당없음,IT,전문과학및기술서비스업,정상운영,2018-03-01,6,0.0,-71.0
S1032,H061,합작설립,교수창업,연구소기업,IT,교육서비스업,정상운영,2019-04-01,5,1717.0,-102.0
S1033,H032,합작설립,교수창업,이노비즈기업,IT,제조업,정상운영,2021-03-01,3,0.0,-26.0
S1034,H059,단독설립,전문경영인(창업자),벤처기업,ET,전문과학및기술서비스업,정상운영,2019-04-01,5,0.0,-98.0
S1035,H071,합작설립,무응답,해당없음,NT,제조업,정상운영,2017-05-01,7,992.0,-83.0
S1036,H019,단독설립,기타,해당없음,BT,기타,정상운영,2018-03-01,6,0.0,-52.0
S1037,H050,단독설립,교수창업,해당없음,NT,정보통신업,정상운영,2017-02-01,7,0.0,-93.0
S1038,H025,단독설립,교수창업,벤처기업,IT,제조업,정상운영,2023-01-01,1,1319.0,24.0
S1039,H077,지분편입(유상증자),전문경영인(파트너기업겸직파견등),연구소기업,IT,정보통신업,정상운영,2017-09-01,7,0.0,-31.0
S1040,H066,단독설립,전문경영인(창업자),해당없음,BT,정보통신업,정상운영,2018-10-01,6,1805.0,-55.0
S1041,H018,단독설립,무응답,연구소기업,IT,제조업,정상운영,2020-01-01,4,1819.0,-125.0
S1042,H009,지분편입(지분매수),학생창업,해당없음,IT,제조업,투자회수(전액),2019-03-01,5,0.0,0.0
S1043,H036,합작설립,교수창업,연구소기업,해당없음,제조업,정상운영,2019-09-01,5,643.0,0.0
S1044,H054,지분편입(지분매수),교수창업,연구소기업,IT,제조업,정상운영,2021-06-01,3,513.0,114.0
S1045,H044,단독설립,교수창업,연구소기업,ET,정보통신업,정상운영,2023-02-01,1,0.0,4.0
S1046,H065,단독설립,전문경영인(창업자),해당없음,BT,전문과학및기술서비스업,정상운영,2019-06-01,5,0.0,83.0
S1047,H035,단독설립,교수창업,벤처기업,IT,정보통신업,정상운영,2021-06-01,3,2070.0,0.0
S1048,H001,합작설립,교수창업,연구소기업,IT,도매및소매업,폐업(청산),2021-04-01,3,0.0,0.0
S1049,H037,단독설립,학생창업,연구소기업,해당없음,제조업,정상운영,2020-11-01,4,3599.0,-68.0
S1050,H039,단독설립,학생창업,벤처기업,ET,정보통신업,정상운영,2021-04-01,3,0.0,-106.0
S1051,H076,지분편입(지분매수),학생창업,연구소기업,BT,전문과학및기술서비스업,정상운영,2020-04-01,4,0.0,0.0
S1052,H075,지분편입(지분매수),기타,연구소기업,IT,정보통신업,정상운영,2020-05-01,4,0.0,-30.0
S1053,H063,단독설립,학생창업,연구소기업,ET,제조업,정상운영,2022-03-01,2,0.0,-82.0
S1054,H020,지분편입(유상증자),교수창업,연구소기업,IT,제조업,투자회수(일부),2019-07-01,5,0.0,0.0
S1055,H058,단독설립,교수창업,벤처기업,BT,기타,정상운영,2017-05-01,7,0.0,0.0
S1056,H069,단독설립,학생창업,연구소기업,IT,제조업,정상운영,2018-04-01,6,1126.0,-108.0
S1057,H062,단독설립,전문경영인(파트너기업겸직파견등),벤처기업,BT,전문과학및기술서비스업,정상운영,2020-04-01,4,256.0,0.0
S1058,H045,합작설립,교수창업,해당없음,IT,전문과학및기술서비스업,정상운영,2020-06-01,4,0.0,-74.0
S1059,H043,합작설립,교수창업,해당없음,IT,정보통신업,투자회수(일부),2023-01-01,1,0.0,0.0
S1060,H071,단독설립,기타,연구소기업,해당없음,제조업,정상운영,2017-03-01,7,0.0,-108.0
S1061,H070,지분편입(유상증자),교수창업,해당없음,BT,제조업,정상운영,2023-08-01,1,293.0,-149.0
S1062,H049,합작설립,학생창업,연구소기업,IT,정보통신업,정상운영,2009-02-01,15,642.0,-17.0
S1063,H059,지분편입(지분매수),교수창업,연구소기업,IT,정보통신업,정상운영,2023-07-01,1,0.0,-11.0
S1064,H042,지분편입(지분매수),학생창업,연구소기업,IT,제조업,정상운영,2023-01-01,1,0.0,0.0
S1065,H025,단독설립,교수창업,해당없음,BT,정보통신업,정상운영,2022-08-01,2,2173.0,-81.0
S1066,H031,단독설립,전문경영인(창업자),연구소기업,BT,전문과학및기술서비스업,정상운영,2019-12-01,5,0.0,-70.0
S1067,H074,단독설립,학생창업,해당없음,ET,제조업,정상운영,2016-12-01,8,0.0,-95.0
S1068,H050,단독설립,교수창업,연구소기업,NT,제조업,정상운영,2023-04-01,1,0.0,-92.0
S1069,H030,합작설립,전문경영인(창업자),기타,IT,정보통신업,정상운영,2018-07-01,6,428.0,0.0
S1070,H053,합작설립,기타,해당없음,BT,제조업,정상운영,2019-01-01,5,738.0,-38.0
S1071,H006,합작설립,무응답,해당없음,IT,제조업,정상운영,2019-08-01,5,1858.0,-75.0
S1072,H041,지분편입(지분매수),기타,연구소기업,해당없음,정보통신업,정상운영,2022-08-01,2,0.0,-44.0
S1073,H061,지분편입(지분매수),교수창업,연구소기업,IT,제조업,정상운영,2018-07-01,6,0.0,-62.0
S1074,H049,합작설립,교수창업,벤처기업,IT,정보통신업,정상운영,2019-04-01,5,0.0,-24.0
S1075,H050,지분편입(지분매수),기타,해당없음,NT,제조업,정상운영,2018-04-01,6,0.0,-29.0
S1076,H084,합작설립,학생창업,벤처기업,BT,전문과학및기술서비스업,정상운영,2022-07-01,2,2130.0,-63.0
S1077,H020,합작설립,교수창업,벤처기업,해당없음,전문과학및기술서비스업,폐업(청산),2016-10-01,8,0.0,0.0
S1078,H064,지분편입(유상증자),교수창업,연구소기업,해당없음,정보통신업,정상운영,2023-02-01,1,79.0,60.0
S1079,H005,단독설립,교수창업,기타,IT,전문과학및기술서비스업,정상운영,2019-02-01,5,0.0,145.0
S1080,H017,단독설립,전문경영인(창업자),연구소기업,BT,제조업,폐업(청산),2014-03-01,10,0.0,0.0
S1081,H065,합작설립,기타,벤처기업,BT,전문과학및기술서비스업,정상운영,2019-09-01,5,0.0,-22.0
S1082,H076,합작설립,학생창업,해당없음,IT,제조업,정상운영,2019-10-01,5,939.0,0.0
S1083,H043,단독설립,교수창업,연구소기업,해당없음,제조업,정상운영,2018-12-01,6,1792.0,0.0
S1084,H013,지분편입(지분매수),교수창업,벤처기업,BT,정보통신업,정상운영,2017-09-01,7,1004.0,-102.0
S1085,H057,합작설립,교수창업,벤처기업,IT,제조업,정상운영,2017-02-01,7,0.0,0.0
S1086,H013,지분편입(지분매수),전문경영인(파트너기업겸직파견등),벤처기업,BT,전문과학및기술서비스업,정상운영,2021-03-01,3,1470.0,147.0
S1087,H068,단독설립,무응답,해당없음,IT,제조업,정상운영,2023-04-01,1,0.0,-5.0
S1088,H059,지분편입(지분매수),기타,연구소기업,ET,정보통신업,정상운영,2015-02-01,9,0.0,-10.0
S1089,H002,단독설립,전문경영인(파트너기업겸직파견등),해당없음,IT,제조업,정상운영,2023-08-01,1,0.0,-54.0
S1090,H019,지분편입(지분매수),전문경영인(파트너기업겸직파견등),이노비즈기업,IT,정보통신업,정상운영,2022-12-01,2,0.0,-56.0
S1091,H053,지분편입(지분매수),전문경영인(창업자),벤처기업,IT,정보통신업,정상운영,2011-10-01,13,0.0,-50.0
S1092,H084,합작설립,학생창업,해당없음,IT,제조업,정상운영,2020-06-01,4,0.0,-100.0
S1093,H020,단독설립,교수창업,해당없음,IT,정보통신업,정상운영,2021-12-01,3,0.0,-62.0
S1094,H010,단독설립,전문경영인(창업자),연구소기업,ET,제조업,정상운영,2017-06-01,7,0.0,-144.0
S1095,H061,단독설립,기타,연구소기업,BT,정보통신업,정상운영,2015-07-01,9,0.0,-73.0
S1096,H034,지분편입(유상증자),학생창업,신기술창업전문회사,BT,전문과학및기술서비스업,정상운영,2018-04-01,6,0.0,-75.0
S1097,H044,지분편입(지분매수),전문경영인(창업자),해당없음,BT,기타,정상운영,2013-04-01,11,232.0,-110.0
S1098,H080,지분편입(지분매수),전문경영인(창업자),해당없음,BT,제조업,정상운영,2018-02-01,6,0.0,-20.0
S1099,H051,단독설립,교수창업,신기술창업전문회사,BT,전문과학및기술서비스업,정상운영,2022-09-01,2,0.0,-114.0
S1100,H084,지분편입(지분매수),교수창업,연구소기업,IT,제조업,정상운영,2023-06-01,1,0.0,-94.0
S1101,H011,단독설립,교수창업,벤처기업,IT,전문과학및기술서비스업,정상운영,2021-08-01,3,0.0,-13.0
S1102,H043,단독설립,교수창업,기타,BT,제조업,정상운영,2021-05-01,3,638.0,-124.0
S1103,H069,합작설립,학생창업,연구소기업,BT,제조업,정상운영,2018-09-01,6,1085.0,-114.0
S1104,H049,합작설립,교수창업,신기술창업전문회사,IT,제조업,정상운영,2021-02-01,3,2029.0,-100.0
S1105,H041,지분편입(유상증자),전문경영인(창업자),벤처기업,ET,제조업,정상운영,2020-08-01,4,0.0,-99.0
S1106,H081,지분편입(지분매수),전문경영인(창업자),벤처기업,IT,전문과학및기술서비스업,정상운영,2021-01-01,3,555.0,-103.0
S1107,H063,합작설립,교수창업,연구소기업,해당없음,전문과학및기술서비스업,정상운영,2012-01-01,12,0.0,-49.0
S1108,H070,단독설립,교수창업,해당없음,IT,정보통신업,정상운영,2022-07-01,2,0.0,-19.0
S1109,H005,단독설립,교수창업,해당없음,BT,전문과학및기술서비스업,정상운영,2017-07-01,7,1768.0,-91.0
S1110,H080,지분편입(지분매수),학생창업,해당없음,IT,제조업,휴업,2010-07-01,14,0.0,0.0
S1111,H009,단독설립,기타,벤처기업,IT,제조업,정상운영,2016-02-01,8,0.0,-1.0
S1112,H031,지분편입(지분매수),교수창업,연구소기업,IT,제조업,정상운영,2022-06-01,2,0.0,15.0
S1113,H081,단독설립,교수창업,벤처기업,IT,제조업,정상운영,2021-06-01,3,0.0,-6.0
S1114,H037,단독설립,교수창업,연구소기업,IT,전문과학및기술서비스업,정상운영,2023-05-01,1,0.0,-15.0
S1115,H030,합작설립,교수창업,연구소기업,IT,제조업,정상운영,2021-02-01,3,0.0,-88.0
S1116,H012,합작설립,전문경영인(창업자),벤처기업,BT,제조업,정상운영,2018-07-01,6,1741.0,-89.0
S1117,H056,지분편입(지분매수),교수창업,해당없음,NT,제조업,정상운영,2023-11-01,1,1861.0,-78.0
S1118,H013,단독설립,교수창업,벤처기업,BT,도매및소매업,정상운영,2018-05-01,6,0.0,-19.0
S1119,H082,단독설립,교수창업,기타,ET,제조업,정상운영,2017-04-01,7,458.0,83.0
S1120,H013,지분편입(유상증자),무응답,해당없음,CT,제조업,정상운영,2019-12-01,5,1946.0,68.0
S1121,H057,단독설립,전문경영인(창업자),해당없음,NT,교육서비스업,정상운영,2022-02-01,2,590.0,-31.0
S1122,H022,단독설립,기타,벤처기업,BT,전문과학및기술서비스업,정상운영,2021-11-01,3,1066.0,8.0
S1123,H039,단독설립,전문경영인(창업자),벤처기업,BT,제조업,정상운영,2018-11-01,6,1262.0,-75.0
S1124,H004,지분편입(지분매수),교수창업,연구소기업,IT,기타,정상운영,2008-07-01,16,448.0,0.0
S1125,H006,단독설립,전문경영인(창업자),연구소기업,BT,전문과학및기술서비스업,정상운영,2009-08-01,15,260.0,-129.0
S1126,H042,단독설립,전문경영인(창업자),해당없음,해당없음,제조업,정상운영,2019-01-01,5,0.0,-102.0
S1127,H008,단독설립,학생창업,벤처기업,IT,전문과학및기술서비스업,정상운영,2017-05-01,7,369.0,7.0
S1128,H038,단독설립,전문경영인(창업자),벤처기업,IT,정보통신업,정상운영,2022-12-01,2,0.0,-96.0
S1129,H046,단독설립,전문경영인(창업자),해당없음,IT,정보통신업,정상운영,2018-11-01,6,1852.0,-20.0
S1130,H048,합작설립,교수창업,해당없음,CT,제조업,정상운영,2015-06-01,9,0.0,-42.0
S1131,H056,지분편입(지분매수),교수창업,연구소기업,ET,도매및소매업,정상운영,2023-01-01,1,0.0,0.0
S1132,H019,지분편입(지분매수),전문경영인(창업자),연구소기업,BT,제조업,정상운영,2022-03-01,2,0.0,-82.0
S1133,H032,단독설립,교수창업,해당없음,IT,제조업,투자회수(전액),2019-04-01,5,0.0,0.0
S1134,H068,단독설립,교수창업,연구소기업,IT,전문과학및기술서비스업,정상운영,2008-03-01,16,637.0,73.0
S1135,H053,지분편입(지분매수),교수창업,해당없음,BT,전문과학및기술서비스업,정상운영,2023-10-01,1,0.0,-54.0
S1136,H073,지분편입(지분매수),교수창업,해당없음,IT,정보통신업,정상운영,2022-01-01,2,2051.0,60.0
S1137,H024,지분편입(지분매수),무응답,연구소기업,IT,정보통신업,정상운영,2017-03-01,7,0.0,-134.0
S1138,H022,지분편입(지분매수),교수창업,연구소기업,IT,정보통신업,정상운영,2018-09-01,6,0.0,-95.0
S1139,H023,지분편입(지분매수),학생창업,해당없음,IT,제조업,정상운영,2022-03-01,2,0.0,-49.0
S1140,H011,단독설립,교수창업,벤처기업,IT,정보통신업,정상운영,2018-03-01,6,0.0,-31.0
S1141,H079,단독설립,교수창업,해당없음,IT,교육서비스업,정상운영,2016-12-01,8,1554.0,-95.0
S1142,H049,단독설립,교수창업,해당없음,해당없음,정보통신업,정상운영,2013-08-01,11,2208.0,83.0
S1143,H080,단독설립,전문경영인(창업자),벤처기업,BT,제조업,정상운영,2017-01-01,7,0.0,-29.0
S1144,H031,지분편입(지분매수),교수창업,해당없음,IT,정보통신업,정상운영,2018-01-01,6,0.0,-73.0
S1145,H064,합작설립,교수창업,해당없음,IT,정보통신업,정상운영,2019-10-01,5,0.0,0.0
S1146,H075,합작설립,교수창업,해당없음,IT,정보통신업,정상운영,2022-04-01,2,0.0,-139.0
S1147,H019,단독설립,교수창업,연구소기업,BT,정보통신업,정상운영,2012-12-01,12,0.0,-42.0
S1148,H030,지분편입(지분매수),전문경영인(창업자),신기술창업전문회사,BT,정보통신업,정상운영,2019-11-01,5,0.0,0.0
S1149,H060,단독설립,학생창업,해당없음,IT,제조업,정상운영,2018-05-01,6,2088.0,120.0
S1150,H082,단독설립,교수창업,해당없음,BT,정보통신업,정상운영,2018-06-01,6,653.0,18.0
S1151,H033,지분편입(지분매수),교수창업,연구소기업,IT,전문과학및기술서비스업,정상운영,2020-10-01,4,824.0,96.0
S1152,H059,단독설립,전문경영인(파트너기업겸직파견등),벤처기업,IT,정보통신업,폐업(청산),2021-07-01,3,0.0,0.0
S1153,H033,단독설립,교수창업,이노비즈기업,IT,제조업,정상운영,2023-03-01,1,744.0,46.0
S1154,H002,단독설립,교수창업,연구소기업,BT,정보통신업,정상운영,2018-07-01,6,1449.0,128.0
S1155,H060,지분편입(지분매수),전문경영인(창업자),연구소기업,BT,제조업,정상운영,2018-03-01,6,1563.0,-143.0
S1156,H037,단독설립,학생창업,벤처기업,해당없음,전문과학및기술서비스업,투자회수(일부),2023-03-01,1,0.0,0.0
S1157,H070,단독설립,전문경영인(창업자),연구소기업,BT,전문과학및기술서비스업,정상운영,2016-09-01,8,0.0,0.0
S1158,H021,지분편입(지분매수),학생창업,해당없음,IT,정보통신업,정상운영,2021-03-01,3,0.0,0.0
S1159,H010,합작설립,무응답,해당없음,BT,제조업,정상운영,2019-12-01,5,0.0,-73.0
S1160,H057,단독설립,전문경영인(창업자),연구소기업,ET,제조업,정상운영,2019-11-01,5,1903.0,0.0
S1161,H045,단독설립,교수창업,해당없음,IT,제조업,정상운영,2016-03-01,8,0.0,-106.0
S1162,H076,단독설립,전문경영인(창업자),해당없음,해당없음,정보통신업,정상운영,2018-06-01,6,0.0,-39.0
S1163,H039,합작설립,교수창업,연구소기업,IT,제조업,정상운영,2020-02-01,4,0.0,0.0
S1164,H082,지분편입(지분매수),기타,연구소기업,IT,제조업,정상운영,2021-03-01,3,3599.0,-126.0
S1165,H055,단독설립,전문경영인(창업자),해당없음,BT,전문과학및기술서비스업,정상운영,2019-01-01,5,0.0,0.0
S1166,H033,단독설립,교수창업,해당없음,BT,제조업,정상운영,2019-08-01,5,0.0,-120.0
S1167,H059,지분편입(지분매수),전문경영인(창업자),해당없음,IT,정보통신업,정상운영,2020-04-01,4,26.0,-89.0
S1168,H039,단독설립,교수창업,연구소기업,IT,정보통신업,폐업(청산),2018-05-01,6,0.0,0.0
S1169,H026,합작설립,교수창업,연구소기업,CT,정보통신업,정상운영,2019-07-01,5,1137.0,0.0
S1170,H050,지분편입(지분매수),교수창업,연구소기업,IT,전문과학및기술서비스업,정상운영,2020-11-01,4,209.0,-7.0
S1171,H062,합작설립,학생창업,기타,BT,도매및소매업,정상운영,2013-06-01,11,357.0,0.0
S1172,H014,합작설립,전문경영인(창업자),신기술창업전문회사,IT,정보통신업,정상운영,2022-05-01,2,0.0,-4.0
S1173,H031,단독설립,기타,벤처기업,BT,제조업,투자회수(전액),2023-10-01,1,0.0,0.0
S1174,H049,단독설립,기타,신기술창업전문회사,IT,제조업,정상운영,2023-06-01,1,1982.0,54.0
S1175,H074,단독설립,교수창업,해당없음,IT,도매및소매업,정상운영,2018-01-01,6,0.0,-60.0
S1176,H046,단독설립,학생창업,연구소기업,BT,전문과학및기술서비스업,정상운영,2023-01-01,1,395.0,-67.0
S1177,H074,단독설립,학생창업,연구소기업,BT,제조업,정상운영,2017-06-01,7,740.0,-46.0
S1178,H038,합작설립,기타,연구소기업,NT,전문과학및기술서비스업,정상운영,2018-01-01,6,0.0,-84.0
S1179,H038,지분편입(지분매수),교수창업,해당없음,IT,제조업,정상운영,2018-08-01,6,0.0,-142.0
S1180,H003,지분편입(지분매수),학생창업,연구소기업,IT,기타,정상운영,2023-01-01,1,0.0,-88.0
S1181,H051,단독설립,학생창업,해당없음,해당없음,제조업,정상운영,2022-12-01,2,3599.0,80.0
S1182,H036,합작설립,교수창업,연구소기업,BT,제조업,정상운영,2020-03-01,4,0.0,-141.0
S1183,H002,합작설립,무응답,해당없음,BT,제조업,정상운영,2010-07-01,14,34.0,-47.0
S1184,H073,지분편입(지분매수),교수창업,벤처기업,BT,제조업,정상운영,2021-01-01,3,0.0,-90.0
S1185,H007,지분편입(지분매수),교수창업,연구소기업,IT,제조업,정상운영,2015-09-01,9,0.0,-73.0
S1186,H078,단독설립,교수창업,해당없음,BT,제조업,정상운영,2020-07-01,4,0.0,0.0
S1187,H064,합작설립,학생창업,연구소기업,IT,제조업,정상운영,2023-10-01,1,0.0,-12.0
S1188,H037,합작설립,기타,해당없음,해당없음,제조업,정상운영,2017-12-01,7,0.0,-138.0
S1189,H030,지분편입(지분매수),교수창업,해당없음,BT,제조업,정상운영,2021-09-01,3,0.0,0.0
S1190,H078,지분편입(지분매수),전문경영인(창업자),벤처기업,ET,전문과학및기술서비스업,정상운영,2021-03-01,3,0.0,-109.0
S1191,H046,단독설립,전문경영인(파트너기업겸직파견등),벤처기업,BT,정보통신업,정상운영,2017-03-01,7,0.0,0.0
S1192,H029,지분편입(지분매수),전문경영인(창업자),해당없음,ET,제조업,정상운영,2011-02-01,13,213.0,92.0
S1193,H082,단독설립,전문경영인(창업자),해당없음,BT,정보통신업,정상운영,2019-01-01,5,832.0,38.0
S1194,H025,단독설립,전문경영인(파트너기업겸직파견등),이노비즈기업,BT,정보통신업,정상운영,2019-06-01,5,0.0,-9.0
S1195,H080,지분편입(지분매수),교수창업,벤처기업,ET,제조업,정상운영,2019-04-01,5,223.0,112.0
S1196,H033,지분편입(지분매수),교수창업,연구소기업,BT,제조업,정상운영,2008-02-01,16,0.0,-87.0
S1197,H018,지분편입(유상증자),학생창업,벤처기업,IT,제조업,정상운영,2023-07-01,1,86.0,109.0
S1198,H081,단독설립,학생창업,해당없음,NT,정보통신업,정상운영,2021-02-01,3,0.0,-57.0
S1199,H013,단독설립,교수창업,연구소기업,IT,제조업,폐업(청산),2018-02-01,6,0.0,0.0
S1200,H081,합작설립,전문경영인(파트너기업겸직파견등),해당없음,해당없음,정보통신업,정상운영,2008-08-01,16,0.0,-25.0
S1201,H083,합작설립,무응답,해당없음,BT,제조업,정상운영,2023-08-01,1,0.0,-113.0
S1202,H006,단독설립,학생창업,해당없음,BT,제조업,폐업(청산),2018-07-01,6,0.0,0.0
S1203,H040,합작설립,교수창업,벤처기업,BT,정보통신업,정상운영,2023-09-01,1,0.0,0.0
S1204,H057,지분편입(지분매수),교수창업,해당없음,BT,제조업,정상운영,2018-08-01,6,0.0,-43.0
S1205,H005,단독설립,전문경영인(창업자),해당없음,IT,정보통신업,정상운영,2023-03-01,1,1843.0,-73.0
S1206,H075,단독설립,기타,해당없음,BT,제조업,정상운영,2022-10-01,2,1181.0,-28.0
S1207,H047,지분편입(지분매수),전문경영인(파트너기업겸직파견등),벤처기업,IT,제조업,정상운영,2021-11-01,3,911.0,-1.0
S1208,H017,단독설립,학생창업,해당없음,IT,정보통신업,정상운영,2021-01-01,3,0.0,-13.0
S1209,H012,합작설립,전문경영인(창업자),해당없음,IT,정보통신업,정상운영,2013-05-01,11,1944.0,-46.0
S1210,H038,지분편입(지분매수),교수창업,연구소기업,해당없음,전문과학및기술서비스업,정상운영,2023-08-01,1,0.0,-20.0
S1211,H042,지분편입(지분매수),교수창업,벤처기업,BT,정보통신업,정상운영,2019-08-01,5,0.0,-33.0
S1212,H054,지분편입(지분매수),전문경영인(창업자),벤처기업,IT,전문과학및기술서비스업,정상운영,2022-05-01,2,13.0,36.0
S1213,H023,단독설립,교수창업,벤처기업,ET,제조업,정상운영,2012-03-01,12,0.0,-144.0
S1214,H026,단독설립,전문경영인(파트너기업겸직파견등),벤처기업,BT,제조업,정상운영,2022-06-01,2,0.0,0.0
S1215,H017,단독설립,학생창업,연구소기업,IT,제조업,정상운영,2019-11-01,5,0.0,-23.0
S1216,H070,지분편입(지분매수),기타,해당없음,BT,전문과학및기술서비스업,정상운영,2023-09-01,1,3599.0,0.0
S1217,H047,지분편입(지분매수),교수창업,연구소기업,NT,전문과학및기술서비스업,정상운영,2022-06-01,2,0.0,0.0
S1218,H068,지분편입(지분매수),교수창업,벤처기업,해당없음,제조업,정상운영,2020-10-01,4,0.0,-70.0
S1219,H065,합작설립,교수창업,해당없음,BT,제조업,정상운영,2023-11-01,1,0.0,0.0
S1220,H035,단독설립,교수창업,해당없음,IT,제조업,정상운영,2021-12-01,3,0.0,-11.0
S1221,H022,지분편입(지분매수),교수창업,기타,IT,정보통신업,정상운영,2020-02-01,4,22.0,48.0
S1222,H033,합작설립,전문경영인(창업자),연구소기업,해당없음,정보통신업,정상운영,2016-08-01,8,0.0,-62.0
S1223,H062,지분편입(지분매수),기타,벤처기업,BT,전문과학및기술서비스업,정상운영,2022-08-01,2,0.0,0.0
S1224,H038,단독설립,교수창업,해당없음,IT,제조업,정상운영,2021-12-01,3,0.0,-54.0
S1225,H044,단독설립,교수창업,해당없음,NT,제조업,정상운영,2018-10-01,6,420.0,124.0
S1226,H015,단독설립,전문경영인(파트너기업겸직파견등),연구소기업,BT,정보통신업,정상운영,2020-04-01,4,1216.0,103.0
S1227,H060,지분편입(유상증자),학생창업,기타,ET,정보통신업,정상운영,2019-03-01,5,0.0,-121.0
S1228,H010,지분편입(지분매수),교수창업,해당없음,IT,제조업,정상운영,2018-04-01,6,2156.0,134.0
S1229,H019,단독설립,전문경영인(창업자),벤처기업,BT,제조업,투자회수(전액),2011-09-01,13,0.0,0.0
S1230,H029,단독설립,교수창업,해당없음,BT,정보통신업,정상운영,2021-03-01,3,0.0,-43.0
S1231,H051,합작설립,교수창업,해당없음,IT,정보통신업,정상운영,2023-03-01,1,1795.0,137.0
S1232,H072,합작설립,무응답,벤처기업,해당없음,제조업,정상운영,2020-04-01,4,0.0,-91.0
S1233,H047,합작설립,학생창업,벤처기업,NT,기타,정상운영,2018-11-01,6,2254.0,0.0
S1234,H012,단독설립,전문경영인(창업자),해당없음,BT,전문과학및기술서비스업,정상운영,2018-02-01,6,0.0,-8.0
S1235,H051,지분편입(지분매수),기타,연구소기업,해당없음,정보통신업,정상운영,2023-12-01,1,0.0,-99.0
S1236,H002,단독설립,전문경영인(창업자),연구소기업,IT,전문과학및기술서비스업,정상운영,2021-02-01,3,0.0,0.0
S1237,H034,합작설립,교수창업,벤처기업,ET,전문과학및기술서비스업,정상운영,2018-12-01,6,1130.0,83.0
S1238,H069,지분편입(유상증자),학생창업,연구소기업,BT,전문과학및기술서비스업,휴업,2022-07-01,2,0.0,0.0
S1239,H016,단독설립,전문경영인(창업자),연구소기업,IT,전문과학및기술서비스업,정상운영,2019-05-01,5,0.0,-25.0
S1240,H059,단독설립,교수창업,연구소기업,IT,제조업,정상운영,2023-10-01,1,0.0,-48.0
S1241,H048,단독설립,교수창업,연구소기업,IT,제조업,정상운영,2022-02-01,2,838.0,88.0
S1242,H034,지분편입(지분매수),학생창업,연구소기업,ET,정보통신업,정상운영,2023-04-01,1,621.0,111.0
S1243,H075,지분편입(지분매수),전문경영인(파트너기업겸직파견등),벤처기업,IT,정보통신업,폐업(청산),2023-04-01,1,0.0,0.0
S1244,H049,합작설립,교수창업,연구소기업,BT,교육서비스업,정상운영,2020-05-01,4,0.0,-63.0
S1245,H082,단독설립,교수창업,연구소기업,BT,전문과학및기술서비스업,정상운영,2017-03-01,7,0.0,-18.0
S1246,H048,지분편입(유상증자),교수창업,벤처기업,NT,제조업,투자회수(전액),2020-12-01,4,0.0,0.0
S1247,H014,지분편입(지분매수),교수창업,벤처기업,NT,정보통신업,정상운영,2023-11-01,1,234.0,-114.0
S1248,H030,단독설립,학생창업,신기술창업전문회사,IT,정보통신업,정상운영,2021-05-01,3,0.0,-118.0
S1249,H061,단독설립,학생창업,해당없음,BT,전문과학및기술서비스업,정상운영,2008-06-01,16,0.0,-68.0
S1250,H004,단독설립,교수창업,연구소기업,IT,제조업,정상운영,2016-12-01,8,857.0,-60.0
S1251,H080,단독설립,전문경영인(창업자),벤처기업,CT,정보통신업,정상운영,2021-08-01,3,0.0,-109.0
S1252,H072,합작설립,교수창업,해당없음,BT,제조업,정상운영,2019-11-01,5,14.0,92.0
S1253,H042,단독설립,학생창업,벤처기업,해당없음,정보통신업,정상운영,2021-10-01,3,159.0,-91.0
S1254,H079,지분편입(지분매수),무응답,연구소기업,IT,제조업,정상운영,2021-09-01,3,1828.0,-80.0
S1255,H029,단독설립,기타,연구소기업,IT,정보통신업,정상운영,2018-09-01,6,0.0,-10.0
S1256,H083,단독설립,학생창업,연구소기업,IT,제조업,정상운영,2023-10-01,1,0.0,0.0
S1257,H009,단독설립,기타,해당없음,IT,제조업,정상운영,2021-05-01,3,0.0,-119.0
S1258,H082,합작설립,기타,연구소기업,BT,전문과학및기술서비스업,정상운영,2018-03-01,6,0.0,-143.0
S1259,H060,단독설립,교수창업,벤처기업,IT,제조업,정상운영,2018-06-01,6,0.0,0.0
S1260,H039,합작설립,교수창업,연구소기업,IT,전문과학및기술서비스업,정상운영,2008-07-01,16,0.0,-108.0
S1261,H084,합작설립,학생창업,연구소기업,ET,제조업,정상운영,2018-06-01,6,1879.0,-4.0
S1262,H053,지분편입(지분매수),기타,해당없음,IT,전문과학및기술서비스업,정상운영,2023-11-01,1,0.0,-90.0
S1263,H015,단독설립,기타,해당없음,CT,정보통신업,정상운영,2022-03-01,2,0.0,-35.0
S1264,H018,합작설립,교수창업,해당없음,NT,교육서비스업,정상운영,2016-10-01,8,1899.0,-39.0
S1265,H006,단독설립,교수창업,벤처기업,NT,전문과학및기술서비스업,폐업(청산),2021-12-01,3,0.0,0.0
S1266,H005,단독설립,교수창업,기타,IT,제조업,정상운영,2009-01-01,15,0.0,-70.0
S1267,H039,지분편입(지분매수),무응답,연구소기업,IT,전문과학및기술서비스업,정상운영,2021-12-01,3,0.0,-113.0
S1268,H064,단독설립,교수창업,해당없음,IT,전문과학및기술서비스업,정상운영,2017-07-01,7,0.0,-120.0
S1269,H015,단독설립,교수창업,연구소기업,IT,정보통신업,정상운영,2015-11-01,9,0.0,-24.0
S1270,H013,단독설립,교수창업,벤처기업,IT,정보통신업,정상운영,2011-01-01,13,3599.0,-7.0
S1271,H031,지분편입(지분매수),교수창업,해당없음,IT,전문과학및기술서비스업,폐업(청산),2022-04-01,2,0.0,0.0
S1272,H069,단독설립,전문경영인(창업자),연구소기업,IT,제조업,정상운영,2020-03-01,4,0.0,-75.0
S1273,H018,지분편입(지분매수),기타,해당없음,IT,정보통신업,정상운영,2019-01-01,5,3599.0,-100.0
S1274,H050,합작설립,전문경영인(창업자),해당없음,IT,제조업,정상운영,2017-03-01,7,2253.0,141.0
S1275,H059,단독설립,기타,연구소기업,NT,기타,정상운영,2012-11-01,12,0.0,-133.0
S1276,H048,단독설립,전문경영인(파트너기업겸직파견등),연구소기업,IT,기타,정상운영,2022-01-01,2,0.0,-60.0
S1277,H070,단독설립,전문경영인(파트너기업겸직파견등),연구소기업,ET,정보통신업,폐업(청산),2011-04-01,13,0.0,0.0
S1278,H054,단독설립,학생창업,해당없음,IT,제조업,정상운영,2017-03-01,7,0.0,-12.0
S1279,H076,지분편입(지분매수),학생창업,해당없음,BT,제조업,투자회수(일부),2017-07-01,7,0.0,0.0
S1280,H020,합작설립,교수창업,해당없음,IT,정보통신업,정상운영,2015-06-01,9,0.0,-78.0
S1281,H054,합작설립,교수창업,연구소기업,BT,제조업,정상운영,2023-01-01,1,0.0,-101.0
S1282,H084,합작설립,교수창업,벤처기업,NT,제조업,정상운영,2018-10-01,6,0.0,-88.0
S1283,H013,합작설립,전문경영인(창업자),연구소기업,IT,전문과학및기술서비스업,정상운영,2023-08-01,1,1667.0,93.0
S1284,H063,지분편입(지분매수),전문경영인(창업자),연구소기업,BT,정보통신업,정상운영,2022-08-01,2,1424.0,123.0
S1285,H079,지분편입(지분매수),전문경영인(창업자),해당없음,BT,정보통신업,정상운영,2019-06-01,5,0.0,-77.0
S1286,H053,단독설립,교수창업,해당없음,BT,전문과학및기술서비스업,정상운영,2021-04-01,3,672.0,4.0
S1287,H036,단독설립,교수창업,신기술창업전문회사,IT,전문과학및기술서비스업,정상운영,2021-11-01,3,0.0,-143.0
S1288,H005,단독설립,교수창업,벤처기업,IT,기타,정상운영,2022-10-01,2,0.0,-143.0
S1289,H048,지분편입(유상증자),기타,해당없음,IT,제조업,정상운영,2016-07-01,8,1164.0,116.0
S1290,H028,지분편입(지분매수),전문경영인(파트너기업겸직파견등),해당없음,IT,정보통신업,정상운영,2021-08-01,3,134.0,155.0
S1291,H057,지분편입(지분매수),전문경영인(창업자),벤처기업,BT,제조업,정상운영,2020-04-01,4,0.0,-11.0
S1292,H057,단독설립,교수창업,벤처기업,NT,정보통신업,정상운영,2019-08-01,5,0.0,-104.0
S1293,H031,지분편입(지분매수),전문경영인(파트너기업겸직파견등),연구소기업,IT,정보통신업,정상운영,2019-10-01,5,956.0,143.0
S1294,H047,단독설립,교수창업,해당없음,BT,정보통신업,정상운영,2016-05-01,8,1659.0,-120.0
S1295,H013,합작설립,교수창업,연구소기업,BT,제조업,정상운영,2019-09-01,5,563.0,-118.0
S1296,H048,지분편입(지분매수),학생창업,해당없음,BT,기타,정상운영,2019-08-01,5,0.0,-77.0
S1297,H070,단독설립,전문경영인(파트너기업겸직파견등),벤처기업,IT,제조업,정상운영,2014-02-01,10,1733.0,-85.0
S1298,H083,지분편입(유상증자),교수창업,해당없음,ET,제조업,정상운영,2020-12-01,4,0.0,-45.0
S1299,H046,단독설립,학생창업,연구소기업,해당없음,정보통신업,정상운영,2020-05-01,4,494.0,98.0
S1300,H008,지분편입(지분매수),전문경영인(창업자),연구소기업,IT,전문과학및기술서비스업,정상운영,2008-11-01,16,2036.0,56.0
S1301,H051,지분편입(유상증자),교수창업,벤처기업,IT,정보통신업,정상운영,2019-09-01,5,2035.0,-15.0
S1302,H036,단독설립,전문경영인(창업자),벤처기업,BT,정보통신업,정상운영,2021-06-01,3,1211.0,69.0
S1303,H025,지분편입(지분매수),전문경영인(창업자),연구소기업,해당없음,제조업,정상운영,2022-06-01,2,0.0,-95.0
S1304,H016,단독설립,교수창업,벤처기업,해당없음,정보통신업,정상운영,2017-03-01,7,0.0,-65.0
S1305,H059,지분편입(유상증자),교수창업,벤처기업,BT,정보통신업,정상운영,2008-05-01,16,0.0,-48.0
S1306,H012,단독설립,교수창업,벤처기업,IT,제조업,폐업(청산),2022-06-01,2,0.0,0.0
S1307,H028,단독설립,전문경영인(창업자),해당없음,IT,제조업,정상운영,2011-08-01,13,1187.0,81.0
S1308,H083,합작설립,무응답,연구소기업,IT,제조업,정상운영,2017-09-01,7,0.0,-101.0
S1309,H082,지분편입(유상증자),기타,벤처기업,IT,전문과학및기술서비스업,정상운영,2023-08-01,1,0.0,-98.0
S1310,H077,단독설립,전문경영인(창업자),해당없음,IT,정보통신업,정상운영,2019-11-01,5,1862.0,-134.0
S1311,H003,지분편입(유상증자),전문경영인(파트너기업겸직파견등),벤처기업,IT,제조업,정상운영,2019-02-01,5,0.0,-2.0
S1312,H007,지분편입(지분매수),전문경영인(창업자),연구소기업,BT,제조업,폐업(청산),2023-11-01,1,0.0,0.0
S1313,H043,지분편입(지분매수),교수창업,연구소기업,BT,정보통신업,정상운영,2022-06-01,2,1208.0,-50.0
S1314,H032,단독설립,전문경영인(창업자),해당없음,IT,전문과학및기술서비스업,정상운영,2020-09-01,4,1687.0,-150.0
S1315,H017,합작설립,교수창업,해당없음,BT,제조업,정상운영,2020-05-01,4,0.0,-34.0
S1316,H073,지분편입(지분매수),교수창업,연구소기업,IT,제조업,정상운영,2021-02-01,3,1150.0,0.0
S1317,H027,단독설립,학생창업,벤처기업,BT,전문과학및기술서비스업,정상운영,2009-06-01,15,0.0,-46.0
S1318,H009,지분편입(지분매수),전문경영인(창업자),연구소기업,BT,전문과학및기술서비스업,정상운영,2009-07-01,15,2050.0,-64.0
S1319,H071,지분편입(지분매수),교수창업,벤처기업,IT,제조업,정상운영,2023-11-01,1,428.0,-120.0
S1320,H027,지분편입(지분매수),교수창업,벤처기업,IT,제조업,정상운영,2022-01-01,2,0.0,-99.0
S1321,H076,단독설립,전문경영인(창업자),연구소기업,해당없음,제조업,정상운영,2019-09-01,5,0.0,-106.0
S1322,H028,지분편입(지분매수),교수창업,기타,BT,전문과학및기술서비스업,정상운영,2020-03-01,4,0.0,-89.0
S1323,H030,단독설립,교수창업,연구소기업,IT,정보통신업,정상운영,2023-02-01,1,0.0,-12.0
S1324,H043,단독설립,교수창업,벤처기업,IT,제조업,정상운영,2022-04-01,2,0.0,-81.0
S1325,H019,단독설립,교수창업,벤처기업,BT,제조업,정상운영,2021-08-01,3,215.0,0.0
S1326,H077,합작설립,전문경영인(창업자),연구소기업,IT,정보통신업,정상운영,2023-02-01,1,744.0,8.0
S1327,H001,단독설립,교수창업,신기술창업전문회사,IT,제조업,정상운영,2009-02-01,15,0.0,-134.0
S1328,H036,지분편입(지분매수),교수창업,벤처기업,IT,전문과학및기술서비스업,정상운영,2018-09-01,6,0.0,-14.0
S1329,H019,합작설립,교수창업,벤처기업,ET,제조업,정상운영,2015-12-01,9,0.0,-48.0
S1330,H017,합작설립,교수창업,연구소기업,IT,제조업,정상운영,2021-05-01,3,0.0,-54.0
S1331,H070,단독설립,기타,해당없음,IT,전문과학및기술서비스업,정상운영,2023-03-01,1,1956.0,-100.0
S1332,H033,지분편입(지분매수),전문경영인(파트너기업겸직파견등),해당없음,IT,제조업,정상운영,2022-06-01,2,674.0,0.0
S1333,H023,지분편입(유상증자),학생창업,벤처기업,IT,제조업,정상운영,2020-05-01,4,0.0,-92.0
S1334,H015,단독설립,전문경영인(창업자),벤처기업,BT,제조업,정상운영,2017-08-01,7,0.0,-125.0
S1335,H004,지분편입(유상증자),무응답,연구소기업,NT,전문과학및기술서비스업,정상운영,2015-07-01,9,274.0,124.0
S1336,H017,단독설립,기타,연구소기업,IT,전문과학및기술서비스업,정상운영,2018-09-01,6,0.0,-125.0
S1337,H002,지분편입(지분매수),기타,벤처기업,해당없음,제조업,정상운영,2020-02-01,4,1665.0,30.0
S1338,H046,단독설립,기타,해당없음,IT,제조업,정상운영,2023-09-01,1,0.0,-17.0
S1339,H031,지분편입(지분매수),교수창업,해당없음,IT,제조업,정상운영,2022-03-01,2,1977.0,-18.0
S1340,H076,단독설립,전문경영인(창업자),신기술창업전문회사,IT,정보통신업,정상운영,2011-07-01,13,0.0,-6.0
S1341,H042,단독설립,학생창업,해당없음,BT,제조업,투자회수(일부),2018-09-01,6,0.0,0.0
S1342,H003,지분편입(지분매수),학생창업,해당없음,BT,기타,정상운영,2022-04-01,2,0.0,-9.0
S1343,H023,단독설립,교수창업,벤처기업,IT,제조업,정상운영,2018-03-01,6,50.0,19.0
S1344,H034,지분편입(지분매수),전문경영인(창업자),연구소기업,BT,제조업,정상운영,2019-11-01,5,0.0,-116.0
S1345,H007,지분편입(지분매수),교수창업,연구소기업,BT,제조업,정상운영,2018-04-01,6,0.0,-12.0
S1346,H017,단독설립,교수창업,벤처기업,BT,제조업,정상운영,2010-01-01,14,0.0,-86.0
S1347,H054,합작설립,교수창업,연구소기업,IT,교육서비스업,정상운영,2010-04-01,14,1443.0,25.0
S1348,H068,지분편입(지분매수),전문경영인(창업자),해당없음,BT,전문과학및기술서비스업,폐업(청산),2021-12-01,3,0.0,0.0
S1349,H015,지분편입(유상증자),학생창업,벤처기업,BT,정보통신업,정상운영,2018-12-01,6,0.0,-127.0
S1350,H009,합작설립,학생창업,해당없음,BT,제조업,정상운영,2019-06-01,5,0.0,-20.0
S1351,H061,단독설립,전문경영인(창업자),해당없음,해당없음,정보통신업,정상운영,2021-09-01,3,2257.0,-48.0
S1352,H058,단독설립,학생창업,해당없음,IT,전문과학및기술서비스업,정상운영,2012-10-01,12,0.0,-116.0
S1353,H047,단독설립,전문경영인(파트너기업겸직파견등),벤처기업,BT,제조업,정상운영,2020-03-01,4,548.0,2.0
S1354,H066,단독설립,교수창업,해당없음,NT,정보통신업,정상운영,2009-10-01,15,1370.0,54.0
S1355,H076,지분편입(유상증자),전문경영인(창업자),연구소기업,해당없음,전문과학및기술서비스업,정상운영,2023-09-01,1,1025.0,-35.0
S1356,H014,지분편입(지분매수),기타,해당없음,CT,전문과학및기술서비스업,정상운영,2023-09-01,1,0.0,-107.0
S1357,H058,단독설립,학생창업,연구소기업,BT,정보통신업,정상운영,2018-01-01,6,1134.0,0.0
S1358,H065,단독설립,교수창업,해당없음,BT,정보통신업,정상운영,2020-09-01,4,2181.0,-104.0
S1359,H029,단독설립,기타,해당없음,IT,전문과학및기술서비스업,정상운영,2021-06-01,3,0.0,-121.0
S1360,H079,지분편입(지분매수),학생창업,해당없음,BT,제조업,정상운영,2023-09-01,1,2007.0,-109.0
S1361,H006,단독설립,무응답,연구소기업,IT,제조업,정상운영,2017-04-01,7,0.0,-20.0
S1362,H067,지분편입(지분매수),전문경영인(파트너기업겸직파견등),해당없음,IT,전문과학및기술서비스업,정상운영,2021-12-01,3,0.0,-133.0
S1363,H039,합작설립,학생창업,벤처기업,NT,제조업,정상운영,2020-09-01,4,1609.0,-121.0
S1364,H059,지분편입(지분매수),학생창업,이노비즈기업,BT,정보통신업,정상운영,2012-03-01,12,0.0,0.0
S1365,H083,지분편입(유상증자),학생창업,해당없음,NT,전문과학및기술서비스업,정상운영,2018-06-01,6,480.0,-68.0
S1366,H004,합작설립,무응답,해당없음,BT,제조업,정상운영,2016-03-01,8,555.0,-89.0
S1367,H008,합작설립,교수창업,연구소기업,IT,기타,정상운영,2022-02-01,2,0.0,0.0
S1368,H062,단독설립,전문경영인(창업자),벤처기업,ET,정보통신업,정상운영,2022-11-01,2,0.0,-32.0
S1369,H052,단독설립,교수창업,해당없음,NT,정보통신업,정상운영,2023-03-01,1,0.0,-35.0
S1370,H055,합작설립,기타,이노비즈기업,IT,제조업,정상운영,2023-11-01,1,0.0,-115.0
S1371,H014,단독설립,기타,연구소기업,IT,정보통신업,정상운영,2022-11-01,2,0.0,-53.0
S1372,H063,단독설립,학생창업,해당없음,IT,정보통신업,정상운영,2017-10-01,7,0.0,-112.0
S1373,H057,단독설립,학생창업,해당없음,BT,제조업,정상운영,2011-04-01,13,0.0,-15.0
S1374,H010,합작설립,교수창업,연구소기업,IT,정보통신업,정상운영,2018-12-01,6,0.0,-119.0
S1375,H011,지분편입(지분매수),전문경영인(창업자),벤처기업,BT,정보통신업,정상운영,2020-03-01,4,0.0,-133.0
S1376,H042,합작설립,전문경영인(창업자),해당없음,BT,정보통신업,정상운영,2021-09-01,3,521.0,18.0
S1377,H078,지분편입(지분매수),교수창업,연구소기업,IT,전문과학및기술서비스업,정상운영,2013-10-01,11,1694.0,117.0
S1378,H019,단독설립,교수창업,연구소기업,BT,전문과학및기술서비스업,정상운영,2017-07-01,7,970.0,-148.0
S1379,H009,지분편입(지분매수),전문경영인(창업자),연구소기업,해당없음,정보통신업,정상운영,2023-04-01,1,3599.0,0.0
S1380,H017,단독설립,전문경영인(창업자),해당없음,ET,전문과학및기술서비스업,정상운영,2016-05-01,8,0.0,0.0
S1381,H036,지분편입(지분매수),학생창업,연구소기업,ET,전문과학및기술서비스업,폐업(청산),2008-01-01,16,0.0,0.0
S1382,H080,지분편입(지분매수),교수창업,벤처기업,해당없음,전문과학및기술서비스업,정상운영,2018-07-01,6,0.0,-144.0
S1383,H082,단독설립,교수창업,연구소기업,NT,정보통신업,정상운영,2020-05-01,4,0.0,-3.0
S1384,H075,합작설립,교수창업,연구소기업,BT,제조업,정상운영,2023-07-01,1,1477.0,-11.0
S1385,H071,단독설립,기타,해당없음,해당없음,전문과학및기술서비스업,정상운영,2011-09-01,13,1152.0,0.0
S1386,H042,지분편입(유상증자),교수창업,벤처기업,IT,정보통신업,정상운영,2020-07-01,4,0.0,-50.0
S1387,H049,지분편입(지분매수),학생창업,연구소기업,해당없음,제조업,정상운영,2008-08-01,16,0.0,-78.0
S1388,H077,지분편입(지분매수),기타,연구소기업,해당없음,제조업,정상운영,2019-08-01,5,0.0,-56.0
S1389,H068,단독설립,학생창업,해당없음,해당없음,제조업,폐업(청산),2021-06-01,3,0.0,0.0
S1390,H038,지분편입(지분매수),교수창업,벤처기업,IT,전문과학및기술서비스업,정상운영,2023-03-01,1,0.0,0.0
S1391,H059,단독설립,전문경영인(창업자),해당없음,해당없음,제조업,정상운영,2019-12-01,5,1337.0,-144.0
S1392,H065,합작설립,교수창업,해당없음,BT,정보통신업,정상운영,2023-05-01,1,1775.0,-107.0
S1393,H078,단독설립,전문경영인(창업자),연구소기업,ET,전문과학및기술서비스업,정상운영,2023-01-01,1,0.0,-59.0
S1394,H056,단독설립,전문경영인(파트너기업겸직파견등),연구소기업,IT,제조업,정상운영,2023-02-01,1,0.0,-139.0
S1395,H013,지분편입(지분매수),교수창업,연구소기업,BT,전문과학및기술서비스업,정상운영,2021-05-01,3,0.0,-124.0
S1396,H015,지분편입(지분매수),교수창업,벤처기업,BT,전문과학및기술서비스업,휴업,2018-12-01,6,0.0,0.0
S1397,H084,지분편입(지분매수),교수창업,해당없음,ET,정보통신업,정상운영,2023-09-01,1,2006.0,-53.0
S1398,H084,지분편입(지분매수),교수창업,연구소기업,해당없음,제조업,투자회수(전액),2022-11-01,2,0.0,0.0
S1399,H071,합작설립,교수창업,해당없음,ET,정보통신업,정상운영,2022-05-01,2,1560.0,-132.0
S1400,H028,지분편입(지분매수),전문경영인(창업자),벤처기업,IT,전문과학및기술서비스업,정상운영,2020-04-01,4,0.0,-13.0
S1401,H056,단독설립,교수창업,연구소기업,IT,정보통신업,정상운영,2017-12-01,7,0.0,-57.0
S1402,H058,지분편입(지분매수),교수창업,해당없음,해당없음,전문과학및기술서비스업,정상운영,2017-10-01,7,0.0,0.0
S1403,H030,단독설립,학생창업,해당없음,CT,정보통신업,투자회수(전액),2020-10-01,4,0.0,0.0
S1404,H053,지분편입(지분매수),학생창업,연구소기업,BT,제조업,정상운영,2020-02-01,4,576.0,52.0
S1405,H044,단독설립,기타,해당없음,NT,제조업,정상운영,2021-01-01,3,0.0,-20.0
S1406,H059,단독설립,전문경영인(창업자),해당없음,IT,제조업,정상운영,2021-07-01,3,0.0,-18.0
S1407,H052,단독설립,학생창업,벤처기업,IT,전문과학및기술서비스업,정상운영,2017-03-01,7,1629.0,141.0
S1408,H054,합작설립,전문경영인(파트너기업겸직파견등),연구소기업,BT,도매및소매업,정상운영,2018-03-01,6,1867.0,-88.0
S1409,H013,단독설립,교수창업,연구소기업,CT,정보통신업,정상운영,2014-08-01,10,0.0,-40.0
S1410,H041,단독설립,전문경영인(파트너기업겸직파견등),연구소기업,BT,정보통신업,정상운영,2022-03-01,2,3599.0,-6.0
S1411,H055,합작설립,교수창업,벤처기업,BT,기타,정상운영,2020-04-01,4,3599.0,-44.0
S1412,H041,단독설립,무응답,해당없음,IT,정보통신업,정상운영,2019-07-01,5,0.0,-76.0
S1413,H033,단독설립,전문경영인(창업자),연구소기업,ET,제조업,정상운영,2023-03-01,1,0.0,-92.0
S1414,H048,지분편입(지분매수),교수창업,연구소기업,IT,제조업,정상운영,2023-11-01,1,1694.0,-29.0
S1415,H020,합작설립,학생창업,벤처기업,BT,도매및소매업,정상운영,2023-07-01,1,0.0,-58.0
S1416,H061,지분편입(지분매수),전문경영인(창업자),벤처기업,해당없음,정보통신업,기타,2015-07-01,9,0.0,0.0
S1417,H009,단독설립,무응답,해당없음,IT,정보통신업,정상운영,2017-10-01,7,0.0,-124.0
S1418,H012,지분편입(지분매수),전문경영인(창업자),벤처기업,BT,도매및소매업,정상운영,2022-04-01,2,1050.0,-37.0
S1419,H011,합작설립,전문경영인(창업자),연구소기업,BT,정보통신업,정상운영,2021-04-01,3,0.0,-110.0
S1420,H012,단독설립,전문경영인(창업자),연구소기업,BT,전문과학및기술서비스업,정상운영,2021-06-01,3,232.0,132.0
S1421,H056,단독설립,교수창업,연구소기업,CT,제조업,정상운영,2008-02-01,16,0.0,-32.0
S1422,H013,지분편입(지분매수),전문경영인(파트너기업겸직파견등),연구소기업,IT,전문과학및기술서비스업,정상운영,2021-04-01,3,1418.0,-145.0
S1423,H048,지분편입(지분매수),전문경영인(창업자),벤처기업,해당없음,정보통신업,정상운영,2023-05-01,1,0.0,-114.0
S1424,H017,지분편입(유상증자),교수창업,연구소기업,BT,정보통신업,정상운영,2017-03-01,7,0.0,-31.0
S1425,H072,단독설립,학생창업,해당없음,IT,제조업,정상운영,2020-07-01,4,0.0,-45.0
S1426,H008,지분편입(지분매수),기타,해당없음,NT,제조업,정상운영,2019-02-01,5,307.0,-11.0
S1427,H076,지분편입(지분매수),전문경영인(창업자),벤처기업,NT,제조업,정상운영,2016-12-01,8,0.0,115.0
S1428,H072,단독설립,전문경영인(파트너기업겸직파견등),연구소기업,ET,제조업,정상운영,2017-12-01,7,634.0,-53.0
S1429,H072,지분편입(지분매수),학생창업,벤처기업,IT,제조업,정상운영,2017-10-01,7,90.0,-21.0
S1430,H043,합작설립,교수창업,해당없음,해당없음,제조업,정상운영,2018-11-01,6,2029.0,149.0
S1431,H016,단독설립,기타,연구소기업,IT,정보통신업,정상운영,2023-03-01,1,0.0,-115.0
S1432,H053,지분편입(지분매수),학생창업,벤처기업,IT,제조업,폐업(청산),2019-04-01,5,0.0,0.0
S1433,H046,지분편입(유상증자),학생창업,연구소기업,BT,제조업,정상운영,2020-08-01,4,0.0,-149.0
S1434,H055,단독설립,교수창업,연구소기업,해당없음,제조업,정상운영,2018-03-01,6,0.0,-69.0
S1435,H007,지분편입(지분매수),전문경영인(파트너기업겸직파견등),연구소기업,IT,전문과학및기술서비스업,정상운영,2017-11-01,7,1170.0,146.0
S1436,H037,단독설립,학생창업,연구소기업,BT,제조업,투자회수(전액),2017-05-01,7,0.0,0.0
S1437,H077,단독설립,교수창업,연구소기업,IT,전문과학및기술서비스업,정상운영,2020-06-01,4,0.0,-90.0
S1438,H040,단독설립,교수창업,벤처기업,IT,정보통신업,정상운영,2020-01-01,4,0.0,-148.0
S1439,H046,지분편입(지분매수),학생창업,해당없음,BT,제조업,정상운영,2021-11-01,3,0.0,-32.0
S1440,H014,단독설립,전문경영인(창업자),해당없음,BT,제조업,정상운영,2016-02-01,8,0.0,110.0
S1441,H074,지분편입(지분매수),전문경영인(창업자),연구소기업,해당없음,전문과학및기술서비스업,정상운영,2023-09-01,1,0.0,-71.0
S1442,H065,지분편입(지분매수),교수창업,연구소기업,ET,기타,정상운영,2023-05-01,1,0.0,-67.0
S1443,H028,지분편입(지분매수),교수창업,연구소기업,BT,제조업,정상운영,2022-09-01,2,0.0,-65.0
S1444,H020,지분편입(지분매수),전문경영인(창업자),연구소기업,BT,도매및소매업,정상운영,2009-02-01,15,0.0,-74.0
S1445,H062,지분편입(지분매수),교수창업,해당없음,BT,정보통신업,투자회수(전액),2018-11-01,6,0.0,0.0
S1446,H029,단독설립,교수창업,연구소기업,BT,제조업,정상운영,2023-10-01,1,3599.0,-123.0
S1447,H014,지분편입(지분매수),교수창업,연구소기업,IT,정보통신업,정상운영,2022-08-01,2,0.0,-42.0
S1448,H045,단독설립,교수창업,연구소기업,BT,전문과학및기술서비스업,정상운영,2021-04-01,3,417.0,-95.0
S1449,H072,지분편입(지분매수),교수창업,연구소기업,BT,제조업,정상운영,2021-11-01,3,0.0,-50.0
S1450,H048,단독설립,교수창업,연구소기업,IT,정보통신업,정상운영,2019-08-01,5,147.0,130.0
S1451,H015,단독설립,전문경영인(창업자),해당없음,IT,제조업,정상운영,2019-05-01,5,0.0,0.0
S1452,H036,단독설립,학생창업,해당없음,BT,제조업,정상운영,2012-02-01,12,0.0,0.0
S1453,H074,지분편입(지분매수),무응답,해당없음,IT,정보통신업,정상운영,2011-09-01,13,0.0,-107.0
S1454,H029,지분편입(유상증자),무응답,해당없음,IT,전문과학및기술서비스업,정상운영,2023-12-01,1,1540.0,88.0
S1455,H055,단독설립,학생창업,벤처기업,NT,도매및소매업,정상운영,2023-10-01,1,773.0,85.0
S1456,H072,지분편입(유상증자),전문경영인(창업자),해당없음,해당없음,제조업,정상운영,2021-08-01,3,0.0,-30.0
S1457,H080,지분편입(지분매수),전문경영인(창업자),벤처기업,IT,정보통신업,정상운영,2008-03-01,16,0.0,-37.0
S1458,H079,단독설립,전문경영인(창업자),해당없음,ET,제조업,정상운영,2009-02-01,15,798.0,0.0
S1459,H083,지분편입(지분매수),무응답,연구소기업,BT,제조업,정상운영,2019-12-01,5,1445.0,-132.0
S1460,H072,지분편입(유상증자),교수창업,연구소기업,IT,전문과학및기술서비스업,정상운영,2019-06-01,5,0.0,-144.0
S1461,H004,지분편입(지분매수),전문경영인(창업자),해당없음,IT,전문과학및기술서비스업,정상운영,2017-05-01,7,0.0,0.0
S1462,H078,단독설립,교수창업,연구소기업,IT,전문과학및기술서비스업,투자회수(일부),2008-01-01,16,0.0,0.0
S1463,H035,합작설립,교수창업,연구소기업,IT,제조업,정상운영,2017-07-01,7,555.0,2.0
S1464,H004,단독설립,학생창업,연구소기업,ET,교육서비스업,정상운영,2022-05-01,2,841.0,31.0
S1465,H024,단독설립,교수창업,벤처기업,IT,정보통신업,정상운영,2018-02-01,6,0.0,0.0
S1466,H035,합작설립,교수창업,연구소기업,BT,제조업,정상운영,2022-11-01,2,405.0,151.0
S1467,H040,단독설립,교수창업,벤처기업,IT,전문과학및기술서비스업,정상운영,2021-08-01,3,0.0,-113.0
S1468,H044,지분편입(지분매수),교수창업,해당없음,BT,전문과학및기술서비스업,정상운영,2020-07-01,4,0.0,-90.0
S1469,H045,단독설립,전문경영인(파트너기업겸직파견등),연구소기업,IT,정보통신업,정상운영,2011-10-01,13,0.0,-18.0
S1470,H001,지분편입(지분매수),전문경영인(창업자),연구소기업,ET,기타,정상운영,2023-03-01,1,633.0,-145.0
S1471,H024,지분편입(유상증자),학생창업,해당없음,BT,전문과학및기술서비스업,정상운영,2008-12-01,16,0.0,0.0
S1472,H019,단독설립,학생창업,해당없음,ET,도매및소매업,정상운영,2017-12-01,7,0.0,-139.0
S1473,H073,단독설립,학생창업,해당없음,IT,정보통신업,정상운영,2016-08-01,8,0.0,13.0
S1474,H052,단독설립,기타,해당없음,IT,교육서비스업,정상운영,2010-05-01,14,0.0,-146.0
S1475,H009,지분편입(지분매수),전문경영인(파트너기업겸직파견등),연구소기업,BT,정보통신업,정상운영,2014-04-01,10,649.0,-13.0
S1476,H019,지분편입(유상증자),전문경영인(창업자),해당없음,BT,제조업,정상운영,2014-09-01,10,571.0,139.0
S1477,H082,단독설립,교수창업,벤처기업,IT,정보통신업,정상운영,2019-02-01,5,321.0,148.0
S1478,H004,단독설립,교수창업,해당없음,BT,제조업,정상운영,2021-02-01,3,406.0,-44.0
S1479,H012,합작설립,교수창업,해당없음,BT,제조업,정상운영,2023-12-01,1,2132.0,-46.0
S1480,H068,단독설립,교수창업,해당없음,IT,교육서비스업,정상운영,2018-10-01,6,0.0,-148.0
S1481,H028,단독설립,전문경영인(창업자),벤처기업,BT,정보통신업,정상운영,2021-10-01,3,0.0,-9.0
S1482,H049,지분편입(지분매수),전문경영인(창업자),해당없음,IT,제조업,정상운영,2022-06-01,2,0.0,0.0
S1483,H054,합작설립,학생창업,해당없음,IT,정보통신업,정상운영,2018-04-01,6,1652.0,3.0
S1484,H059,지분편입(지분매수),무응답,해당없음,IT,정보통신업,정상운영,2022-11-01,2,0.0,-127.0
S1485,H044,단독설립,교수창업,해당없음,IT,정보통신업,정상운영,2016-08-01,8,1869.0,154.0
S1486,H021,합작설립,교수창업,해당없음,BT,정보통신업,정상운영,2018-12-01,6,0.0,-9.0
S1487,H048,지분편입(지분매수),교수창업,벤처기업,IT,정보통신업,정상운영,2020-07-01,4,0.0,-86.0
S1488,H040,지분편입(지분매수),교수창업,벤처기업,BT,제조업,정상운영,2022-07-01,2,1979.0,-93.0
S1489,H042,지분편입(유상증자),교수창업,신기술창업전문회사,IT,정보통신업,정상운영,2020-01-01,4,0.0,-47.0
S1490,H073,단독설립,학생창업,해당없음,해당없음,정보통신업,정상운영,2022-11-01,2,0.0,101.0
S1491,H077,단독설립,기타,연구소기업,IT,정보통신업,정상운영,2021-02-01,3,428.0,20.0
S1492,H011,지분편입(지분매수),전문경영인(창업자),벤처기업,IT,정보통신업,투자회수(전액),2017-05-01,7,0.0,0.0
S1493,H007,단독설립,기타,벤처기업,BT,정보통신업,정상운영,2021-12-01,3,0.0,-48.0
S1494,H020,단독설립,전문경영인(창업자),연구소기업,ET,정보통신업,정상운영,2021-12-01,3,0.0,-85.0
S1495,H021,합작설립,무응답,연구소기업,IT,도매및소매업,정상운영,2019-05-01,5,0.0,-80.0
S1496,H080,지분편입(지분매수),전문경영인(창업자),해당없음,IT,정보통신업,정상운영,2019-05-01,5,0.0,-127.0
S1497,H007,단독설립,교수창업,연구소기업,ET,제조업,정상운영,2022-11-01,2,0.0,-4.0
S1498,H011,단독설립,교수창업,벤처기업,IT,전문과학및기술서비스업,정상운영,2022-09-01,2,0.0,-12.0
S1499,H035,단독설립,기타,연구소기업,IT,제조업,정상운영,2013-06-01,11,1506.0,-56.0
S1500,H057,합작설립,기타,연구소기업,BT,정보통신업,정상운영,2019-07-01,5,0.0,-74.0
S1501,H055,단독설립,교수창업,벤처기업,IT,제조업,정상운영,2022-11-01,2,0.0,-81.0
S1502,H063,단독설립,교수창업,벤처기업,IT,정보통신업,정상운영,2021-05-01,3,0.0,-95.0
S1503,H078,지분편입(유상증자),전문경영인(창업자),해당없음,NT,제조업,정상운영,2018-06-01,6,3599.0,0.0
S1504,H057,단독설립,학생창업,해당없음,BT,제조업,정상운영,2016-02-01,8,938.0,135.0
S1505,H054,단독설립,교수창업,벤처기업,IT,제조업,정상운영,2022-01-01,2,0.0,151.0
S1506,H035,지분편입(지분매수),학생창업,벤처기업,BT,정보통신업,정상운영,2019-02-01,5,0.0,-11.0
S1507,H028,단독설립,전문경영인(창업자),연구소기업,BT,정보통신업,정상운영,2018-12-01,6,833.0,-3.0
S1508,H066,단독설립,무응답,해당없음,CT,전문과학및기술서비스업,정상운영,2020-08-01,4,1101.0,-140.0
S1509,H015,지분편입(지분매수),전문경영인(파트너기업겸직파견등),연구소기업,BT,전문과학및기술서비스업,정상운영,2023-04-01,1,263.0,-114.0
S1510,H045,지분편입(유상증자),전문경영인(창업자),벤처기업,BT,제조업,정상운영,2022-10-01,2,1151.0,-95.0
S1511,H056,지분편입(지분매수),기타,연구소기업,IT,정보통신업,투자회수(전액),2018-08-01,6,0.0,0.0
S1512,H015,지분편입(지분매수),학생창업,연구소기업,IT,제조업,정상운영,2016-04-01,8,422.0,-83.0
S1513,H037,지분편입(지분매수),교수창업,연구소기업,BT,제조업,정상운영,2021-10-01,3,2127.0,132.0
S1514,H076,지분편입(지분매수),교수창업,해당없음,IT,정보통신업,정상운영,2017-07-01,7,1839.0,-74.0
S1515,H063,지분편입(지분매수),전문경영인(창업자),해당없음,BT,전문과학및기술서비스업,정상운영,2015-11-01,9,0.0,-89.0
S1516,H068,단독설립,전문경영인(파트너기업겸직파견등),해당없음,BT,제조업,정상운영,2020-05-01,4,0.0,-18.0
S1517,H040,합작설립,기타,해당없음,BT,전문과학및기술서비스업,폐업(청산),2019-02-01,5,0.0,0.0
S1518,H006,단독설립,교수창업,연구소기업,IT,제조업,정상운영,2020-12-01,4,0.0,-46.0
S1519,H029,지분편입(유상증자),기타,벤처기업,ET,전문과학및기술서비스업,정상운영,2022-08-01,2,176.0,43.0
S1520,H051,지분편입(지분매수),교수창업,연구소기업,BT,도매및소매업,폐업(청산),2023-09-01,1,0.0,0.0
S1521,H077,단독설립,교수창업,연구소기업,IT,정보통신업,정상운영,2017-10-01,7,0.0,-108.0
S1522,H008,단독설립,교수창업,벤처기업,BT,기타,정상운영,2020-10-01,4,0.0,0.0
S1523,H001,지분편입(지분매수),교수창업,벤처기업,해당없음,제조업,정상운영,2020-07-01,4,1739.0,36.0
S1524,H027,지분편입(지분매수),교수창업,해당없음,IT,전문과학및기술서비스업,정상운영,2023-10-01,1,0.0,-104.0
S1525,H039,단독설립,교수창업,연구소기업,IT,정보통신업,정상운영,2016-09-01,8,0.0,0.0
S1526,H028,단독설립,교수창업,해당없음,IT,전문과학및기술서비스업,정상운영,2014-11-01,10,0.0,-44.0
S1527,H018,단독설립,기타,해당없음,해당없음,전문과학및기술서비스업,투자회수(전액),2018-07-01,6,0.0,0.0
S1528,H033,지분편입(유상증자),교수창업,해당없음,IT,제조업,정상운영,2019-01-01,5,0.0,-27.0
S1529,H038,단독설립,교수창업,벤처기업,IT,제조업,정상운영,2022-10-01,2,0.0,-98.0
S1530,H042,지분편입(지분매수),전문경영인(창업자),벤처기업,해당없음,제조업,정상운영,2019-02-01,5,0.0,-69.0
S1531,H016,지분편입(지분매수),교수창업,신기술창업전문회사,해당없음,제조업,정상운영,2023-10-01,1,0.0,-14.0
S1532,H001,합작설립,교수창업,해당없음,해당없음,제조업,정상운영,2023-11-01,1,0.0,0.0
S1533,H064,지분편입(지분매수),학생창업,해당없음,IT,정보통신업,정상운영,2008-02-01,16,0.0,-95.0
S1534,H056,단독설립,학생창업,벤처기업,BT,전문과학및기술서비스업,정상운영,2019-10-01,5,1358.0,63.0
S1535,H023,단독설립,학생창업,해당없음,IT,정보통신업,정상운영,2021-02-01,3,0.0,-4.0
S1536,H017,합작설립,무응답,해당없음,BT,전문과학및기술서비스업,정상운영,2021-02-01,3,0.0,-17.0
S1537,H049,합작설립,교수창업,연구소기업,BT,정보통신업,정상운영,2021-04-01,3,592.0,11.0
S1538,H069,지분편입(지분매수),교수창업,벤처기업,BT,정보통신업,정상운영,2021-06-01,3,0.0,-100.0
S1539,H030,단독설립,전문경영인(창업자),해당없음,해당없음,전문과학및기술서비스업,정상운영,2009-10-01,15,0.0,-3.0
S1540,H065,지분편입(유상증자),교수창업,연구소기업,IT,제조업,정상운영,2018-11-01,6,0.0,-70.0
S1541,H072,단독설립,교수창업,해당없음,IT,교육서비스업,정상운영,2023-12-01,1,0.0,-97.0
S1542,H046,지분편입(지분매수),전문경영인(창업자),해당없음,IT,정보통신업,정상운영,2013-10-01,11,0.0,-33.0
S1543,H010,지분편입(지분매수),전문경영인(창업자),연구소기업,BT,제조업,정상운영,2019-07-01,5,0.0,-78.0
S1544,H051,단독설립,교수창업,해당없음,BT,기타,정상운영,2020-07-01,4,1549.0,0.0
S1545,H006,합작설립,전문경영인(창업자),벤처기업,IT,정보통신업,정상운영,2016-12-01,8,0.0,-67.0
S1546,H056,단독설립,기타,해당없음,ET,제조업,정상운영,2019-12-01,5,0.0,-2.0
S1547,H003,단독설립,전문경영인(창업자),해당없음,IT,정보통신업,정상운영,2023-01-01,1,0.0,0.0
S1548,H059,단독설립,교수창업,벤처기업,BT,제조업,투자회수(전액),2013-06-01,11,0.0,0.0
S1549,H010,단독설립,교수창업,해당없음,IT,전문과학및기술서비스업,정상운영,2016-11-01,8,2118.0,-9.0
S1550,H041,지분편입(지분매수),교수창업,연구소기업,해당없음,전문과학및기술서비스업,정상운영,2019-08-01,5,0.0,-20.0
S1551,H074,단독설립,기타,연구소기업,IT,제조업,투자회수(전액),2019-08-01,5,0.0,0.0
S1552,H055,단독설립,교수창업,연구소기업,IT,제조업,정상운영,2019-10-01,5,0.0,-118.0
S1553,H074,지분편입(지분매수),교수창업,벤처기업,CT,제조업,정상운영,2023-09-01,1,0.0,0.0
S1554,H052,단독설립,교수창업,해당없음,BT,교육서비스업,정상운영,2022-01-01,2,0.0,-104.0
S1555,H082,합작설립,교수창업,연구소기업,IT,정보통신업,정상운영,2019-07-01,5,0.0,-105.0
S1556,H054,단독설립,학생창업,해당없음,IT,제조업,정상운영,2019-11-01,5,0.0,-76.0
S1557,H038,합작설립,무응답,벤처기업,BT,제조업,정상운영,2018-12-01,6,1439.0,-109.0
S1558,H015,지분편입(지분매수),교수창업,연구소기업,IT,제조업,정상운영,2023-07-01,1,0.0,-53.0
S1559,H052,단독설립,교수창업,해당없음,IT,전문과학및기술서비스업,정상운영,2019-11-01,5,1582.0,149.0
S1560,H003,합작설립,교수창업,연구소기업,BT,제조업,정상운영,2020-01-01,4,0.0,-95.0
S1561,H042,단독설립,전문경영인(창업자),해당없음,BT,전문과학및기술서비스업,정상운영,2021-04-01,3,0.0,-146.0
S1562,H022,단독설립,교수창업,연구소기업,IT,정보통신업,정상운영,2009-10-01,15,0.0,-122.0
S1563,H080,단독설립,기타,벤처기업,IT,교육서비스업,정상운영,2021-03-01,3,897.0,0.0
S1564,H059,합작설립,학생창업,해당없음,해당없음,제조업,정상운영,2018-01-01,6,0.0,-87.0
S1565,H047,단독설립,학생창업,연구소기업,IT,제조업,폐업(청산),2023-11-01,1,0.0,0.0
S1566,H012,합작설립,학생창업,연구소기업,NT,제조업,정상운영,2019-06-01,5,0.0,-4.0
S1567,H056,단독설립,교수창업,해당없음,ET,정보통신업,정상운영,2019-02-01,5,1738.0,-98.0
S1568,H014,단독설립,학생창업,연구소기업,BT,정보통신업,투자회수(전액),2017-05-01,7,0.0,0.0
S1569,H032,지분편입(지분매수),교수창업,연구소기업,해당없음,제조업,정상운영,2022-07-01,2,1631.0,98.0
S1570,H056,단독설립,교수창업,연구소기업,ET,제조업,기타,2022-01-01,2,0.0,0.0
S1571,H076,단독설립,교수창업,해당없음,IT,제조업,정상운영,2022-12-01,2,0.0,-42.0
S1572,H052,지분편입(유상증자),교수창업,벤처기업,IT,정보통신업,정상운영,2020-08-01,4,0.0,-37.0
S1573,H068,지분편입(지분매수),교수창업,해당없음,IT,전문과학및기술서비스업,정상운영,2017-05-01,7,0.0,-17.0
S1574,H011,지분편입(지분매수),기타,연구소기업,CT,제조업,정상운영,2017-06-01,7,2201.0,-131.0
S1575,H051,지분편입(유상증자),교수창업,해당없음,IT,정보통신업,정상운영,2021-11-01,3,2225.0,88.0
S1576,H040,단독설립,교수창업,해당없음,해당없음,제조업,정상운영,2023-06-01,1,0.0,-96.0
S1577,H044,단독설립,전문경영인(파트너기업겸직파견등),벤처기업,BT,정보통신업,정상운영,2023-06-01,1,0.0,-53.0
S1578,H029,합작설립,교수창업,연구소기업,BT,정보통신업,폐업(청산),2017-04-01,7,0.0,0.0
S1579,H043,단독설립,전문경영인(파트너기업겸직파견등),연구소기업,IT,제조업,정상운영,2010-05-01,14,2202.0,-36.0
S1580,H022,지분편입(지분매수),기타,연구소기업,BT,제조업,정상운영,2021-08-01,3,885.0,121.0
S1581,H010,단독설립,교수창업,벤처기업,BT,제조업,정상운영,2016-01-01,8,0.0,-29.0
S1582,H066,지분편입(유상증자),학생창업,연구소기업,해당없음,정보통신업,정상운영,2019-06-01,5,0.0,-137.0
S1583,H082,지분편입(유상증자),전문경영인(파트너기업겸직파견등),해당없음,BT,정보통신업,정상운영,2023-08-01,1,0.0,36.0
S1584,H015,단독설립,학생창업,연구소기업,BT,제조업,정상운영,2021-12-01,3,0.0,-93.0
S1585,H068,지분편입(지분매수),교수창업,해당없음,IT,전문과학및기술서비스업,정상운영,2021-11-01,3,1615.0,-97.0
S1586,H066,단독설립,교수창업,해당없음,BT,전문과학및기술서비스업,정상운영,2019-05-01,5,0.0,-92.0
S1587,H025,지분편입(지분매수),전문경영인(파트너기업겸직파견등),해당없음,IT,전문과학및기술서비스업,정상운영,2021-03-01,3,1357.0,-134.0
S1588,H045,단독설립,기타,연구소기업,IT,정보통신업,정상운영,2023-04-01,1,1709.0,-110.0
S1589,H045,지분편입(유상증자),전문경영인(창업자),해당없음,IT,전문과학및기술서비스업,정상운영,2018-09-01,6,0.0,-97.0
S1590,H083,지분편입(지분매수),학생창업,해당없음,BT,정보통신업,정상운영,2020-09-01,4,1881.0,99.0
S1591,H019,지분편입(지분매수),학생창업,해당없음,IT,전문과학및기술서비스업,정상운영,2017-11-01,7,0.0,-77.0
S1592,H031,단독설립,교수창업,연구소기업,BT,제조업,정상운영,2017-06-01,7,0.0,-110.0
S1593,H014,지분편입(지분매수),기타,연구소기업,IT,제조업,정상운영,2020-12-01,4,181.0,-74.0
S1594,H019,지분편입(지분매수),기타,해당없음,IT,제조업,정상운영,2019-07-01,5,0.0,-40.0
S1595,H033,지분편입(지분매수),교수창업,연구소기업,BT,전문과학및기술서비스업,정상운영,2018-06-01,6,275.0,104.0
S1596,H026,지분편입(지분매수),교수창업,벤처기업,IT,정보통신업,정상운영,2016-03-01,8,1725.0,-28.0
S1597,H023,합작설립,학생창업,벤처기업,BT,전문과학및기술서비스업,폐업(청산),2014-08-01,10,0.0,0.0
S1598,H078,단독설립,기타,벤처기업,ET,제조업,정상운영,2023-02-01,1,0.0,-115.0
S1599,H020,지분편입(지분매수),교수창업,이노비즈기업,해당없음,교육서비스업,정상운영,2019-06-01,5,660.0,-98.0
S1600,H084,단독설립,교수창업,해당없음,IT,정보통신업,정상운영,2020-06-01,4,0.0,-74.0
S1601,H010,지분편입(지분매수),전문경영인(파트너기업겸직파견등),벤처기업,BT,전문과학및기술서비스업,정상운영,2012-10-01,12,349.0,-122.0
S1602,H023,합작설립,학생창업,해당없음,NT,정보통신업,정상운영,2019-09-01,5,0.0,-74.0
S1603,H081,지분편입(지분매수),학생창업,벤처기업,해당없음,정보통신업,정상운영,2015-12-01,9,2149.0,0.0
S1604,H064,단독설립,교수창업,연구소기업,BT,정보통신업,정상운영,2017-04-01,7,800.0,127.0
S1605,H060,단독설립,교수창업,벤처기업,IT,전문과학및기술서비스업,정상운영,2017-06-01,7,0.0,-81.0
S1606,H073,단독설립,학생창업,해당없음,IT,전문과학및기술서비스업,폐업(청산),2015-05-01,9,0.0,0.0
S1607,H075,단독설립,학생창업,해당없음,BT,정보통신업,정상운영,2020-02-01,4,0.0,-147.0
S1608,H058,지분편입(지분매수),학생창업,연구소기업,BT,정보통신업,정상운영,2016-12-01,8,0.0,-99.0
S1609,H073,단독설립,학생창업,해당없음,ET,전문과학및기술서비스업,투자회수(전액),2021-02-01,3,0.0,0.0
S1610,H083,지분편입(유상증자),무응답,연구소기업,IT,제조업,정상운영,2016-11-01,8,1189.0,14.0
S1611,H082,합작설립,교수창업,해당없음,BT,도매및소매업,정상운영,2013-07-01,11,2219.0,90.0
S1612,H080,지분편입(지분매수),학생창업,연구소기업,IT,정보통신업,폐업(청산),2014-06-01,10,0.0,0.0
S1613,H042,지분편입(지분매수),전문경영인(창업자),해당없음,IT,제조업,정상운영,2016-10-01,8,0.0,-78.0
S1614,H081,단독설립,학생창업,연구소기업,IT,기타,정상운영,2017-08-01,7,0.0,-98.0
S1615,H041,단독설립,전문경영인(창업자),벤처기업,CT,교육서비스업,정상운영,2022-11-01,2,2217.0,-131.0
S1616,H020,지분편입(지분매수),기타,연구소기업,BT,제조업,정상운영,2023-03-01,1,1236.0,87.0
S1617,H057,지분편입(지분매수),무응답,연구소기업,ET,전문과학및기술서비스업,정상운영,2020-07-01,4,0.0,-18.0
S1618,H009,단독설립,교수창업,연구소기업,해당없음,전문과학및기술서비스업,정상운영,2013-04-01,11,569.0,-130.0
S1619,H061,지분편입(지분매수),교수창업,벤처기업,BT,제조업,정상운영,2022-05-01,2,0.0,-83.0
S1620,H057,합작설립,교수창업,해당없음,IT,제조업,정상운영,2023-12-01,1,0.0,-91.0
S1621,H081,단독설립,교수창업,해당없음,BT,전문과학및기술서비스업,정상운영,2023-08-01,1,1669.0,62.0
S1622,H039,지분편입(지분매수),교수창업,해당없음,BT,전문과학및기술서비스업,정상운영,2023-06-01,1,1438.0,-33.0
S1623,H036,지분편입(지분매수),전문경영인(파트너기업겸직파견등),해당없음,해당없음,정보통신업,정상운영,2016-06-01,8,0.0,-135.0
S1624,H076,단독설립,전문경영인(창업자),벤처기업,IT,정보통신업,정상운영,2023-08-01,1,0.0,0.0
S1625,H008,지분편입(지분매수),학생창업,해당없음,IT,제조업,정상운영,2021-06-01,3,0.0,-65.0
S1626,H046,합작설립,학생창업,연구소기업,IT,정보통신업,정상운영,2017-03-01,7,0.0,-50.0
S1627,H065,지분편입(유상증자),교수창업,연구소기업,IT,전문과학및기술서비스업,정상운영,2016-03-01,8,0.0,-83.0
S1628,H010,지분편입(지분매수),교수창업,해당없음,IT,기타,정상운영,2020-06-01,4,312.0,-65.0
S1629,H040,지분편입(지분매수),교수창업,벤처기업,BT,정보통신업,정상운영,2023-01-01,1,132.0,-42.0
S1630,H060,단독설립,전문경영인(창업자),연구소기업,IT,제조업,정상운영,2020-02-01,4,645.0,-40.0
S1631,H058,단독설립,교수창업,해당없음,IT,정보통신업,휴업,2016-04-01,8,0.0,0.0
S1632,H005,지분편입(유상증자),기타,해당없음,ET,도매및소매업,정상운영,2020-10-01,4,1218.0,-134.0
S1633,H008,단독설립,교수창업,해당없음,BT,정보통신업,투자회수(일부),2017-05-01,7,0.0,0.0
S1634,H048,지분편입(지분매수),무응답,벤처기업,BT,전문과학및기술서비스업,정상운영,2022-09-01,2,733.0,-39.0
S1635,H037,단독설립,학생창업,해당없음,NT,기타,투자회수(일부),2023-12-01,1,0.0,0.0
S1636,H010,단독설립,교수창업,해당없음,ET,전문과학및기술서비스업,정상운영,2022-11-01,2,1060.0,-119.0
S1637,H083,합작설립,전문경영인(파트너기업겸직파견등),벤처기업,IT,정보통신업,정상운영,2022-09-01,2,36.0,95.0
S1638,H012,단독설립,교수창업,벤처기업,IT,제조업,정상운영,2020-05-01,4,1897.0,92.0
S1639,H079,단독설립,교수창업,해당없음,IT,정보통신업,정상운영,2021-09-01,3,0.0,-61.0
S1640,H077,단독설립,교수창업,연구소기업,BT,제조업,정상운영,2021-09-01,3,960.0,-63.0
S1641,H065,단독설립,기타,벤처기업,IT,전문과학및기술서비스업,정상운영,2022-03-01,2,94.0,44.0
S1642,H050,단독설립,교수창업,연구소기업,BT,정보통신업,정상운영,2016-07-01,8,0.0,0.0
S1643,H060,지분편입(지분매수),전문경영인(파트너기업겸직파견등),해당없음,IT,제조업,정상운영,2010-10-01,14,2173.0,-92.0
S1644,H075,지분편입(유상증자),교수창업,해당없음,BT,제조업,정상운영,2023-12-01,1,0.0,-90.0
S1645,H071,단독설립,무응답,벤처기업,BT,제조업,정상운영,2022-02-01,2,1414.0,-73.0
S1646,H006,지분편입(지분매수),전문경영인(파트너기업겸직파견등),해당없음,해당없음,제조업,정상운영,2020-04-01,4,1410.0,-49.0
S1647,H058,지분편입(지분매수),교수창업,해당없음,IT,정보통신업,정상운영,2023-02-01,1,0.0,-37.0
S1648,H074,단독설립,전문경영인(창업자),해당없음,BT,전문과학및기술서비스업,정상운영,2023-02-01,1,0.0,-133.0
S1649,H084,합작설립,전문경영인(창업자),해당없음,해당없음,제조업,정상운영,2014-12-01,10,0.0,-61.0
S1650,H025,단독설립,교수창업,연구소기업,ET,도매및소매업,정상운영,2021-10-01,3,0.0,-45.0
S1651,H042,지분편입(지분매수),전문경영인(파트너기업겸직파견등),해당없음,IT,제조업,정상운영,2018-11-01,6,719.0,97.0
S1652,H078,지분편입(지분매수),학생창업,해당없음,ET,정보통신업,정상운영,2010-07-01,14,1189.0,-115.0
S1653,H061,합작설립,전문경영인(파트너기업겸직파견등),벤처기업,NT,제조업,정상운영,2021-05-01,3,0.0,-53.0
S1654,H065,합작설립,교수창업,연구소기업,IT,전문과학및기술서비스업,정상운영,2018-03-01,6,0.0,-117.0
S1655,H020,단독설립,교수창업,벤처기업,IT,전문과학및기술서비스업,정상운영,2012-12-01,12,0.0,-141.0
S1656,H008,단독설립,교수창업,연구소기업,NT,전문과학및기술서비스업,정상운영,2009-06-01,15,0.0,-114.0
S1657,H058,지분편입(지분매수),전문경영인(창업자),벤처기업,ET,정보통신업,정상운영,2009-09-01,15,979.0,87.0
S1658,H014,합작설립,교수창업,해당없음,ET,정보통신업,정상운영,2019-06-01,5,2006.0,10.0
S1659,H044,지분편입(지분매수),교수창업,신기술창업전문회사,IT,정보통신업,정상운영,2023-07-01,1,1942.0,50.0
S1660,H011,지분편입(유상증자),전문경영인(창업자),신기술창업전문회사,ET,제조업,투자회수(전액),2022-03-01,2,0.0,0.0
S1661,H065,합작설립,전문경영인(창업자),벤처기업,IT,정보통신업,정상운영,2023-07-01,1,0.0,-8.0
S1662,H083,지분편입(지분매수),기타,벤처기업,IT,전문과학및기술서비스업,정상운영,2019-02-01,5,1242.0,0.0
S1663,H023,단독설립,교수창업,연구소기업,IT,전문과학및기술서비스업,정상운영,2008-12-01,16,263.0,110.0
S1664,H006,단독설립,학생창업,벤처기업,BT,제조업,정상운영,2021-05-01,3,559.0,111.0
S1665,H032,합작설립,교수창업,해당없음,해당없음,전문과학및기술서비스업,정상운영,2019-10-01,5,2006.0,113.0
S1666,H057,지분편입(지분매수),학생창업,벤처기업,IT,정보통신업,정상운영,2016-10-01,8,0.0,-106.0
S1667,H057,단독설립,학생창업,연구소기업,IT,정보통신업,투자회수(전액),2019-02-01,5,0.0,0.0
S1668,H068,합작설립,교수창업,해당없음,BT,전문과학및기술서비스업,정상운영,2022-06-01,2,0.0,-49.0
S1669,H067,지분편입(지분매수),학생창업,해당없음,해당없음,전문과학및기술서비스업,폐업(청산),2014-04-01,10,0.0,0.0
S1670,H079,지분편입(지분매수),학생창업,연구소기업,해당없음,제조업,정상운영,2018-08-01,6,0.0,-86.0
S1671,H021,지분편입(유상증자),교수창업,해당없음,ET,전문과학및기술서비스업,정상운영,2020-01-01,4,1704.0,-77.0
S1672,H047,합작설립,학생창업,연구소기업,IT,전문과학및기술서비스업,정상운영,2020-04-01,4,0.0,-112.0
S1673,H048,합작설립,교수창업,연구소기업,BT,정보통신업,정상운영,2021-09-01,3,0.0,-24.0
S1674,H037,지분편입(유상증자),학생창업,연구소기업,NT,제조업,정상운영,2016-03-01,8,72.0,139.0
S1675,H050,단독설립,기타,해당없음,ET,정보통신업,정상운영,2019-11-01,5,900.0,74.0
S1676,H053,단독설립,기타,연구소기업,NT,전문과학및기술서비스업,정상운영,2020-05-01,4,0.0,-55.0
S1677,H044,단독설립,무응답,벤처기업,IT,교육서비스업,폐업(청산),2021-01-01,3,0.0,0.0
S1678,H077,합작설립,학생창업,연구소기업,BT,정보통신업,정상운영,2017-08-01,7,862.0,-46.0
S1679,H007,단독설립,교수창업,기타,ET,제조업,정상운영,2023-04-01,1,1219.0,-34.0
S1680,H081,지분편입(지분매수),교수창업,신기술창업전문회사,BT,제조업,정상운영,2018-12-01,6,1509.0,-99.0
S1681,H083,합작설립,교수창업,연구소기업,BT,제조업,정상운영,2021-04-01,3,1399.0,101.0
S1682,H043,지분편입(지분매수),교수창업,연구소기업,IT,정보통신업,정상운영,2016-04-01,8,0.0,-45.0
S1683,H009,단독설립,전문경영인(파트너기업겸직파견등),벤처기업,NT,제조업,정상운영,2022-04-01,2,0.0,-105.0
S1684,H043,지분편입(지분매수),기타,해당없음,ET,제조업,정상운영,2012-08-01,12,1363.0,0.0
S1685,H013,지분편입(지분매수),학생창업,해당없음,ET,정보통신업,폐업(청산),2019-11-01,5,0.0,0.0
S1686,H072,단독설립,교수창업,해당없음,IT,전문과학및기술서비스업,폐업(청산),2022-04-01,2,0.0,0.0
S1687,H050,합작설립,기타,벤처기업,BT,제조업,정상운영,2012-03-01,12,0.0,-143.0
S1688,H037,지분편입(지분매수),교수창업,벤처기업,IT,제조업,정상운영,2020-01-01,4,455.0,41.0
S1689,H033,합작설립,기타,해당없음,BT,전문과학및기술서비스업,정상운영,2012-05-01,12,0.0,-60.0
S1690,H078,단독설립,기타,연구소기업,BT,도매및소매업,정상운영,2023-04-01,1,120.0,-56.0
S1691,H020,단독설립,전문경영인(파트너기업겸직파견등),벤처기업,IT,도매및소매업,정상운영,2023-01-01,1,0.0,-20.0
S1692,H043,합작설립,전문경영인(창업자),벤처기업,ET,정보통신업,정상운영,2019-10-01,5,1170.0,82.0
S1693,H011,단독설립,교수창업,연구소기업,ET,제조업,정상운영,2023-08-01,1,0.0,-11.0
S1694,H075,단독설립,교수창업,해당없음,IT,제조업,정상운영,2019-08-01,5,802.0,-77.0
S1695,H019,단독설립,학생창업,해당없음,IT,제조업,정상운영,2018-07-01,6,0.0,-18.0
S1696,H045,지분편입(지분매수),교수창업,벤처기업,NT,전문과학및기술서비스업,정상운영,2019-09-01,5,0.0,-79.0
S1697,H040,단독설립,교수창업,연구소기업,IT,제조업,정상운영,2018-09-01,6,0.0,-30.0
S1698,H084,합작설립,교수창업,해당없음,IT,제조업,정상운영,2022-10-01,2,0.0,-128.0
S1699,H051,단독설립,교수창업,해당없음,IT,전문과학및기술서비스업,정상운영,2023-04-01,1,977.0,141.0
S1700,H017,지분편입(지분매수),학생창업,연구소기업,BT,제조업,정상운영,2020-07-01,4,1950.0,0.0
S1701,H077,합작설립,기타,연구소기업,해당없음,제조업,정상운영,2018-03-01,6,0.0,-20.0
S1702,H011,합작설립,교수창업,벤처기업,IT,전문과학및기술서비스업,정상운영,2022-09-01,2,0.0,-62.0
S1703,H040,합작설립,전문경영인(창업자),벤처기업,IT,정보통신업,정상운영,2019-10-01,5,0.0,-96.0
S1704,H072,단독설립,전문경영인(창업자),신기술창업전문회사,BT,정보통신업,정상운영,2020-07-01,4,162.0,-11.0
S1705,H049,단독설립,전문경영인(파트너기업겸직파견등),연구소기업,BT,전문과학및기술서비스업,정상운영,2016-11-01,8,1487.0,137.0
S1706,H083,단독설립,교수창업,해당없음,IT,정보통신업,정상운영,2010-10-01,14,1127.0,-105.0
S1707,H043,지분편입(지분매수),교수창업,연구소기업,ET,전문과학및기술서비스업,정상운영,2019-07-01,5,0.0,-97.0
S1708,H017,지분편입(지분매수),기타,해당없음,NT,제조업,정상운영,2023-12-01,1,0.0,61.0
S1709,H068,단독설립,기타,연구소기업,IT,전문과학및기술서비스업,정상운영,2022-05-01,2,1414.0,-25.0
S1710,H012,합작설립,전문경영인(파트너기업겸직파견등),해당없음,해당없음,제조업,정상운영,2019-12-01,5,370.0,133.0
S1711,H083,단독설립,교수창업,연구소기업,ET,제조업,정상운영,2017-06-01,7,0.0,0.0
S1712,H055,지분편입(지분매수),학생창업,해당없음,IT,제조업,정상운영,2020-05-01,4,269.0,-133.0
S1713,H066,단독설립,교수창업,기타,IT,제조업,정상운영,2019-07-01,5,0.0,-93.0
S1714,H047,합작설립,교수창업,연구소기업,BT,정보통신업,정상운영,2021-06-01,3,0.0,-62.0
S1715,H003,합작설립,교수창업,기타,해당없음,제조업,정상운영,2023-06-01,1,1080.0,128.0
S1716,H047,단독설립,교수창업,연구소기업,IT,제조업,정상운영,2018-04-01,6,1607.0,135.0
S1717,H040,지분편입(지분매수),교수창업,벤처기업,IT,정보통신업,정상운영,2012-06-01,12,1681.0,-16.0
S1718,H024,합작설립,교수창업,연구소기업,해당없음,제조업,정상운영,2018-09-01,6,0.0,-13.0
S1719,H028,단독설립,전문경영인(창업자),벤처기업,BT,정보통신업,정상운영,2023-06-01,1,0.0,-32.0
S1720,H044,지분편입(지분매수),학생창업,벤처기업,BT,제조업,정상운영,2023-02-01,1,0.0,0.0
S1721,H063,단독설립,교수창업,벤처기업,IT,제조업,정상운영,2020-12-01,4,0.0,-100.0
S1722,H025,단독설립,전문경영인(창업자),해당없음,BT,전문과학및기술서비스업,정상운영,2019-03-01,5,0.0,-125.0
S1723,H029,단독설립,기타,해당없음,ET,정보통신업,정상운영,2016-06-01,8,0.0,0.0
S1724,H018,단독설립,전문경영인(창업자),벤처기업,IT,정보통신업,정상운영,2017-12-01,7,0.0,-58.0
S1725,H020,지분편입(지분매수),전문경영인(창업자),해당없음,IT,전문과학및기술서비스업,정상운영,2017-04-01,7,0.0,-23.0
S1726,H010,합작설립,교수창업,벤처기업,BT,제조업,정상운영,2022-09-01,2,0.0,-39.0
S1727,H038,단독설립,학생창업,해당없음,IT,제조업,정상운영,2021-10-01,3,2206.0,-115.0
S1728,H013,지분편입(지분매수),기타,연구소기업,해당없음,전문과학및기술서비스업,정상운영,2016-03-01,8,0.0,76.0
S1729,H065,단독설립,전문경영인(파트너기업겸직파견등),벤처기업,ET,전문과학및기술서비스업,정상운영,2021-02-01,3,0.0,-37.0
S1730,H070,지분편입(유상증자),교수창업,벤처기업,IT,정보통신업,정상운영,2023-09-01,1,0.0,-80.0
S1731,H068,합작설립,기타,해당없음,IT,전문과학및기술서비스업,정상운영,2018-12-01,6,2247.0,-13.0
S1732,H005,단독설립,전문경영인(창업자),벤처기업,IT,정보통신업,정상운영,2023-08-01,1,0.0,20.0
S1733,H044,합작설립,기타,해당없음,IT,제조업,정상운영,2019-09-01,5,1050.0,-73.0
S1734,H080,단독설립,학생창업,연구소기업,IT,전문과학및기술서비스업,정상운영,2020-06-01,4,1257.0,-123.0
S1735,H017,단독설립,교수창업,연구소기업,BT,제조업,정상운영,2017-02-01,7,1536.0,-96.0
S1736,H077,지분편입(지분매수),전문경영인(창업자),벤처기업,IT,전문과학및기술서비스업,정상운영,2018-10-01,6,0.0,0.0
S1737,H049,단독설립,기타,연구소기업,ET,정보통신업,정상운영,2021-04-01,3,0.0,-131.0
S1738,H020,지분편입(지분매수),학생창업,연구소기업,BT,정보통신업,정상운영,2018-12-01,6,1949.0,0.0
S1739,H021,지분편입(지분매수),교수창업,해당없음,BT,전문과학및기술서비스업,폐업(청산),2018-06-01,6,0.0,0.0
S1740,H024,단독설립,전문경영인(창업자),벤처기업,IT,제조업,정상운영,2013-12-01,11,730.0,-30.0
S1741,H080,합작설립,교수창업,연구소기업,NT,제조업,폐업(청산),2019-12-01,5,0.0,0.0
S1742,H022,단독설립,교수창업,연구소기업,CT,도매및소매업,정상운영,2019-11-01,5,377.0,-108.0
S1743,H057,단독설립,교수창업,이노비즈기업,ET,전문과학및기술서비스업,정상운영,2019-09-01,5,0.0,-98.0
S1744,H006,단독설립,교수창업,벤처기업,IT,제조업,폐업(청산),2021-04-01,3,0.0,0.0
S1745,H053,단독설립,교수창업,연구소기업,BT,전문과학및기술서비스업,정상운영,2021-08-01,3,319.0,102.0
S1746,H047,지분편입(지분매수),전문경영인(창업자),해당없음,BT,제조업,정상운영,2023-05-01,1,0.0,-1.0
S1747,H031,단독설립,전문경영인(창업자),연구소기업,IT,전문과학및기술서비스업,정상운영,2017-10-01,7,2038.0,-100.0
S1748,H057,지분편입(유상증자),전문경영인(창업자),연구소기업,BT,제조업,정상운영,2018-01-01,6,1660.0,40.0
S1749,H079,단독설립,전문경영인(창업자),해당없음,해당없음,제조업,정상운영,2019-08-01,5,1932.0,-5.0
S1750,H037,지분편입(지분매수),교수창업,해당없음,IT,정보통신업,정상운영,2013-10-01,11,0.0,-23.0
S1751,H058,단독설립,학생창업,벤처기업,IT,제조업,정상운영,2017-08-01,7,0.0,-79.0
S1752,H030,지분편입(지분매수),교수창업,벤처기업,IT,정보통신업,정상운영,2018-08-01,6,0.0,-63.0
S1753,H069,단독설립,학생창업,해당없음,IT,제조업,정상운영,2011-10-01,13,1521.0,-33.0
S1754,H031,합작설립,학생창업,연구소기업,IT,제조업,정상운영,2021-07-01,3,0.0,-45.0
S1755,H040,지분편입(유상증자),학생창업,벤처기업,해당없음,정보통신업,정상운영,2019-02-01,5,689.0,-103.0
S1756,H061,단독설립,교수창업,연구소기업,BT,제조업,정상운영,2017-03-01,7,0.0,-2.0
S1757,H025,단독설립,교수창업,해당없음,BT,정보통신업,정상운영,2022-01-01,2,0.0,-65.0
S1758,H048,지분편입(지분매수),전문경영인(창업자),해당없음,IT,제조업,정상운영,2016-09-01,8,196.0,0.0
S1759,H074,합작설립,교수창업,벤처기업,BT,기타,폐업(청산),2018-08-01,6,0.0,0.0
S1760,H057,단독설립,교수창업,벤처기업,IT,전문과학및기술서비스업,정상운영,2022-09-01,2,1716.0,-46.0
S1761,H060,지분편입(지분매수),교수창업,벤처기업,해당없음,제조업,투자회수(일부),2015-11-01,9,0.0,0.0
S1762,H037,단독설립,교수창업,연구소기업,BT,정보통신업,정상운영,2016-01-01,8,0.0,0.0
S1763,H049,지분편입(지분매수),교수창업,벤처기업,IT,도매및소매업,정상운영,2020-06-01,4,0.0,-52.0
S1764,H065,단독설립,교수창업,벤처기업,IT,전문과학및기술서비스업,정상운영,2022-08-01,2,0.0,-81.0
S1765,H068,단독설립,전문경영인(창업자),벤처기업,해당없음,제조업,정상운영,2021-12-01,3,266.0,-131.0
S1766,H054,단독설립,학생창업,해당없음,IT,제조업,정상운영,2020-03-01,4,0.0,-58.0
S1767,H021,지분편입(지분매수),교수창업,벤처기업,IT,전문과학및기술서비스업,정상운영,2023-02-01,1,1005.0,-77.0
S1768,H026,합작설립,교수창업,연구소기업,해당없음,제조업,정상운영,2023-11-01,1,0.0,-112.0
S1769,H078,단독설립,전문경영인(창업자),연구소기업,BT,제조업,정상운영,2018-06-01,6,0.0,-127.0
S1770,H018,단독설립,전문경영인(창업자),기타,IT,제조업,정상운영,2018-02-01,6,0.0,-120.0
S1771,H033,단독설립,기타,해당없음,BT,제조업,폐업(청산),2016-12-01,8,0.0,0.0
S1772,H007,단독설립,전문경영인(파트너기업겸직파견등),연구소기업,IT,제조업,투자회수(일부),2017-05-01,7,0.0,0.0
S1773,H083,지분편입(지분매수),전문경영인(창업자),벤처기업,IT,정보통신업,정상운영,2009-10-01,15,1007.0,155.0
S1774,H062,합작설립,학생창업,연구소기업,BT,제조업,정상운영,2014-05-01,10,1449.0,51.0
S1775,H048,합작설립,교수창업,벤처기업,IT,제조업,정상운영,2023-12-01,1,2210.0,35.0
S1776,H071,지분편입(지분매수),교수창업,해당없음,ET,제조업,정상운영,2021-01-01,3,0.0,-111.0
S1777,H014,합작설립,전문경영인(창업자),해당없음,해당없음,정보통신업,정상운영,2018-12-01,6,2256.0,-143.0
S1778,H067,단독설립,교수창업,벤처기업,BT,기타,정상운영,2019-10-01,5,472.0,-73.0
S1779,H016,단독설립,교수창업,연구소기업,ET,전문과학및기술서비스업,정상운영,2014-08-01,10,0.0,0.0
S1780,H037,단독설립,교수창업,해당없음,IT,제조업,정상운영,2018-07-01,6,0.0,-59.0
S1781,H011,합작설립,기타,기타,IT,정보통신업,정상운영,2020-12-01,4,0.0,-79.0
S1782,H021,합작설립,전문경영인(파트너기업겸직파견등),해당없음,NT,정보통신업,정상운영,2011-03-01,13,0.0,-32.0
S1783,H035,지분편입(유상증자),전문경영인(파트너기업겸직파견등),연구소기업,BT,제조업,정상운영,2016-07-01,8,0.0,-27.0
S1784,H058,지분편입(지분매수),교수창업,해당없음,BT,제조업,정상운영,2021-04-01,3,3599.0,-92.0
S1785,H066,단독설립,교수창업,벤처기업,IT,제조업,정상운영,2023-11-01,1,0.0,-69.0
S1786,H019,단독설립,기타,해당없음,BT,제조업,정상운영,2018-08-01,6,0.0,-47.0
S1787,H056,지분편입(지분매수),전문경영인(창업자),해당없음,BT,정보통신업,정상운영,2017-05-01,7,862.0,-141.0
S1788,H012,지분편입(지분매수),학생창업,연구소기업,IT,전문과학및기술서비스업,폐업(청산),2011-09-01,13,0.0,0.0
S1789,H029,단독설립,교수창업,벤처기업,BT,제조업,정상운영,2019-12-01,5,0.0,-5.0
S1790,H058,단독설립,교수창업,해당없음,IT,전문과학및기술서비스업,정상운영,2015-11-01,9,0.0,-36.0
S1791,H045,지분편입(유상증자),교수창업,해당없음,해당없음,제조업,정상운영,2018-05-01,6,2075.0,7.0
S1792,H004,지분편입(지분매수),교수창업,연구소기업,IT,제조업,정상운영,2023-06-01,1,0.0,-135.0
S1793,H054,단독설립,전문경영인(파트너기업겸직파견등),해당없음,BT,제조업,정상운영,2009-04-01,15,0.0,-1.0
S1794,H007,지분편입(지분매수),교수창업,벤처기업,BT,정보통신업,정상운영,2023-10-01,1,0.0,-10.0
S1795,H051,지분편입(지분매수),학생창업,해당없음,BT,제조업,정상운영,2020-09-01,4,0.0,-37.0
S1796,H065,단독설립,학생창업,해당없음,IT,도매및소매업,정상운영,2018-07-01,6,0.0,-147.0
S1797,H048,지분편입(유상증자),교수창업,연구소기업,BT,전문과학및기술서비스업,정상운영,2016-03-01,8,1772.0,43.0
S1798,H031,합작설립,학생창업,연구소기업,ET,정보통신업,정상운영,2021-09-01,3,2114.0,0.0
S1799,H050,단독설립,학생창업,연구소기업,ET,전문과학및기술서비스업,정상운영,2020-11-01,4,0.0,-25.0
S1800,H011,지분편입(지분매수),무응답,해당없음,해당없음,제조업,정상운영,2021-10-01,3,1314.0,-83.0
S1801,H048,단독설립,교수창업,연구소기업,BT,전문과학및기술서비스업,정상운영,2018-06-01,6,1374.0,74.0
S1802,H029,지분편입(지분매수),전문경영인(창업자),벤처기업,IT,전문과학및기술서비스업,정상운영,2020-01-01,4,1598.0,-139.0
S1803,H004,합작설립,전문경영인(파트너기업겸직파견등),해당없음,IT,전문과학및기술서비스업,정상운영,2016-10-01,8,0.0,-76.0
S1804,H041,단독설립,교수창업,해당없음,BT,전문과학및기술서비스업,정상운영,2021-01-01,3,0.0,-6.0
S1805,H013,지분편입(지분매수),교수창업,연구소기업,IT,정보통신업,정상운영,2019-12-01,5,0.0,28.0
S1806,H084,합작설립,교수창업,해당없음,ET,정보통신업,정상운영,2016-06-01,8,0.0,-7.0
S1807,H043,지분편입(지분매수),기타,연구소기업,ET,제조업,폐업(청산),2021-10-01,3,0.0,0.0
S1808,H019,지분편입(지분매수),전문경영인(파트너기업겸직파견등),연구소기업,ET,전문과학및기술서비스업,정상운영,2020-02-01,4,1456.0,72.0
S1809,H018,단독설립,교수창업,연구소기업,NT,제조업,정상운영,2009-02-01,15,1607.0,17.0
S1810,H005,단독설립,교수창업,연구소기업,ET,교육서비스업,정상운영,2015-10-01,9,0.0,-115.0
S1811,H037,지분편입(지분매수),교수창업,해당없음,BT,제조업,정상운영,2018-02-01,6,0.0,-23.0
S1812,H061,단독설립,교수창업,연구소기업,BT,정보통신업,정상운영,2018-09-01,6,0.0,-78.0
S1813,H018,단독설립,기타,해당없음,BT,전문과학및기술서비스업,정상운영,2023-07-01,1,0.0,0.0
S1814,H061,단독설립,기타,연구소기업,BT,전문과학및기술서비스업,정상운영,2023-12-01,1,0.0,-53.0
S1815,H058,단독설립,교수창업,연구소기업,ET,도매및소매업,정상운영,2020-03-01,4,0.0,-134.0
S1816,H079,단독설립,전문경영인(창업자),해당없음,해당없음,도매및소매업,정상운영,2019-12-01,5,0.0,-75.0
S1817,H001,지분편입(지분매수),교수창업,벤처기업,BT,정보통신업,정상운영,2023-04-01,1,0.0,-50.0
S1818,H011,단독설립,교수창업,연구소기업,IT,제조업,폐업(청산),2019-04-01,5,0.0,0.0
S1819,H003,합작설립,전문경영인(창업자),해당없음,BT,전문과학및기술서비스업,정상운영,2016-10-01,8,663.0,75.0
S1820,H033,지분편입(지분매수),기타,해당없음,BT,정보통신업,정상운영,2021-03-01,3,0.0,-104.0
S1821,H028,지분편입(지분매수),학생창업,연구소기업,IT,제조업,정상운영,2023-03-01,1,0.0,0.0
S1822,H020,단독설립,전문경영인(창업자),연구소기업,해당없음,정보통신업,정상운영,2018-01-01,6,0.0,-75.0
S1823,H071,지분편입(지분매수),전문경영인(파트너기업겸직파견등),기타,IT,제조업,정상운영,2022-11-01,2,1228.0,-24.0
S1824,H078,합작설립,전문경영인(창업자),연구소기업,IT,정보통신업,정상운영,2020-08-01,4,0.0,-93.0
S1825,H068,단독설립,교수창업,벤처기업,BT,제조업,정상운영,2021-12-01,3,0.0,0.0
S1826,H055,합작설립,교수창업,연구소기업,해당없음,정보통신업,정상운영,2009-02-01,15,1307.0,-79.0
S1827,H015,단독설립,전문경영인(파트너기업겸직파견등),벤처기업,IT,제조업,정상운영,2017-06-01,7,0.0,-115.0
S1828,H037,지분편입(지분매수),교수창업,연구소기업,IT,전문과학및기술서비스업,정상운영,2018-02-01,6,0.0,-99.0
S1829,H031,합작설립,교수창업,신기술창업전문회사,BT,제조업,정상운영,2018-02-01,6,0.0,-10.0
S1830,H039,단독설립,학생창업,연구소기업,BT,제조업,정상운영,2019-07-01,5,276.0,-3.0
S1831,H016,지분편입(지분매수),교수창업,벤처기업,IT,제조업,정상운영,2021-10-01,3,0.0,-35.0
S1832,H007,합작설립,전문경영인(창업자),해당없음,BT,정보통신업,정상운영,2019-12-01,5,860.0,152.0
S1833,H031,지분편입(지분매수),전문경영인(창업자),해당없음,IT,전문과학및기술서비스업,정상운영,2018-11-01,6,0.0,-43.0
S1834,H054,단독설립,교수창업,해당없음,BT,정보통신업,정상운영,2023-07-01,1,0.0,-2.0
S1835,H082,단독설립,교수창업,벤처기업,CT,제조업,정상운영,2018-07-01,6,0.0,-119.0
S1836,H080,단독설립,학생창업,연구소기업,IT,전문과학및기술서비스업,정상운영,2023-07-01,1,0.0,-34.0
S1837,H059,지분편입(유상증자),교수창업,연구소기업,해당없음,정보통신업,정상운영,2018-12-01,6,0.0,-70.0
S1838,H009,지분편입(지분매수),교수창업,연구소기업,BT,정보통신업,폐업(청산),2017-08-01,7,0.0,0.0
S1839,H015,합작설립,교수창업,연구소기업,IT,제조업,정상운영,2020-03-01,4,0.0,-9.0
S1840,H064,단독설립,전문경영인(파트너기업겸직파견등),해당없음,IT,정보통신업,정상운영,2023-06-01,1,0.0,149.0
S1841,H077,지분편입(유상증자),전문경영인(파트너기업겸직파견등),해당없음,IT,교육서비스업,정상운영,2019-03-01,5,0.0,-124.0
S1842,H069,지분편입(지분매수),교수창업,연구소기업,IT,정보통신업,정상운영,2023-02-01,1,653.0,-26.0
S1843,H003,단독설립,교수창업,벤처기업,IT,전문과학및기술서비스업,정상운영,2020-05-01,4,0.0,-117.0
S1844,H081,합작설립,학생창업,벤처기업,해당없음,교육서비스업,정상운영,2021-06-01,3,441.0,-31.0
S1845,H066,단독설립,학생창업,벤처기업,BT,제조업,정상운영,2021-03-01,3,0.0,-95.0
S1846,H074,단독설립,학생창업,벤처기업,IT,제조업,정상운영,2023-12-01,1,0.0,-98.0
S1847,H031,단독설립,전문경영인(파트너기업겸직파견등),연구소기업,BT,정보통신업,정상운영,2018-07-01,6,0.0,-137.0
S1848,H019,지분편입(지분매수),교수창업,해당없음,BT,제조업,정상운영,2009-05-01,15,0.0,-110.0
S1849,H038,지분편입(유상증자),학생창업,연구소기업,IT,정보통신업,정상운영,2021-08-01,3,0.0,-105.0
S1850,H055,단독설립,기타,해당없음,BT,정보통신업,정상운영,2019-02-01,5,0.0,-126.0
S1851,H001,합작설립,교수창업,해당없음,ET,제조업,정상운영,2017-03-01,7,0.0,-83.0
S1852,H079,지분편입(유상증자),교수창업,연구소기업,BT,정보통신업,정상운영,2012-05-01,12,0.0,-134.0
S1853,H046,단독설립,교수창업,해당없음,IT,제조업,투자회수(일부),2022-07-01,2,0.0,0.0
S1854,H031,단독설립,전문경영인(파트너기업겸직파견등),해당없음,IT,전문과학및기술서비스업,정상운영,2017-04-01,7,1457.0,93.0
S1855,H074,단독설립,교수창업,벤처기업,CT,제조업,정상운영,2018-04-01,6,949.0,-127.0
S1856,H054,지분편입(지분매수),전문경영인(창업자),연구소기업,BT,정보통신업,폐업(청산),2019-06-01,5,0.0,0.0
S1857,H024,합작설립,교수창업,연구소기업,IT,도매및소매업,정상운영,2022-11-01,2,0.0,-16.0
S1858,H011,단독설립,전문경영인(창업자),연구소기업,BT,전문과학및기술서비스업,정상운영,2022-11-01,2,1306.0,-11.0
S1859,H068,단독설립,교수창업,벤처기업,BT,기타,정상운영,2021-02-01,3,0.0,-21.0
S1860,H047,지분편입(지분매수),무응답,연구소기업,IT,전문과학및기술서비스업,정상운영,2017-06-01,7,1418.0,-113.0
S1861,H009,지분편입(지분매수),교수창업,해당없음,BT,정보통신업,정상운영,2009-08-01,15,2140.0,107.0
S1862,H068,합작설립,전문경영인(창업자),이노비즈기업,IT,전문과학및기술서비스업,정상운영,2020-02-01,4,0.0,-18.0
S1863,H070,단독설립,교수창업,해당없음,BT,정보통신업,정상운영,2018-09-01,6,0.0,-114.0
S1864,H065,지분편입(지분매수),전문경영인(창업자),벤처기업,IT,정보통신업,정상운영,2016-05-01,8,2240.0,-22.0
S1865,H065,단독설립,교수창업,해당없음,IT,정보통신업,정상운영,2021-01-01,3,1709.0,0.0
S1866,H071,단독설립,전문경영인(창업자),벤처기업,ET,정보통신업,정상운영,2017-10-01,7,0.0,-77.0
S1867,H003,단독설립,전문경영인(창업자),해당없음,IT,정보통신업,정상운영,2023-01-01,1,0.0,0.0
S1868,H050,지분편입(유상증자),교수창업,벤처기업,IT,제조업,정상운영,2019-09-01,5,0.0,-83.0
S1869,H061,단독설립,교수창업,해당없음,IT,제조업,투자회수(전액),2016-01-01,8,0.0,0.0
S1870,H006,합작설립,교수창업,연구소기업,BT,정보통신업,정상운영,2014-11-01,10,0.0,-43.0
S1871,H082,단독설립,교수창업,해당없음,IT,전문과학및기술서비스업,정상운영,2021-06-01,3,1726.0,-21.0
S1872,H050,단독설립,학생창업,벤처기업,IT,정보통신업,정상운영,2022-02-01,2,0.0,-124.0
S1873,H048,단독설립,기타,신기술창업전문회사,IT,정보통신업,정상운영,2020-03-01,4,237.0,-80.0
S1874,H033,단독설립,기타,벤처기업,IT,전문과학및기술서비스업,정상운영,2021-01-01,3,0.0,-145.0
S1875,H003,지분편입(지분매수),교수창업,벤처기업,IT,정보통신업,정상운영,2018-09-01,6,0.0,-135.0
S1876,H046,합작설립,교수창업,해당없음,ET,도매및소매업,정상운영,2013-01-01,11,0.0,-45.0
S1877,H009,합작설립,교수창업,연구소기업,IT,정보통신업,정상운영,2020-01-01,4,0.0,-19.0
S1878,H045,단독설립,교수창업,기타,IT,정보통신업,투자회수(전액),2021-06-01,3,0.0,0.0
S1879,H031,단독설립,교수창업,해당없음,IT,전문과학및기술서비스업,정상운영,2023-07-01,1,1760.0,-145.0
S1880,H081,합작설립,전문경영인(창업자),해당없음,ET,도매및소매업,정상운영,2023-05-01,1,2150.0,29.0
S1881,H014,단독설립,교수창업,벤처기업,ET,정보통신업,정상운영,2023-01-01,1,0.0,-64.0
S1882,H075,지분편입(지분매수),교수창업,해당없음,IT,제조업,정상운영,2023-10-01,1,1764.0,93.0
S1883,H043,지분편입(지분매수),기타,연구소기업,CT,제조업,정상운영,2021-10-01,3,0.0,-95.0
S1884,H018,합작설립,전문경영인(파트너기업겸직파견등),벤처기업,해당없음,제조업,정상운영,2022-06-01,2,0.0,-52.0
S1885,H006,지분편입(지분매수),학생창업,해당없음,BT,제조업,정상운영,2020-02-01,4,0.0,-70.0
S1886,H046,합작설립,전문경영인(창업자),연구소기업,ET,정보통신업,정상운영,2023-03-01,1,1881.0,-19.0
S1887,H070,합작설립,기타,벤처기업,IT,전문과학및기술서비스업,정상운영,2018-04-01,6,830.0,-107.0
S1888,H044,합작설립,교수창업,연구소기업,BT,전문과학및기술서비스업,정상운영,2022-11-01,2,0.0,-143.0
S1889,H083,단독설립,전문경영인(파트너기업겸직파견등),벤처기업,BT,정보통신업,정상운영,2018-10-01,6,1273.0,-96.0
