자회사ID,모회사ID,설립유형,대표이사유형,기업인증현황,분야별현황,업종별현황,운영현황,설립연월,업력,매출액,당기순이익
S0001,H082,단독설립,교수창업,벤처기업,BT,제조업,투자회수(일부),2019-06,5,0,0
S0002,H015,단독설립,교수창업,벤처기업,ET,제조업,정상운영,2017-02,7,591,-147
S0003,H004,단독설립,학생창업,연구소기업,BT,전문과학및기술서비스업,정상운영,2018-08,6,957,-7
S0004,H036,단독설립,교수창업,벤처기업,해당없음,전문과학및기술서비스업,정상운영,2019-09,5,2070,-82
S0005,H032,단독설립,학생창업,벤처기업,BT,정보통신업,정상운영,2017-11,7,0,-55
S0006,H029,합작설립,학생창업,해당없음,IT,제조업,정상운영,2018-07,6,697,137
S0007,H018,단독설립,기타,벤처기업,BT,제조업,정상운영,2016-12,8,1124,-65
S0008,H014,지분편입(지분매수),무응답,벤처기업,BT,정보통신업,정상운영,2017-04,7,1504,51
S0009,H070,단독설립,전문경영인(창업자),신기술창업전문회사,BT,정보통신업,정상운영,2015-08,9,0,-3
S0010,H012,단독설립,교수창업,벤처기업,IT,정보통신업,정상운영,2021-11,3,61,-100
S0011,H076,합작설립,교수창업,벤처기업,해당없음,교육서비스업,정상운영,2021-07,3,0,-79
S0012,H055,지분편입(지분매수),전문경영인(창업자),해당없음,IT,교육서비스업,정상운영,2015-08,9,208,60
S0013,H005,단독설립,교수창업,벤처기업,IT,기타,정상운영,2023-12,1,0,-120
S0014,H004,합작설립,무응답,연구소기업,BT,제조업,정상운영,2011-04,13,0,-101
S0015,H012,지분편입(지분매수),기타,벤처기업,BT,전문과학및기술서비스업,정상운영,2019-02,5,0,-9
S0016,H028,합작설립,기타,연구소기업,IT,정보통신업,정상운영,2018-07,6,0,-135
S0017,H030,지분편입(지분매수),전문경영인(파트너기업겸직파견등),벤처기업,BT,정보통신업,정상운영,2021-03,3,1471,-91
S0018,H065,지분편입(지분매수),전문경영인(창업자),벤처기업,IT,교육서비스업,정상운영,2019-06,5,0,-147
S0019,H078,지분편입(지분매수),교수창업,연구소기업,BT,제조업,정상운영,2022-03,2,0,-23
S0020,H004,합작설립,학생창업,연구소기업,BT,전문과학및기술서비스업,정상운영,2022-07,2,0,-25
S0021,H072,단독설립,전문경영인(파트너기업겸직파견등),해당없음,IT,정보통신업,정상운영,2022-06,2,0,-136
S0022,H026,단독설립,전문경영인(창업자),연구소기업,IT,전문과학및기술서비스업,정상운영,2019-05,5,0,-131
S0023,H084,합작설립,교수창업,해당없음,IT,제조업,정상운영,2021-11,3,0,-55
S0024,H070,지분편입(지분매수),학생창업,기타,IT,정보통신업,정상운영,2019-12,5,0,-24
S0025,H054,단독설립,교수창업,해당없음,해당없음,정보통신업,정상운영,2021-07,3,296,-26
S0026,H029,지분편입(지분매수),교수창업,해당없음,ET,정보통신업,정상운영,2023-10,1,0,-105
S0027,H058,단독설립,학생창업,해당없음,IT,정보통신업,정상운영,2017-07,7,0,-80
S0028,H076,단독설립,교수창업,벤처기업,해당없음,제조업,정상운영,2021-09,3,0,-2
S0029,H036,단독설립,전문경영인(창업자),해당없음,BT,교육서비스업,투자회수(전액),2023-02,1,0,0
S0030,H001,지분편입(지분매수),기타,해당없음,BT,정보통신업,정상운영,2018-06,6,0,-14
S0031,H021,합작설립,전문경영인(창업자),연구소기업,IT,정보통신업,정상운영,2016-08,8,333,127
S0032,H055,단독설립,교수창업,벤처기업,BT,정보통신업,정상운영,2016-11,8,0,-133
S0033,H044,단독설립,교수창업,해당없음,IT,정보통신업,정상운영,2018-12,6,2286,-57
S0034,H036,단독설립,전문경영인(창업자),벤처기업,ET,도매및소매업,정상운영,2022-10,2,0,-47
S0035,H020,합작설립,기타,해당없음,해당없음,제조업,정상운영,2021-01,3,0,-91
S0036,H028,합작설립,교수창업,연구소기업,해당없음,제조업,폐업(청산),2019-04,5,0,0
S0037,H044,지분편입(지분매수),전문경영인(창업자),벤처기업,BT,전문과학및기술서비스업,정상운영,2009-10,15,608,136
S0038,H014,합작설립,교수창업,해당없음,BT,정보통신업,정상운영,2017-03,7,858,-104
S0039,H012,지분편입(지분매수),학생창업,연구소기업,IT,정보통신업,정상운영,2023-04,1,0,-118
S0040,H049,지분편입(지분매수),무응답,해당없음,BT,제조업,정상운영,2020-06,4,1385,-110
S0041,H013,단독설립,교수창업,해당없음,IT,전문과학및기술서비스업,정상운영,2023-06,1,1447,51
S0042,H046,단독설립,학생창업,벤처기업,IT,정보통신업,정상운영,2022-06,2,1858,-122
S0043,H045,지분편입(지분매수),교수창업,해당없음,BT,제조업,정상운영,2020-09,4,0,-78
S0044,H078,단독설립,기타,벤처기업,ET,제조업,정상운영,2008-01,16,0,-3
S0045,H034,지분편입(지분매수),학생창업,해당없음,해당없음,정보통신업,정상운영,2019-10,5,353,-53
S0046,H006,지분편입(지분매수),기타,해당없음,BT,제조업,정상운영,2019-10,5,0,-146
S0047,H059,단독설립,학생창업,벤처기업,BT,정보통신업,정상운영,2019-07,5,0,-5
S0048,H069,단독설립,교수창업,연구소기업,BT,정보통신업,정상운영,2017-02,7,1777,-108
S0049,H016,단독설립,전문경영인(파트너기업겸직파견등),해당없음,BT,제조업,정상운영,2019-11,5,1926,-138
S0050,H049,지분편입(지분매수),교수창업,벤처기업,NT,제조업,정상운영,2022-04,2,2181,73
S0051,H011,단독설립,기타,해당없음,ET,전문과학및기술서비스업,정상운영,2009-03,15,0,-68
S0052,H071,단독설립,무응답,연구소기업,IT,전문과학및기술서비스업,정상운영,2018-08,6,0,-67
S0053,H038,지분편입(지분매수),전문경영인(창업자),해당없음,IT,정보통신업,정상운영,2018-04,6,1317,-57
S0054,H081,지분편입(지분매수),학생창업,해당없음,IT,전문과학및기술서비스업,정상운영,2018-01,6,1911,-85
S0055,H080,단독설립,교수창업,연구소기업,해당없음,전문과학및기술서비스업,투자회수(전액),2021-04,3,0,0
S0056,H047,단독설립,교수창업,연구소기업,IT,전문과학및기술서비스업,정상운영,2018-05,6,0,-13
S0057,H074,단독설립,전문경영인(파트너기업겸직파견등),연구소기업,IT,제조업,정상운영,2020-07,4,1234,2
S0058,H025,단독설립,전문경영인(파트너기업겸직파견등),해당없음,해당없음,전문과학및기술서비스업,정상운영,2020-02,4,0,-92
S0059,H009,단독설립,교수창업,해당없음,IT,제조업,정상운영,2022-06,2,2068,-33
S0060,H006,지분편입(지분매수),학생창업,해당없음,IT,정보통신업,정상운영,2021-07,3,1054,-62
S0061,H030,지분편입(유상증자),교수창업,연구소기업,BT,정보통신업,정상운영,2019-11,5,1408,103
S0062,H038,단독설립,전문경영인(파트너기업겸직파견등),벤처기업,IT,전문과학및기술서비스업,정상운영,2018-03,6,0,-72
S0063,H011,단독설립,기타,연구소기업,CT,제조업,정상운영,2023-07,1,1126,72
S0064,H030,합작설립,전문경영인(창업자),해당없음,IT,제조업,정상운영,2017-03,7,981,-27
S0065,H013,단독설립,전문경영인(창업자),벤처기업,BT,전문과학및기술서비스업,정상운영,2021-05,3,0,-41
S0066,H049,단독설립,기타,벤처기업,NT,정보통신업,정상운영,2023-05,1,0,-11
S0067,H036,합작설립,전문경영인(창업자),벤처기업,BT,교육서비스업,정상운영,2019-07,5,0,-88
S0068,H059,지분편입(지분매수),교수창업,연구소기업,NT,정보통신업,정상운영,2017-11,7,584,-31
S0069,H082,단독설립,전문경영인(창업자),해당없음,BT,전문과학및기술서비스업,정상운영,2023-08,1,0,-33
S0070,H047,지분편입(유상증자),전문경영인(창업자),연구소기업,BT,정보통신업,정상운영,2017-01,7,1818,-7
S0071,H021,단독설립,전문경영인(창업자),연구소기업,IT,정보통신업,폐업(청산),2020-05,4,0,0
S0072,H048,지분편입(지분매수),전문경영인(창업자),연구소기업,IT,제조업,투자회수(전액),2018-07,6,0,0
S0073,H046,지분편입(유상증자),전문경영인(창업자),해당없음,IT,제조업,정상운영,2019-03,5,1758,-120
S0074,H027,단독설립,전문경영인(창업자),벤처기업,IT,정보통신업,정상운영,2018-03,6,775,59
S0075,H035,합작설립,기타,연구소기업,BT,전문과학및기술서비스업,정상운영,2018-07,6,0,-147
S0076,H083,지분편입(지분매수),전문경영인(창업자),해당없음,BT,제조업,투자회수(전액),2019-11,5,0,0
S0077,H010,합작설립,전문경영인(창업자),해당없음,ET,정보통신업,정상운영,2016-09,8,323,-140
S0078,H078,단독설립,교수창업,연구소기업,IT,제조업,정상운영,2023-02,1,1723,-104
S0079,H082,단독설립,교수창업,연구소기업,ET,정보통신업,투자회수(전액),2018-08,6,0,0
S0080,H022,단독설립,교수창업,벤처기업,BT,제조업,정상운영,2021-02,3,1079,-122
S0081,H069,합작설립,교수창업,연구소기업,해당없음,전문과학및기술서비스업,정상운영,2016-06,8,0,-103
S0082,H032,지분편입(지분매수),전문경영인(창업자),해당없음,해당없음,도매및소매업,정상운영,2021-11,3,0,-10
S0083,H021,단독설립,학생창업,연구소기업,BT,정보통신업,정상운영,2017-12,7,2273,-50
S0084,H060,합작설립,학생창업,해당없음,IT,제조업,정상운영,2022-02,2,1485,-29
S0085,H049,지분편입(지분매수),교수창업,연구소기업,IT,전문과학및기술서비스업,정상운영,2010-11,14,842,15
S0086,H035,단독설립,교수창업,해당없음,BT,전문과학및기술서비스업,정상운영,2018-07,6,0,-49
S0087,H082,합작설립,교수창업,해당없음,BT,전문과학및기술서비스업,정상운영,2023-01,1,0,-111
S0088,H072,합작설립,전문경영인(파트너기업겸직파견등),벤처기업,BT,정보통신업,정상운영,2015-03,9,0,-138
S0089,H029,단독설립,교수창업,벤처기업,BT,전문과학및기술서비스업,정상운영,2022-06,2,0,-11
S0090,H042,단독설립,전문경영인(창업자),해당없음,IT,도매및소매업,정상운영,2022-03,2,1010,-65
S0091,H008,합작설립,전문경영인(창업자),연구소기업,IT,제조업,정상운영,2010-10,14,0,-79
S0092,H030,지분편입(지분매수),기타,해당없음,NT,제조업,정상운영,2020-09,4,0,-25
S0093,H005,단독설립,교수창업,연구소기업,BT,정보통신업,정상운영,2017-07,7,0,-107
S0094,H041,지분편입(지분매수),교수창업,연구소기업,BT,정보통신업,정상운영,2020-11,4,0,-143
S0095,H052,지분편입(지분매수),교수창업,연구소기업,BT,정보통신업,정상운영,2021-08,3,890,132
S0096,H035,단독설립,전문경영인(창업자),벤처기업,BT,전문과학및기술서비스업,정상운영,2010-01,14,0,-131
S0097,H009,단독설립,학생창업,해당없음,ET,정보통신업,정상운영,2020-08,4,1413,-123
S0098,H028,지분편입(지분매수),전문경영인(파트너기업겸직파견등),해당없음,해당없음,제조업,정상운영,2022-11,2,0,-67
S0099,H073,단독설립,교수창업,해당없음,BT,기타,정상운영,2019-11,5,699,116
S0100,H041,합작설립,전문경영인(창업자),벤처기업,BT,제조업,정상운영,2019-07,5,0,-57
S0101,H028,단독설립,교수창업,해당없음,BT,정보통신업,정상운영,2019-07,5,0,-101
S0102,H084,단독설립,전문경영인(파트너기업겸직파견등),연구소기업,IT,정보통신업,정상운영,2019-01,5,1708,118
S0103,H064,단독설립,교수창업,해당없음,해당없음,교육서비스업,정상운영,2017-05,7,1671,-128
S0104,H051,단독설립,기타,연구소기업,BT,제조업,정상운영,2017-07,7,1958,-36
S0105,H083,단독설립,교수창업,해당없음,해당없음,제조업,정상운영,2019-05,5,0,-112
S0106,H059,단독설립,교수창업,해당없음,IT,정보통신업,정상운영,2019-12,5,0,-22
S0107,H019,합작설립,전문경영인(창업자),해당없음,ET,제조업,폐업(청산),2012-11,12,0,0
S0108,H034,단독설립,기타,해당없음,IT,정보통신업,정상운영,2008-02,16,0,-143
S0109,H018,지분편입(지분매수),전문경영인(파트너기업겸직파견등),연구소기업,BT,제조업,정상운영,2020-10,4,796,-94
S0110,H032,단독설립,교수창업,해당없음,IT,정보통신업,정상운영,2019-08,5,545,42
S0111,H072,단독설립,전문경영인(창업자),해당없음,IT,정보통신업,정상운영,2023-09,1,1591,62
S0112,H069,지분편입(지분매수),교수창업,해당없음,BT,정보통신업,정상운영,2018-06,6,0,-8
S0113,H034,지분편입(유상증자),전문경영인(창업자),연구소기업,BT,제조업,정상운영,2022-08,2,448,1
S0114,H075,단독설립,교수창업,벤처기업,BT,제조업,정상운영,2020-12,4,0,-143
S0115,H055,지분편입(지분매수),학생창업,벤처기업,ET,정보통신업,정상운영,2018-06,6,1810,-134
S0116,H075,지분편입(지분매수),교수창업,신기술창업전문회사,BT,제조업,정상운영,2009-09,15,0,-52
S0117,H052,단독설립,학생창업,연구소기업,IT,전문과학및기술서비스업,정상운영,2016-06,8,0,-60
S0118,H047,단독설립,전문경영인(창업자),연구소기업,CT,전문과학및기술서비스업,정상운영,2020-02,4,0,-52
S0119,H029,단독설립,교수창업,이노비즈기업,IT,전문과학및기술서비스업,정상운영,2017-03,7,2109,-147
S0120,H018,지분편입(지분매수),전문경영인(파트너기업겸직파견등),연구소기업,IT,제조업,정상운영,2010-07,14,0,-131
S0121,H066,단독설립,교수창업,벤처기업,ET,전문과학및기술서비스업,정상운영,2019-09,5,194,17
S0122,H064,단독설립,기타,해당없음,BT,제조업,정상운영,2016-07,8,0,-22
S0123,H012,지분편입(지분매수),교수창업,해당없음,해당없음,정보통신업,정상운영,2023-11,1,1149,15
S0124,H007,지분편입(지분매수),무응답,벤처기업,BT,제조업,정상운영,2020-02,4,2144,148
S0125,H015,단독설립,교수창업,연구소기업,IT,제조업,정상운영,2019-03,5,0,-48
S0126,H020,합작설립,교수창업,해당없음,IT,전문과학및기술서비스업,정상운영,2022-01,2,0,-12
S0127,H081,지분편입(지분매수),전문경영인(파트너기업겸직파견등),벤처기업,해당없음,전문과학및기술서비스업,정상운영,2020-06,4,2108,81
S0128,H021,합작설립,기타,벤처기업,NT,정보통신업,정상운영,2023-12,1,1329,-20
S0129,H055,합작설립,교수창업,벤처기업,해당없음,전문과학및기술서비스업,정상운영,2023-10,1,0,-32
S0130,H077,지분편입(유상증자),전문경영인(창업자),벤처기업,BT,제조업,정상운영,2016-05,8,0,-118
S0131,H009,합작설립,교수창업,연구소기업,해당없음,정보통신업,정상운영,2023-04,1,1387,128
S0132,H050,지분편입(지분매수),교수창업,벤처기업,IT,정보통신업,정상운영,2021-09,3,85,-71
S0133,H049,지분편입(지분매수),기타,연구소기업,BT,전문과학및기술서비스업,정상운영,2010-10,14,0,-5
S0134,H077,지분편입(유상증자),교수창업,이노비즈기업,BT,제조업,정상운영,2023-12,1,0,-141
S0135,H060,단독설립,전문경영인(파트너기업겸직파견등),벤처기업,BT,제조업,정상운영,2017-08,7,0,-17
S0136,H068,단독설립,무응답,해당없음,해당없음,전문과학및기술서비스업,정상운영,2013-07,11,0,-130
S0137,H033,합작설립,무응답,벤처기업,CT,정보통신업,정상운영,2022-01,2,1485,69
S0138,H071,지분편입(지분매수),교수창업,해당없음,BT,정보통신업,정상운영,2017-08,7,0,-140
S0139,H002,지분편입(지분매수),전문경영인(파트너기업겸직파견등),연구소기업,해당없음,전문과학및기술서비스업,정상운영,2018-05,6,860,-61
S0140,H015,단독설립,전문경영인(창업자),해당없음,IT,정보통신업,정상운영,2012-01,12,0,-36
S0141,H069,단독설립,교수창업,해당없음,IT,정보통신업,정상운영,2016-02,8,0,-78
S0142,H035,단독설립,교수창업,연구소기업,ET,제조업,정상운영,2023-08,1,0,-115
S0143,H083,단독설립,교수창업,연구소기업,BT,정보통신업,정상운영,2022-08,2,0,-92
S0144,H044,단독설립,학생창업,벤처기업,IT,제조업,정상운영,2020-06,4,0,-100
S0145,H015,단독설립,학생창업,해당없음,해당없음,제조업,정상운영,2018-01,6,0,-57
S0146,H038,단독설립,학생창업,연구소기업,ET,정보통신업,정상운영,2019-10,5,0,-101
S0147,H056,합작설립,전문경영인(창업자),해당없음,CT,전문과학및기술서비스업,투자회수(전액),2008-11,16,0,0
S0148,H021,지분편입(유상증자),교수창업,벤처기업,IT,정보통신업,정상운영,2017-06,7,1970,10
S0149,H059,단독설립,학생창업,이노비즈기업,IT,전문과학및기술서비스업,정상운영,2009-05,15,0,-43
S0150,H001,지분편입(지분매수),기타,해당없음,IT,정보통신업,정상운영,2023-07,1,1517,120
S0151,H034,단독설립,학생창업,벤처기업,BT,제조업,정상운영,2020-06,4,1868,-58
S0152,H065,지분편입(지분매수),교수창업,해당없음,BT,제조업,정상운영,2016-11,8,0,-58
S0153,H023,지분편입(지분매수),기타,해당없음,IT,정보통신업,정상운영,2023-05,1,0,-78
S0154,H065,단독설립,전문경영인(창업자),벤처기업,IT,정보통신업,정상운영,2020-01,4,1926,-147
S0155,H014,단독설립,전문경영인(창업자),해당없음,IT,정보통신업,정상운영,2023-09,1,0,-17
S0156,H081,합작설립,전문경영인(창업자),해당없음,IT,정보통신업,정상운영,2009-05,15,0,-128
S0157,H039,단독설립,교수창업,해당없음,해당없음,제조업,정상운영,2016-03,8,0,-140
S0158,H082,합작설립,교수창업,벤처기업,IT,전문과학및기술서비스업,정상운영,2017-05,7,0,-85
S0159,H065,지분편입(유상증자),교수창업,연구소기업,IT,제조업,정상운영,2018-06,6,1187,143
S0160,H078,지분편입(유상증자),학생창업,연구소기업,BT,제조업,정상운영,2017-07,7,0,-122
S0161,H026,단독설립,전문경영인(파트너기업겸직파견등),해당없음,IT,전문과학및기술서비스업,정상운영,2020-01,4,1594,23
S0162,H020,단독설립,교수창업,연구소기업,BT,전문과학및기술서비스업,정상운영,2016-08,8,0,-71
S0163,H048,단독설립,교수창업,신기술창업전문회사,BT,도매및소매업,정상운영,2023-06,1,0,-67
S0164,H021,단독설립,교수창업,연구소기업,BT,제조업,정상운영,2020-05,4,0,-128
S0165,H070,단독설립,전문경영인(창업자),연구소기업,IT,전문과학및기술서비스업,정상운영,2023-11,1,0,-100
S0166,H068,단독설립,기타,연구소기업,BT,전문과학및기술서비스업,정상운영,2010-01,14,0,-128
S0167,H001,지분편입(지분매수),교수창업,연구소기업,IT,정보통신업,정상운영,2018-10,6,0,-122
S0168,H077,지분편입(지분매수),학생창업,해당없음,IT,전문과학및기술서비스업,정상운영,2020-02,4,1151,137
S0169,H042,단독설립,전문경영인(파트너기업겸직파견등),연구소기업,BT,제조업,정상운영,2023-06,1,308,-66
S0170,H063,합작설립,학생창업,벤처기업,IT,정보통신업,정상운영,2020-12,4,1566,73
S0171,H003,단독설립,교수창업,연구소기업,ET,도매및소매업,정상운영,2020-01,4,0,-108
S0172,H015,지분편입(지분매수),전문경영인(창업자),해당없음,IT,제조업,정상운영,2021-09,3,508,89
S0173,H047,단독설립,교수창업,해당없음,BT,제조업,정상운영,2021-12,3,0,-111
S0174,H040,합작설립,전문경영인(파트너기업겸직파견등),연구소기업,해당없음,제조업,정상운영,2019-07,5,0,-46
S0175,H031,지분편입(지분매수),학생창업,연구소기업,IT,정보통신업,정상운영,2022-04,2,0,-51
S0176,H008,지분편입(유상증자),학생창업,벤처기업,IT,전문과학및기술서비스업,정상운영,2013-03,11,88,92
S0177,H031,합작설립,전문경영인(창업자),연구소기업,ET,정보통신업,정상운영,2021-02,3,0,-36
S0178,H073,단독설립,교수창업,연구소기업,BT,정보통신업,정상운영,2018-09,6,415,-116
S0179,H011,단독설립,학생창업,해당없음,BT,제조업,폐업(청산),2022-02,2,0,0
S0180,H011,단독설립,교수창업,연구소기업,BT,정보통신업,정상운영,2022-03,2,0,-143
S0181,H063,단독설립,교수창업,기타,IT,제조업,정상운영,2008-12,16,296,-77
S0182,H009,단독설립,기타,벤처기업,BT,정보통신업,정상운영,2022-03,2,0,-144
S0183,H069,지분편입(지분매수),교수창업,연구소기업,ET,제조업,정상운영,2021-11,3,0,-95
S0184,H017,단독설립,학생창업,연구소기업,IT,제조업,정상운영,2019-08,5,1197,145
S0185,H017,지분편입(지분매수),학생창업,벤처기업,IT,전문과학및기술서비스업,폐업(청산),2017-07,7,0,0
S0186,H061,지분편입(유상증자),교수창업,해당없음,BT,도매및소매업,정상운영,2018-05,6,0,-108
S0187,H071,지분편입(유상증자),교수창업,연구소기업,IT,제조업,투자회수(전액),2019-06,5,0,0
S0188,H022,단독설립,교수창업,해당없음,해당없음,제조업,정상운영,2020-08,4,0,-58
S0189,H034,단독설립,무응답,해당없음,IT,제조업,정상운영,2019-12,5,0,-97
S0190,H068,단독설립,교수창업,연구소기업,IT,정보통신업,정상운영,2023-10,1,0,-68
S0191,H078,단독설립,교수창업,벤처기업,BT,제조업,정상운영,2023-04,1,0,-16
S0192,H055,합작설립,학생창업,벤처기업,해당없음,정보통신업,정상운영,2021-12,3,0,-124
S0193,H028,지분편입(지분매수),교수창업,벤처기업,BT,전문과학및기술서비스업,정상운영,2020-09,4,1073,-148
S0194,H070,지분편입(지분매수),전문경영인(창업자),벤처기업,IT,제조업,정상운영,2023-10,1,0,-96
S0195,H026,합작설립,교수창업,벤처기업,해당없음,제조업,정상운영,2019-08,5,1491,6
S0196,H040,단독설립,전문경영인(파트너기업겸직파견등),연구소기업,BT,정보통신업,정상운영,2020-01,4,0,-21
S0197,H052,단독설립,학생창업,벤처기업,IT,정보통신업,정상운영,2010-02,14,2166,-147
S0198,H084,단독설립,학생창업,해당없음,IT,제조업,정상운영,2023-06,1,0,-23
S0199,H048,지분편입(지분매수),교수창업,벤처기업,IT,제조업,정상운영,2020-06,4,1084,-21
S0200,H057,지분편입(지분매수),기타,해당없음,BT,도매및소매업,정상운영,2017-01,7,0,-87
S0201,H067,합작설립,교수창업,해당없음,IT,전문과학및기술서비스업,정상운영,2018-03,6,0,-28
S0202,H058,단독설립,학생창업,연구소기업,BT,전문과학및기술서비스업,정상운영,2018-10,6,0,-28
S0203,H016,합작설립,전문경영인(창업자),벤처기업,BT,전문과학및기술서비스업,정상운영,2020-12,4,1711,-17
S0204,H032,합작설립,기타,연구소기업,BT,제조업,정상운영,2008-11,16,1196,-84
S0205,H029,지분편입(지분매수),교수창업,연구소기업,IT,전문과학및기술서비스업,정상운영,2020-02,4,1039,-9
S0206,H009,지분편입(지분매수),기타,연구소기업,ET,정보통신업,정상운영,2022-07,2,0,-35
S0207,H044,지분편입(유상증자),학생창업,해당없음,해당없음,제조업,정상운영,2020-09,4,780,121
S0208,H003,지분편입(지분매수),교수창업,해당없음,IT,제조업,정상운영,2022-12,2,0,-32
S0209,H076,단독설립,학생창업,해당없음,ET,정보통신업,정상운영,2015-02,9,1349,-68
S0210,H071,지분편입(지분매수),기타,해당없음,IT,제조업,정상운영,2020-06,4,935,-139
S0211,H030,단독설립,학생창업,연구소기업,IT,정보통신업,정상운영,2022-11,2,0,-28
S0212,H076,단독설립,학생창업,연구소기업,NT,제조업,폐업(청산),2022-12,2,0,0
S0213,H029,지분편입(지분매수),교수창업,해당없음,IT,전문과학및기술서비스업,투자회수(전액),2019-05,5,0,0
S0214,H001,지분편입(지분매수),전문경영인(파트너기업겸직파견등),해당없음,BT,정보통신업,정상운영,2020-07,4,0,-129
S0215,H010,단독설립,무응답,해당없음,BT,정보통신업,정상운영,2015-07,9,0,-134
S0216,H081,지분편입(지분매수),교수창업,연구소기업,ET,제조업,정상운영,2016-01,8,1170,-117
S0217,H008,합작설립,전문경영인(창업자),해당없음,IT,도매및소매업,정상운영,2014-03,10,1845,-120
S0218,H030,합작설립,전문경영인(창업자),이노비즈기업,BT,정보통신업,정상운영,2023-12,1,0,-65
S0219,H009,지분편입(지분매수),학생창업,연구소기업,NT,도매및소매업,정상운영,2019-05,5,745,151
S0220,H005,합작설립,전문경영인(창업자),기타,해당없음,전문과학및기술서비스업,정상운영,2021-12,3,0,-65
S0221,H043,단독설립,학생창업,해당없음,해당없음,도매및소매업,정상운영,2022-11,2,1986,-11
S0222,H010,지분편입(지분매수),교수창업,해당없음,IT,제조업,정상운영,2018-12,6,1218,-48
S0223,H066,단독설립,무응답,연구소기업,ET,제조업,정상운영,2019-02,5,0,-47
S0224,H031,지분편입(지분매수),전문경영인(파트너기업겸직파견등),연구소기업,해당없음,제조업,정상운영,2021-07,3,29,-82
S0225,H036,단독설립,교수창업,벤처기업,IT,제조업,정상운영,2022-02,2,0,-86
S0226,H063,단독설립,교수창업,벤처기업,ET,제조업,정상운영,2017-04,7,1997,-36
S0227,H028,단독설립,기타,벤처기업,IT,제조업,정상운영,2021-10,3,791,-80
S0228,H070,지분편입(유상증자),무응답,해당없음,CT,제조업,정상운영,2023-05,1,0,-44
S0229,H017,지분편입(지분매수),전문경영인(창업자),해당없음,해당없음,제조업,정상운영,2022-05,2,0,-3
S0230,H074,합작설립,전문경영인(창업자),벤처기업,IT,제조업,정상운영,2013-10,11,0,-69
S0231,H074,합작설립,전문경영인(파트너기업겸직파견등),해당없음,BT,제조업,정상운영,2021-09,3,247,156
S0232,H061,합작설립,학생창업,연구소기업,BT,교육서비스업,정상운영,2022-09,2,0,-130
S0233,H032,지분편입(지분매수),기타,연구소기업,BT,제조업,정상운영,2021-04,3,1140,-10
S0234,H061,단독설립,교수창업,연구소기업,BT,전문과학및기술서비스업,정상운영,2017-12,7,2263,119
S0235,H053,단독설립,교수창업,연구소기업,BT,기타,정상운영,2021-01,3,0,-90
S0236,H025,지분편입(지분매수),교수창업,벤처기업,IT,정보통신업,투자회수(전액),2019-06,5,0,0
S0237,H013,단독설립,교수창업,벤처기업,BT,정보통신업,정상운영,2021-10,3,0,-139
S0238,H013,단독설립,교수창업,연구소기업,IT,제조업,정상운영,2023-08,1,0,-39
S0239,H056,합작설립,교수창업,연구소기업,BT,제조업,정상운영,2019-04,5,0,-47
S0240,H046,합작설립,학생창업,해당없음,해당없음,정보통신업,정상운영,2018-07,6,0,-7
S0241,H055,합작설립,학생창업,벤처기업,ET,기타,정상운영,2017-05,7,1529,-92
S0242,H053,단독설립,학생창업,해당없음,IT,제조업,정상운영,2023-12,1,1269,106
S0243,H060,단독설립,기타,벤처기업,IT,전문과학및기술서비스업,휴업,2020-12,4,0,0
S0244,H007,단독설립,전문경영인(창업자),해당없음,해당없음,전문과학및기술서비스업,정상운영,2023-03,1,714,9
S0245,H084,지분편입(지분매수),교수창업,연구소기업,해당없음,전문과학및기술서비스업,정상운영,2020-05,4,0,-8
S0246,H083,합작설립,학생창업,벤처기업,ET,정보통신업,정상운영,2018-09,6,0,-78
S0247,H013,단독설립,전문경영인(창업자),연구소기업,IT,도매및소매업,정상운영,2022-11,2,1784,73
S0248,H008,단독설립,기타,연구소기업,IT,제조업,정상운영,2021-01,3,640,-10
S0249,H052,단독설립,전문경영인(창업자),해당없음,NT,제조업,투자회수(전액),2022-10,2,0,0
S0250,H044,단독설립,기타,연구소기업,IT,정보통신업,정상운영,2018-07,6,1453,-57
S0251,H014,지분편입(지분매수),무응답,해당없음,IT,제조업,정상운영,2021-03,3,0,-63
S0252,H032,지분편입(지분매수),학생창업,연구소기업,IT,제조업,정상운영,2012-11,12,0,-78
S0253,H025,단독설립,학생창업,연구소기업,IT,전문과학및기술서비스업,정상운영,2017-05,7,0,-105
S0254,H025,단독설립,교수창업,해당없음,BT,정보통신업,정상운영,2017-05,7,816,-2
S0255,H069,지분편입(지분매수),전문경영인(파트너기업겸직파견등),해당없음,BT,정보통신업,폐업(청산),2023-01,1,0,0
S0256,H058,단독설립,교수창업,해당없음,IT,전문과학및기술서비스업,정상운영,2014-07,10,0,-142
S0257,H018,지분편입(지분매수),전문경영인(창업자),해당없음,BT,정보통신업,폐업(청산),2019-04,5,0,0
S0258,H055,지분편입(지분매수),학생창업,연구소기업,BT,정보통신업,정상운영,2020-01,4,1825,83
S0259,H024,합작설립,전문경영인(창업자),연구소기업,BT,정보통신업,정상운영,2008-07,16,0,-115
S0260,H036,지분편입(유상증자),교수창업,해당없음,NT,전문과학및기술서비스업,정상운영,2010-11,14,0,-98
S0261,H060,지분편입(유상증자),교수창업,해당없음,IT,정보통신업,정상운영,2021-03,3,0,-78
S0262,H032,단독설립,교수창업,연구소기업,ET,제조업,폐업(청산),2023-05,1,0,0
S0263,H010,합작설립,학생창업,연구소기업,NT,전문과학및기술서비스업,정상운영,2021-05,3,2060,-27
S0264,H057,지분편입(지분매수),학생창업,해당없음,BT,제조업,정상운영,2019-08,5,0,-99
S0265,H071,단독설립,기타,연구소기업,BT,정보통신업,정상운영,2019-10,5,1661,-66
S0266,H013,합작설립,학생창업,연구소기업,ET,전문과학및기술서비스업,정상운영,2008-11,16,0,-126
S0267,H007,지분편입(지분매수),교수창업,벤처기업,해당없음,정보통신업,정상운영,2019-06,5,0,-54
S0268,H084,단독설립,전문경영인(파트너기업겸직파견등),벤처기업,ET,제조업,정상운영,2022-02,2,0,-56
S0269,H070,합작설립,학생창업,해당없음,IT,제조업,정상운영,2021-04,3,224,65
S0270,H002,합작설립,전문경영인(창업자),벤처기업,BT,제조업,정상운영,2018-04,6,1274,72
S0271,H012,단독설립,교수창업,해당없음,IT,전문과학및기술서비스업,정상운영,2017-01,7,0,-149
S0272,H031,지분편입(유상증자),교수창업,연구소기업,IT,제조업,정상운영,2022-12,2,2258,-149
S0273,H022,단독설립,전문경영인(파트너기업겸직파견등),연구소기업,IT,정보통신업,정상운영,2021-06,3,2183,-99
S0274,H053,단독설립,교수창업,연구소기업,BT,정보통신업,정상운영,2016-04,8,0,-145
S0275,H063,단독설립,기타,해당없음,ET,제조업,정상운영,2023-02,1,0,-44
S0276,H062,단독설립,교수창업,신기술창업전문회사,BT,정보통신업,정상운영,2018-10,6,0,-12
S0277,H028,지분편입(지분매수),기타,해당없음,해당없음,전문과학및기술서비스업,정상운영,2021-05,3,0,-41
S0278,H052,합작설립,기타,벤처기업,BT,전문과학및기술서비스업,정상운영,2017-12,7,0,-130
S0279,H008,지분편입(유상증자),전문경영인(창업자),해당없음,IT,제조업,정상운영,2023-12,1,1605,13
S0280,H022,지분편입(지분매수),전문경영인(창업자),연구소기업,IT,교육서비스업,정상운영,2019-10,5,405,-111
S0281,H049,단독설립,학생창업,연구소기업,BT,전문과학및기술서비스업,정상운영,2017-08,7,1604,-34
S0282,H001,합작설립,전문경영인(창업자),연구소기업,ET,전문과학및기술서비스업,정상운영,2023-10,1,0,-1
S0283,H050,단독설립,전문경영인(파트너기업겸직파견등),해당없음,해당없음,전문과학및기술서비스업,정상운영,2012-07,12,105,75
S0284,H034,지분편입(지분매수),기타,해당없음,IT,교육서비스업,투자회수(전액),2023-11,1,0,0
S0285,H059,지분편입(지분매수),전문경영인(창업자),연구소기업,BT,전문과학및기술서비스업,정상운영,2017-10,7,246,-145
S0286,H037,지분편입(지분매수),전문경영인(파트너기업겸직파견등),해당없음,NT,전문과학및기술서비스업,정상운영,2023-06,1,0,-55
S0287,H055,단독설립,학생창업,해당없음,BT,전문과학및기술서비스업,정상운영,2022-09,2,1850,75
S0288,H072,지분편입(지분매수),교수창업,연구소기업,BT,정보통신업,정상운영,2018-07,6,1515,2
S0289,H063,단독설립,전문경영인(창업자),연구소기업,IT,제조업,정상운영,2023-08,1,1631,-60
S0290,H020,지분편입(지분매수),전문경영인(파트너기업겸직파견등),해당없음,BT,정보통신업,정상운영,2015-09,9,0,-33
S0291,H025,지분편입(지분매수),기타,연구소기업,IT,전문과학및기술서비스업,정상운영,2023-01,1,357,7
S0292,H038,단독설립,기타,해당없음,BT,전문과학및기술서비스업,정상운영,2021-06,3,1284,-61
S0293,H028,지분편입(지분매수),전문경영인(파트너기업겸직파견등),해당없음,BT,제조업,정상운영,2019-06,5,1459,6
S0294,H008,지분편입(지분매수),기타,해당없음,BT,제조업,정상운영,2015-06,9,0,-76
S0295,H075,지분편입(지분매수),학생창업,해당없음,해당없음,제조업,정상운영,2021-06,3,0,-60
S0296,H070,합작설립,교수창업,해당없음,해당없음,제조업,정상운영,2022-08,2,1853,-83
S0297,H008,지분편입(지분매수),교수창업,연구소기업,IT,제조업,정상운영,2022-03,2,881,92
S0298,H041,단독설립,학생창업,벤처기업,IT,전문과학및기술서비스업,정상운영,2022-08,2,1591,-5
S0299,H008,단독설립,학생창업,벤처기업,IT,정보통신업,정상운영,2011-12,13,0,-105
S0300,H007,단독설립,전문경영인(파트너기업겸직파견등),연구소기업,BT,제조업,정상운영,2019-08,5,0,-66
S0301,H075,합작설립,기타,연구소기업,CT,도매및소매업,정상운영,2020-04,4,61,-16
S0302,H062,단독설립,교수창업,벤처기업,해당없음,제조업,정상운영,2023-09,1,0,-118
S0303,H065,단독설립,기타,해당없음,ET,제조업,정상운영,2021-12,3,0,-46
S0304,H068,합작설립,교수창업,해당없음,IT,전문과학및기술서비스업,정상운영,2010-03,14,891,-72
S0305,H021,단독설립,기타,해당없음,IT,제조업,투자회수(전액),2018-11,6,0,0
S0306,H008,지분편입(지분매수),학생창업,연구소기업,IT,전문과학및기술서비스업,정상운영,2018-07,6,0,-64
S0307,H066,합작설립,전문경영인(창업자),이노비즈기업,NT,제조업,정상운영,2023-05,1,1871,155
S0308,H011,단독설립,교수창업,연구소기업,BT,제조업,폐업(청산),2017-07,7,0,0
S0309,H024,지분편입(유상증자),전문경영인(파트너기업겸직파견등),해당없음,IT,교육서비스업,정상운영,2018-01,6,0,-6
S0310,H009,단독설립,교수창업,벤처기업,BT,정보통신업,투자회수(전액),2019-11,5,0,0
S0311,H077,단독설립,전문경영인(창업자),벤처기업,NT,정보통신업,정상운영,2016-10,8,2202,25
S0312,H009,지분편입(지분매수),교수창업,연구소기업,NT,제조업,정상운영,2020-02,4,487,-145
S0313,H031,단독설립,기타,해당없음,BT,제조업,정상운영,2020-11,4,0,-64
S0314,H052,지분편입(지분매수),학생창업,해당없음,해당없음,도매및소매업,정상운영,2012-08,12,0,-13
S0315,H016,단독설립,교수창업,이노비즈기업,IT,제조업,정상운영,2019-09,5,0,-71
S0316,H073,지분편입(지분매수),교수창업,연구소기업,해당없음,제조업,정상운영,2023-06,1,0,-78
S0317,H032,단독설립,무응답,해당없음,IT,제조업,정상운영,2018-02,6,0,-6
S0318,H075,단독설립,무응답,벤처기업,해당없음,정보통신업,정상운영,2023-04,1,0,-84
S0319,H077,지분편입(지분매수),전문경영인(창업자),연구소기업,IT,제조업,정상운영,2023-12,1,0,-10
S0320,H006,지분편입(지분매수),학생창업,해당없음,NT,정보통신업,정상운영,2020-09,4,0,-141
S0321,H080,단독설립,교수창업,연구소기업,해당없음,정보통신업,정상운영,2017-06,7,0,-58
S0322,H011,단독설립,기타,벤처기업,IT,제조업,정상운영,2017-05,7,0,-131
S0323,H054,단독설립,교수창업,해당없음,BT,정보통신업,정상운영,2023-05,1,514,-120
S0324,H075,지분편입(지분매수),교수창업,연구소기업,BT,제조업,투자회수(일부),2017-06,7,0,0
S0325,H073,지분편입(지분매수),교수창업,연구소기업,BT,전문과학및기술서비스업,정상운영,2022-08,2,84,128
S0326,H067,지분편입(유상증자),전문경영인(파트너기업겸직파견등),연구소기업,해당없음,정보통신업,정상운영,2010-11,14,1426,131
S0327,H041,단독설립,전문경영인(창업자),해당없음,IT,제조업,투자회수(전액),2008-08,16,0,0
S0328,H034,지분편입(지분매수),기타,벤처기업,IT,전문과학및기술서비스업,정상운영,2021-01,3,0,-3
S0329,H027,단독설립,전문경영인(창업자),연구소기업,BT,정보통신업,정상운영,2019-03,5,814,-117
S0330,H041,단독설립,기타,연구소기업,BT,제조업,정상운영,2019-10,5,0,-25
S0331,H031,지분편입(지분매수),전문경영인(창업자),연구소기업,BT,제조업,폐업(청산),2021-10,3,0,0
S0332,H034,단독설립,전문경영인(창업자),해당없음,IT,제조업,정상운영,2018-03,6,0,-88
S0333,H051,지분편입(지분매수),교수창업,해당없음,ET,제조업,정상운영,2009-10,15,0,-86
S0334,H017,합작설립,전문경영인(파트너기업겸직파견등),연구소기업,BT,제조업,정상운영,2021-06,3,0,-101
S0335,H083,단독설립,교수창업,연구소기업,BT,제조업,정상운영,2022-10,2,0,-40
S0336,H039,지분편입(유상증자),교수창업,해당없음,ET,제조업,폐업(청산),2023-07,1,0,0
S0337,H059,지분편입(유상증자),전문경영인(창업자),해당없음,BT,도매및소매업,정상운영,2016-07,8,858,103
S0338,H041,합작설립,교수창업,해당없음,BT,제조업,정상운영,2011-01,13,0,-73
S0339,H010,지분편입(지분매수),기타,이노비즈기업,BT,제조업,정상운영,2019-05,5,923,-55
S0340,H002,지분편입(유상증자),학생창업,벤처기업,해당없음,정보통신업,정상운영,2018-09,6,0,-119
S0341,H059,합작설립,전문경영인(파트너기업겸직파견등),연구소기업,IT,정보통신업,정상운영,2021-12,3,0,-64
S0342,H080,단독설립,기타,해당없음,BT,도매및소매업,정상운영,2023-08,1,0,-19
S0343,H073,지분편입(유상증자),학생창업,벤처기업,BT,도매및소매업,정상운영,2016-04,8,0,-140
S0344,H013,단독설립,전문경영인(창업자),해당없음,IT,전문과학및기술서비스업,정상운영,2017-07,7,1400,-146
S0345,H010,합작설립,전문경영인(파트너기업겸직파견등),해당없음,IT,전문과학및기술서비스업,정상운영,2021-09,3,0,-86
S0346,H069,지분편입(유상증자),전문경영인(창업자),해당없음,ET,정보통신업,정상운영,2018-03,6,0,-7
S0347,H028,단독설립,교수창업,해당없음,IT,전문과학및기술서비스업,정상운영,2020-07,4,0,-48
S0348,H065,합작설립,전문경영인(창업자),해당없음,BT,도매및소매업,정상운영,2018-10,6,0,-98
S0349,H034,지분편입(지분매수),교수창업,해당없음,해당없음,정보통신업,정상운영,2017-02,7,0,-41
S0350,H017,단독설립,교수창업,연구소기업,BT,제조업,투자회수(일부),2023-02,1,0,0
S0351,H045,단독설립,학생창업,해당없음,BT,제조업,정상운영,2023-07,1,0,-133
S0352,H009,단독설립,학생창업,벤처기업,IT,정보통신업,정상운영,2020-04,4,0,-97
S0353,H032,단독설립,무응답,해당없음,IT,도매및소매업,정상운영,2023-04,1,0,-15
S0354,H048,단독설립,교수창업,연구소기업,BT,정보통신업,정상운영,2018-02,6,268,-93
S0355,H037,단독설립,교수창업,벤처기업,NT,정보통신업,정상운영,2016-10,8,0,-88
S0356,H021,단독설립,전문경영인(창업자),연구소기업,IT,기타,정상운영,2020-05,4,0,-114
S0357,H057,합작설립,교수창업,연구소기업,BT,정보통신업,정상운영,2020-03,4,889,-130
S0358,H070,지분편입(유상증자),교수창업,해당없음,BT,정보통신업,정상운영,2018-03,6,0,-102
S0359,H039,합작설립,교수창업,벤처기업,BT,정보통신업,정상운영,2017-12,7,0,-129
S0360,H079,단독설립,교수창업,해당없음,CT,제조업,정상운영,2020-07,4,0,-53
S0361,H084,단독설립,교수창업,해당없음,BT,정보통신업,정상운영,2018-09,6,0,-119
S0362,H068,단독설립,학생창업,이노비즈기업,BT,정보통신업,투자회수(전액),2023-07,1,0,0
S0363,H002,단독설립,교수창업,해당없음,BT,전문과학및기술서비스업,정상운영,2021-06,3,0,-69
S0364,H071,지분편입(지분매수),학생창업,연구소기업,ET,전문과학및기술서비스업,정상운영,2019-04,5,0,-64
S0365,H039,지분편입(지분매수),학생창업,해당없음,해당없음,정보통신업,정상운영,2022-07,2,1370,105
S0366,H014,단독설립,학생창업,해당없음,해당없음,전문과학및기술서비스업,정상운영,2019-10,5,0,-104
S0367,H018,합작설립,학생창업,연구소기업,IT,정보통신업,정상운영,2017-05,7,0,-28
S0368,H034,지분편입(유상증자),기타,연구소기업,ET,제조업,휴업,2023-06,1,0,0
S0369,H015,단독설립,학생창업,연구소기업,ET,도매및소매업,정상운영,2018-06,6,2266,-82
S0370,H014,단독설립,학생창업,해당없음,BT,정보통신업,정상운영,2018-11,6,1592,-70
S0371,H071,합작설립,전문경영인(창업자),신기술창업전문회사,ET,교육서비스업,정상운영,2013-02,11,396,-19
S0372,H020,단독설립,전문경영인(창업자),벤처기업,BT,교육서비스업,투자회수(전액),2018-11,6,0,0
S0373,H035,합작설립,교수창업,해당없음,BT,정보통신업,정상운영,2020-11,4,0,-99
S0374,H037,합작설립,교수창업,해당없음,NT,정보통신업,정상운영,2020-11,4,2048,-144
S0375,H078,단독설립,전문경영인(파트너기업겸직파견등),해당없음,NT,제조업,정상운영,2022-11,2,0,-78
S0376,H027,합작설립,교수창업,연구소기업,CT,정보통신업,정상운영,2017-06,7,0,-5
S0377,H044,단독설립,교수창업,벤처기업,BT,전문과학및기술서비스업,정상운영,2019-09,5,2218,117
S0378,H027,단독설립,전문경영인(창업자),벤처기업,IT,전문과학및기술서비스업,정상운영,2019-09,5,273,-14
S0379,H082,단독설립,학생창업,해당없음,IT,전문과학및기술서비스업,정상운영,2023-09,1,0,-121
S0380,H034,지분편입(지분매수),기타,해당없음,BT,제조업,정상운영,2023-07,1,0,-135
S0381,H065,단독설립,기타,벤처기업,BT,전문과학및기술서비스업,정상운영,2023-04,1,0,-22
S0382,H063,지분편입(지분매수),교수창업,연구소기업,IT,전문과학및기술서비스업,정상운영,2019-07,5,0,-140
S0383,H033,지분편입(지분매수),교수창업,연구소기업,NT,정보통신업,투자회수(전액),2021-08,3,0,0
S0384,H007,단독설립,기타,연구소기업,IT,제조업,정상운영,2019-08,5,0,-136
S0385,H012,지분편입(지분매수),학생창업,기타,해당없음,제조업,정상운영,2021-05,3,2063,-107
S0386,H082,합작설립,교수창업,해당없음,해당없음,정보통신업,정상운영,2021-08,3,943,-129
S0387,H055,단독설립,전문경영인(창업자),연구소기업,BT,정보통신업,투자회수(일부),2017-03,7,0,0
S0388,H036,지분편입(지분매수),전문경영인(창업자),벤처기업,NT,전문과학및기술서비스업,정상운영,2021-03,3,0,-59
S0389,H006,합작설립,기타,벤처기업,IT,기타,정상운영,2010-07,14,1283,81
S0390,H001,단독설립,교수창업,연구소기업,IT,전문과학및기술서비스업,정상운영,2021-05,3,1722,-126
S0391,H043,지분편입(지분매수),학생창업,벤처기업,ET,전문과학및기술서비스업,정상운영,2019-01,5,0,-82
S0392,H017,합작설립,전문경영인(창업자),연구소기업,IT,정보통신업,정상운영,2018-09,6,2054,83
S0393,H082,단독설립,전문경영인(창업자),연구소기업,IT,기타,정상운영,2023-06,1,0,-43
S0394,H034,단독설립,교수창업,해당없음,NT,제조업,정상운영,2019-08,5,0,-119
S0395,H021,지분편입(지분매수),교수창업,해당없음,해당없음,정보통신업,정상운영,2022-11,2,0,-92
S0396,H057,단독설립,교수창업,벤처기업,해당없음,정보통신업,정상운영,2018-03,6,0,-144
S0397,H071,단독설립,기타,연구소기업,NT,제조업,정상운영,2019-11,5,0,-52
S0398,H055,단독설립,학생창업,연구소기업,BT,제조업,정상운영,2022-02,2,0,-16
S0399,H072,지분편입(유상증자),전문경영인(파트너기업겸직파견등),해당없음,BT,제조업,정상운영,2011-07,13,0,-98
S0400,H002,단독설립,학생창업,연구소기업,BT,정보통신업,정상운영,2018-10,6,0,-88
S0401,H015,단독설립,교수창업,벤처기업,해당없음,정보통신업,정상운영,2022-11,2,0,-127
S0402,H010,지분편입(지분매수),교수창업,벤처기업,IT,전문과학및기술서비스업,정상운영,2023-07,1,1336,-37
S0403,H020,합작설립,학생창업,벤처기업,BT,전문과학및기술서비스업,정상운영,2016-07,8,572,-33
S0404,H070,지분편입(지분매수),교수창업,해당없음,IT,제조업,정상운영,2019-07,5,285,-69
S0405,H005,단독설립,전문경영인(파트너기업겸직파견등),벤처기업,ET,정보통신업,정상운영,2022-04,2,0,-19
S0406,H048,지분편입(지분매수),교수창업,연구소기업,BT,제조업,정상운영,2022-11,2,2173,109
S0407,H075,단독설립,교수창업,해당없음,IT,제조업,정상운영,2017-01,7,2216,-101
S0408,H071,단독설립,교수창업,벤처기업,BT,정보통신업,정상운영,2023-10,1,0,-65
S0409,H019,지분편입(지분매수),전문경영인(파트너기업겸직파견등),해당없음,IT,제조업,정상운영,2016-04,8,1674,9
S0410,H056,지분편입(유상증자),교수창업,벤처기업,IT,정보통신업,투자회수(일부),2008-03,16,0,0
S0411,H017,합작설립,교수창업,해당없음,해당없음,정보통신업,정상운영,2021-10,3,0,-66
S0412,H006,지분편입(지분매수),교수창업,해당없음,IT,정보통신업,정상운영,2018-10,6,0,-108
S0413,H040,지분편입(유상증자),교수창업,해당없음,ET,제조업,정상운영,2013-09,11,0,-60
S0414,H047,단독설립,기타,벤처기업,IT,제조업,정상운영,2017-02,7,0,-9
S0415,H006,지분편입(지분매수),전문경영인(창업자),해당없음,IT,제조업,정상운영,2009-10,15,0,-42
S0416,H046,지분편입(지분매수),교수창업,연구소기업,BT,제조업,정상운영,2011-10,13,1846,109
S0417,H027,합작설립,교수창업,연구소기업,BT,정보통신업,정상운영,2018-12,6,0,-44
S0418,H032,단독설립,전문경영인(파트너기업겸직파견등),벤처기업,해당없음,제조업,정상운영,2018-07,6,0,-15
S0419,H014,단독설립,교수창업,해당없음,NT,전문과학및기술서비스업,정상운영,2023-01,1,0,-11
S0420,H046,합작설립,무응답,연구소기업,IT,제조업,정상운영,2023-06,1,0,-138
S0421,H072,단독설립,전문경영인(파트너기업겸직파견등),연구소기업,BT,제조업,정상운영,2022-10,2,0,-109
S0422,H053,단독설립,교수창업,연구소기업,BT,기타,휴업,2020-04,4,0,0
S0423,H080,단독설립,전문경영인(창업자),해당없음,BT,정보통신업,정상운영,2022-03,2,0,-146
S0424,H020,단독설립,학생창업,벤처기업,BT,교육서비스업,투자회수(전액),2016-10,8,0,0
S0425,H031,지분편입(유상증자),학생창업,벤처기업,해당없음,제조업,정상운영,2020-11,4,2278,-131
S0426,H021,지분편입(지분매수),교수창업,벤처기업,BT,전문과학및기술서비스업,정상운영,2019-08,5,0,-11
S0427,H023,합작설립,교수창업,해당없음,해당없음,정보통신업,정상운영,2019-11,5,0,-123
S0428,H053,단독설립,교수창업,연구소기업,해당없음,정보통신업,폐업(청산),2021-02,3,0,0
S0429,H004,지분편입(지분매수),교수창업,해당없음,IT,제조업,정상운영,2017-06,7,0,-128
S0430,H023,합작설립,학생창업,해당없음,IT,도매및소매업,정상운영,2018-01,6,0,-132
S0431,H043,지분편입(지분매수),교수창업,연구소기업,BT,교육서비스업,정상운영,2019-12,5,0,-87
S0432,H053,단독설립,교수창업,연구소기업,BT,전문과학및기술서비스업,정상운영,2023-10,1,1334,-34
S0433,H032,합작설립,교수창업,연구소기업,BT,제조업,정상운영,2017-11,7,0,-60
S0434,H035,합작설립,전문경영인(창업자),이노비즈기업,BT,정보통신업,정상운영,2023-07,1,0,-45
S0435,H021,지분편입(지분매수),학생창업,연구소기업,ET,제조업,정상운영,2020-09,4,0,-109
S0436,H014,지분편입(지분매수),기타,해당없음,CT,제조업,정상운영,2021-09,3,258,-144
S0437,H049,지분편입(지분매수),무응답,해당없음,BT,정보통신업,정상운영,2021-04,3,616,-67
S0438,H005,지분편입(지분매수),교수창업,해당없음,IT,정보통신업,정상운영,2021-03,3,0,-9
S0439,H061,지분편입(지분매수),기타,신기술창업전문회사,BT,제조업,정상운영,2018-08,6,16,138
S0440,H029,합작설립,전문경영인(파트너기업겸직파견등),벤처기업,BT,정보통신업,폐업(청산),2019-06,5,0,0
S0441,H026,지분편입(지분매수),학생창업,벤처기업,CT,제조업,정상운영,2017-12,7,0,-42
S0442,H059,지분편입(지분매수),기타,연구소기업,NT,정보통신업,정상운영,2021-04,3,0,-139
S0443,H045,단독설립,교수창업,벤처기업,IT,제조업,정상운영,2017-03,7,578,-56
S0444,H040,합작설립,교수창업,벤처기업,IT,전문과학및기술서비스업,정상운영,2019-08,5,0,-95
S0445,H030,합작설립,기타,벤처기업,BT,제조업,투자회수(전액),2011-12,13,0,0
S0446,H029,단독설립,교수창업,해당없음,해당없음,제조업,정상운영,2023-04,1,0,-2
S0447,H004,합작설립,교수창업,연구소기업,BT,도매및소매업,정상운영,2023-06,1,0,-121
S0448,H025,합작설립,교수창업,연구소기업,IT,제조업,정상운영,2023-03,1,199,-78
S0449,H052,단독설립,교수창업,벤처기업,BT,정보통신업,정상운영,2019-05,5,1270,-131
S0450,H043,단독설립,학생창업,벤처기업,BT,제조업,정상운영,2013-02,11,0,-44
S0451,H036,단독설립,무응답,해당없음,NT,제조업,정상운영,2016-01,8,0,-147
S0452,H009,단독설립,교수창업,연구소기업,BT,제조업,정상운영,2023-04,1,0,-35
S0453,H036,합작설립,전문경영인(창업자),해당없음,IT,제조업,정상운영,2020-10,4,0,-67
S0454,H045,단독설립,교수창업,해당없음,BT,제조업,정상운영,2022-08,2,0,-69
S0455,H083,지분편입(지분매수),교수창업,해당없음,해당없음,정보통신업,정상운영,2016-08,8,0,-54
S0456,H066,단독설립,학생창업,벤처기업,BT,제조업,정상운영,2017-04,7,1619,50
S0457,H052,단독설립,교수창업,연구소기업,IT,정보통신업,정상운영,2023-11,1,0,-56
S0458,H069,지분편입(지분매수),교수창업,연구소기업,IT,정보통신업,정상운영,2011-10,13,0,-5
S0459,H043,합작설립,교수창업,연구소기업,BT,제조업,투자회수(전액),2012-08,12,0,0
S0460,H004,지분편입(지분매수),교수창업,해당없음,BT,정보통신업,정상운영,2023-04,1,209,-36
S0461,H015,지분편입(지분매수),학생창업,해당없음,IT,전문과학및기술서비스업,폐업(청산),2019-03,5,0,0
S0462,H034,단독설립,교수창업,해당없음,BT,제조업,정상운영,2012-08,12,851,-91
S0463,H023,지분편입(지분매수),교수창업,연구소기업,IT,정보통신업,정상운영,2022-09,2,0,-98
S0464,H075,합작설립,교수창업,해당없음,ET,제조업,정상운영,2021-11,3,104,-104
S0465,H034,단독설립,무응답,벤처기업,IT,정보통신업,정상운영,2020-02,4,0,-144
S0466,H005,합작설립,전문경영인(파트너기업겸직파견등),해당없음,해당없음,제조업,정상운영,2017-10,7,0,-113
S0467,H014,단독설립,기타,신기술창업전문회사,BT,제조업,정상운영,2017-06,7,0,-147
S0468,H077,단독설립,전문경영인(창업자),해당없음,NT,전문과학및기술서비스업,정상운영,2015-03,9,428,-28
S0469,H056,단독설립,교수창업,연구소기업,해당없음,정보통신업,정상운영,2022-04,2,804,-15
S0470,H045,단독설립,전문경영인(파트너기업겸직파견등),해당없음,IT,정보통신업,정상운영,2016-08,8,0,-137
S0471,H041,지분편입(유상증자),교수창업,연구소기업,IT,제조업,정상운영,2023-12,1,0,-91
S0472,H056,지분편입(지분매수),전문경영인(창업자),해당없음,BT,정보통신업,정상운영,2016-02,8,1742,118
S0473,H078,지분편입(유상증자),전문경영인(파트너기업겸직파견등),벤처기업,NT,전문과학및기술서비스업,정상운영,2022-01,2,0,-133
S0474,H066,지분편입(지분매수),전문경영인(창업자),연구소기업,BT,제조업,정상운영,2023-12,1,0,-93
S0475,H015,합작설립,교수창업,벤처기업,IT,정보통신업,정상운영,2023-01,1,0,-119
S0476,H050,지분편입(지분매수),교수창업,해당없음,해당없음,제조업,정상운영,2017-11,7,1818,34
S0477,H074,단독설립,교수창업,연구소기업,IT,정보통신업,정상운영,2012-11,12,0,-124
S0478,H025,단독설립,학생창업,연구소기업,IT,전문과학및기술서비스업,정상운영,2014-07,10,808,-139
S0479,H033,단독설립,교수창업,해당없음,BT,전문과학및기술서비스업,정상운영,2023-09,1,773,52
S0480,H006,지분편입(지분매수),교수창업,연구소기업,해당없음,제조업,정상운영,2020-08,4,0,-107
S0481,H056,단독설립,전문경영인(창업자),해당없음,BT,제조업,정상운영,2022-07,2,0,-67
S0482,H001,단독설립,학생창업,연구소기업,NT,제조업,정상운영,2018-02,6,1566,-93
S0483,H067,단독설립,학생창업,연구소기업,IT,전문과학및기술서비스업,정상운영,2018-07,6,0,-52
S0484,H069,지분편입(유상증자),전문경영인(창업자),해당없음,BT,제조업,정상운영,2017-05,7,328,-68
S0485,H026,합작설립,전문경영인(창업자),해당없음,해당없음,정보통신업,정상운영,2018-12,6,106,-61
S0486,H047,지분편입(유상증자),전문경영인(창업자),연구소기업,IT,제조업,정상운영,2011-09,13,130,-139
S0487,H056,단독설립,교수창업,해당없음,IT,전문과학및기술서비스업,정상운영,2019-02,5,0,-99
S0488,H009,지분편입(유상증자),전문경영인(창업자),연구소기업,NT,교육서비스업,정상운영,2017-12,7,0,-21
S0489,H043,지분편입(지분매수),기타,해당없음,BT,전문과학및기술서비스업,정상운영,2023-10,1,0,-18
S0490,H080,지분편입(지분매수),기타,해당없음,NT,정보통신업,정상운영,2010-11,14,0,-70
S0491,H041,합작설립,무응답,연구소기업,IT,제조업,정상운영,2022-09,2,0,-142
S0492,H016,단독설립,전문경영인(창업자),벤처기업,BT,정보통신업,정상운영,2023-12,1,104,-60
S0493,H039,단독설립,학생창업,신기술창업전문회사,IT,정보통신업,정상운영,2023-01,1,1761,148
S0494,H065,지분편입(지분매수),학생창업,연구소기업,BT,정보통신업,정상운영,2022-08,2,2231,-130
S0495,H040,지분편입(지분매수),기타,해당없음,해당없음,제조업,투자회수(일부),2017-08,7,0,0
S0496,H053,지분편입(지분매수),교수창업,벤처기업,BT,전문과학및기술서비스업,정상운영,2013-12,11,1477,142
S0497,H042,지분편입(지분매수),교수창업,벤처기업,IT,제조업,정상운영,2023-01,1,1728,72
S0498,H052,합작설립,학생창업,해당없음,IT,제조업,정상운영,2020-05,4,0,-3
S0499,H038,합작설립,전문경영인(창업자),연구소기업,해당없음,도매및소매업,정상운영,2022-07,2,0,-57
S0500,H071,단독설립,교수창업,연구소기업,NT,제조업,정상운영,2019-12,5,907,-10
S0501,H017,지분편입(지분매수),기타,연구소기업,BT,정보통신업,정상운영,2016-01,8,0,-117
S0502,H025,단독설립,기타,해당없음,BT,정보통신업,정상운영,2019-06,5,0,-17
S0503,H054,지분편입(지분매수),전문경영인(파트너기업겸직파견등),신기술창업전문회사,BT,제조업,투자회수(전액),2021-07,3,0,0
S0504,H049,지분편입(지분매수),교수창업,해당없음,해당없음,정보통신업,정상운영,2020-12,4,0,-77
S0505,H023,지분편입(지분매수),교수창업,연구소기업,IT,제조업,정상운영,2012-09,12,0,-45
S0506,H079,단독설립,교수창업,연구소기업,해당없음,제조업,정상운영,2020-11,4,0,-73
S0507,H073,단독설립,교수창업,해당없음,IT,정보통신업,정상운영,2018-11,6,0,-44
S0508,H039,합작설립,교수창업,해당없음,IT,정보통신업,정상운영,2017-08,7,1059,-50
S0509,H052,지분편입(지분매수),교수창업,해당없음,BT,정보통신업,정상운영,2022-07,2,0,-81
S0510,H071,단독설립,학생창업,벤처기업,BT,제조업,정상운영,2019-02,5,0,-119
S0511,H001,지분편입(유상증자),교수창업,연구소기업,NT,제조업,정상운영,2023-02,1,418,66
S0512,H039,단독설립,전문경영인(창업자),벤처기업,IT,전문과학및기술서비스업,정상운영,2023-03,1,0,-7
S0513,H037,단독설립,교수창업,해당없음,해당없음,교육서비스업,정상운영,2008-05,16,0,-51
S0514,H027,지분편입(지분매수),교수창업,연구소기업,BT,제조업,폐업(청산),2018-10,6,0,0
S0515,H056,단독설립,교수창업,해당없음,IT,기타,정상운영,2008-02,16,0,-1
S0516,H075,지분편입(지분매수),학생창업,벤처기업,BT,정보통신업,정상운영,2023-12,1,822,89
S0517,H078,합작설립,교수창업,연구소기업,IT,정보통신업,정상운영,2016-03,8,2072,-20
S0518,H084,단독설립,전문경영인(창업자),해당없음,ET,제조업,정상운영,2021-06,3,2200,-53
S0519,H042,지분편입(유상증자),교수창업,해당없음,BT,정보통신업,정상운영,2015-07,9,0,-123
S0520,H060,지분편입(지분매수),전문경영인(창업자),벤처기업,해당없음,전문과학및기술서비스업,정상운영,2016-11,8,0,-65
S0521,H057,단독설립,기타,벤처기업,해당없음,전문과학및기술서비스업,정상운영,2023-06,1,0,-123
S0522,H057,지분편입(지분매수),학생창업,연구소기업,BT,제조업,정상운영,2018-03,6,0,-108
S0523,H028,지분편입(유상증자),전문경영인(파트너기업겸직파견등),벤처기업,IT,전문과학및기술서비스업,정상운영,2016-04,8,0,-36
S0524,H066,지분편입(지분매수),교수창업,연구소기업,해당없음,전문과학및기술서비스업,정상운영,2022-08,2,0,-129
S0525,H061,단독설립,교수창업,이노비즈기업,BT,전문과학및기술서비스업,정상운영,2023-04,1,0,-125
S0526,H022,단독설립,교수창업,연구소기업,ET,정보통신업,정상운영,2016-05,8,655,-78
S0527,H011,합작설립,교수창업,벤처기업,해당없음,정보통신업,정상운영,2022-02,2,2170,115
S0528,H037,단독설립,교수창업,연구소기업,IT,제조업,정상운영,2022-06,2,0,-38
S0529,H066,단독설립,전문경영인(창업자),해당없음,IT,제조업,정상운영,2019-11,5,779,-41
S0530,H082,단독설립,전문경영인(창업자),해당없음,BT,전문과학및기술서비스업,정상운영,2023-12,1,0,-135
S0531,H080,단독설립,학생창업,해당없음,IT,제조업,정상운영,2016-02,8,0,-39
S0532,H043,단독설립,기타,해당없음,BT,제조업,정상운영,2021-08,3,0,-131
S0533,H012,지분편입(유상증자),학생창업,벤처기업,NT,제조업,정상운영,2023-12,1,0,-128
S0534,H031,지분편입(지분매수),교수창업,연구소기업,IT,도매및소매업,정상운영,2019-08,5,0,-109
S0535,H040,지분편입(지분매수),교수창업,연구소기업,IT,제조업,정상운영,2023-04,1,0,-130
S0536,H029,단독설립,교수창업,해당없음,IT,제조업,정상운영,2021-05,3,0,-17
S0537,H026,합작설립,교수창업,벤처기업,BT,정보통신업,정상운영,2023-06,1,0,-27
S0538,H019,합작설립,교수창업,해당없음,IT,제조업,정상운영,2016-05,8,549,-104
S0539,H004,합작설립,전문경영인(창업자),벤처기업,해당없음,제조업,정상운영,2016-12,8,0,-61
S0540,H006,합작설립,전문경영인(파트너기업겸직파견등),해당없음,ET,제조업,정상운영,2023-08,1,0,-100
S0541,H032,지분편입(지분매수),교수창업,연구소기업,BT,정보통신업,정상운영,2019-06,5,0,-59
S0542,H061,단독설립,교수창업,연구소기업,해당없음,전문과학및기술서비스업,정상운영,2021-08,3,0,-74
S0543,H079,단독설립,교수창업,연구소기업,IT,제조업,투자회수(전액),2018-12,6,0,0
S0544,H010,지분편입(유상증자),기타,연구소기업,ET,정보통신업,정상운영,2022-05,2,0,-63
S0545,H059,지분편입(지분매수),전문경영인(파트너기업겸직파견등),해당없음,BT,도매및소매업,정상운영,2017-10,7,0,-116
S0546,H054,지분편입(지분매수),교수창업,해당없음,해당없음,정보통신업,정상운영,2020-05,4,0,-145
S0547,H081,단독설립,교수창업,해당없음,BT,도매및소매업,정상운영,2023-10,1,0,-136
S0548,H074,단독설립,교수창업,연구소기업,BT,제조업,정상운영,2017-01,7,0,-40
S0549,H025,지분편입(지분매수),전문경영인(파트너기업겸직파견등),연구소기업,ET,정보통신업,정상운영,2019-03,5,280,2
S0550,H050,합작설립,기타,해당없음,BT,제조업,정상운영,2017-03,7,0,-117
S0551,H064,지분편입(유상증자),전문경영인(파트너기업겸직파견등),해당없음,NT,제조업,정상운영,2017-09,7,0,-144
S0552,H052,단독설립,학생창업,해당없음,BT,정보통신업,폐업(청산),2019-05,5,0,0
S0553,H032,지분편입(유상증자),교수창업,연구소기업,ET,제조업,정상운영,2023-01,1,0,-37
S0554,H019,단독설립,전문경영인(창업자),연구소기업,해당없음,제조업,정상운영,2017-04,7,1196,41
S0555,H084,합작설립,교수창업,연구소기업,ET,제조업,정상운영,2020-06,4,0,-50
S0556,H001,합작설립,교수창업,연구소기업,BT,전문과학및기술서비스업,정상운영,2018-10,6,173,20
S0557,H014,단독설립,학생창업,벤처기업,IT,제조업,정상운영,2018-06,6,461,-28
S0558,H055,지분편입(유상증자),교수창업,해당없음,ET,제조업,정상운영,2020-12,4,0,-82
S0559,H029,지분편입(지분매수),전문경영인(창업자),벤처기업,IT,정보통신업,정상운영,2023-05,1,0,-44
S0560,H023,단독설립,전문경영인(창업자),해당없음,해당없음,정보통신업,정상운영,2019-05,5,0,-124
S0561,H067,단독설립,교수창업,해당없음,BT,제조업,정상운영,2023-12,1,0,-143
S0562,H060,합작설립,교수창업,연구소기업,IT,정보통신업,정상운영,2019-03,5,0,-55
S0563,H007,합작설립,교수창업,해당없음,BT,제조업,정상운영,2009-10,15,1251,6
S0564,H072,단독설립,학생창업,연구소기업,IT,제조업,정상운영,2017-11,7,0,-39
S0565,H032,단독설립,전문경영인(파트너기업겸직파견등),해당없음,BT,제조업,정상운영,2016-05,8,0,-52
S0566,H016,단독설립,학생창업,연구소기업,해당없음,정보통신업,정상운영,2019-08,5,0,-63
S0567,H059,단독설립,전문경영인(파트너기업겸직파견등),해당없음,CT,제조업,정상운영,2021-12,3,2153,-54
S0568,H018,단독설립,교수창업,해당없음,BT,전문과학및기술서비스업,정상운영,2020-08,4,0,-116
S0569,H060,지분편입(지분매수),전문경영인(파트너기업겸직파견등),해당없음,ET,정보통신업,정상운영,2021-11,3,2084,-114
S0570,H068,지분편입(지분매수),기타,벤처기업,CT,정보통신업,폐업(청산),2013-05,11,0,0
S0571,H072,지분편입(지분매수),교수창업,연구소기업,NT,전문과학및기술서비스업,정상운영,2017-03,7,1342,-110
S0572,H077,단독설립,전문경영인(창업자),해당없음,IT,제조업,정상운영,2020-12,4,185,-116
S0573,H041,단독설립,교수창업,연구소기업,BT,제조업,정상운영,2016-12,8,0,-9
S0574,H057,단독설립,전문경영인(창업자),연구소기업,해당없음,정보통신업,정상운영,2014-03,10,850,-127
S0575,H079,지분편입(유상증자),학생창업,연구소기업,IT,정보통신업,정상운영,2018-03,6,0,-98
S0576,H065,지분편입(지분매수),교수창업,해당없음,IT,전문과학및기술서비스업,정상운영,2022-10,2,0,-90
S0577,H055,단독설립,무응답,해당없음,해당없음,제조업,정상운영,2022-05,2,195,-84
S0578,H071,단독설립,교수창업,해당없음,BT,제조업,정상운영,2016-07,8,0,-133
S0579,H058,지분편입(지분매수),전문경영인(파트너기업겸직파견등),연구소기업,IT,전문과학및기술서비스업,폐업(청산),2023-05,1,0,0
S0580,H021,단독설립,교수창업,해당없음,IT,전문과학및기술서비스업,폐업(청산),2018-11,6,0,0
S0581,H061,지분편입(지분매수),전문경영인(창업자),연구소기업,BT,제조업,정상운영,2011-04,13,1403,-106
S0582,H058,단독설립,교수창업,연구소기업,IT,전문과학및기술서비스업,정상운영,2020-01,4,1241,9
S0583,H034,지분편입(지분매수),학생창업,이노비즈기업,ET,전문과학및기술서비스업,정상운영,2021-04,3,0,-115
S0584,H032,지분편입(유상증자),교수창업,해당없음,ET,제조업,정상운영,2019-10,5,1256,-100
S0585,H082,합작설립,무응답,벤처기업,IT,교육서비스업,정상운영,2018-05,6,358,-101
S0586,H036,지분편입(지분매수),교수창업,연구소기업,해당없음,제조업,정상운영,2017-03,7,712,19
S0587,H067,합작설립,전문경영인(파트너기업겸직파견등),벤처기업,IT,정보통신업,정상운영,2018-10,6,0,-119
S0588,H063,단독설립,교수창업,해당없음,BT,정보통신업,정상운영,2022-01,2,0,-118
S0589,H081,단독설립,전문경영인(파트너기업겸직파견등),벤처기업,해당없음,전문과학및기술서비스업,정상운영,2020-05,4,0,-128
S0590,H031,단독설립,교수창업,해당없음,해당없음,제조업,정상운영,2015-06,9,0,-14
S0591,H036,지분편입(지분매수),전문경영인(창업자),해당없음,IT,제조업,정상운영,2016-12,8,0,-120
S0592,H057,지분편입(지분매수),교수창업,연구소기업,IT,제조업,정상운영,2019-09,5,170,-100
S0593,H010,지분편입(유상증자),교수창업,해당없음,IT,제조업,정상운영,2021-12,3,0,-114
S0594,H037,지분편입(지분매수),전문경영인(창업자),연구소기업,IT,정보통신업,정상운영,2017-09,7,0,-69
S0595,H031,지분편입(지분매수),교수창업,연구소기업,IT,전문과학및기술서비스업,정상운영,2022-07,2,1981,-40
S0596,H035,단독설립,무응답,연구소기업,IT,전문과학및기술서비스업,정상운영,2016-08,8,669,57
S0597,H043,지분편입(지분매수),학생창업,해당없음,ET,정보통신업,정상운영,2023-10,1,1593,-10
S0598,H041,단독설립,전문경영인(창업자),연구소기업,BT,정보통신업,정상운영,2022-03,2,0,-16
S0599,H070,단독설립,전문경영인(파트너기업겸직파견등),연구소기업,IT,교육서비스업,투자회수(전액),2022-06,2,0,0
S0600,H011,합작설립,교수창업,해당없음,해당없음,제조업,정상운영,2019-11,5,545,134
S0601,H018,단독설립,학생창업,연구소기업,BT,제조업,투자회수(전액),2016-03,8,0,0
S0602,H020,지분편입(지분매수),전문경영인(파트너기업겸직파견등),벤처기업,BT,전문과학및기술서비스업,정상운영,2019-10,5,1227,-81
S0603,H030,단독설립,교수창업,벤처기업,IT,전문과학및기술서비스업,정상운영,2021-09,3,0,-150
S0604,H050,단독설립,전문경영인(창업자),해당없음,IT,제조업,정상운영,2021-06,3,883,-58
S0605,H020,합작설립,학생창업,연구소기업,ET,정보통신업,정상운영,2023-09,1,1848,67
S0606,H028,지분편입(지분매수),교수창업,벤처기업,ET,정보통신업,정상운영,2018-06,6,2042,42
S0607,H009,합작설립,전문경영인(파트너기업겸직파견등),벤처기업,IT,도매및소매업,정상운영,2020-07,4,0,-43
S0608,H054,단독설립,무응답,해당없음,IT,제조업,정상운영,2011-08,13,1766,124
S0609,H053,합작설립,학생창업,해당없음,NT,제조업,정상운영,2018-11,6,989,71
S0610,H043,지분편입(지분매수),교수창업,벤처기업,ET,제조업,정상운영,2018-03,6,1171,62
S0611,H070,지분편입(유상증자),학생창업,해당없음,IT,제조업,정상운영,2022-09,2,1820,128
S0612,H060,단독설립,학생창업,해당없음,ET,정보통신업,정상운영,2023-08,1,0,-92
S0613,H054,단독설립,무응답,연구소기업,IT,전문과학및기술서비스업,정상운영,2020-03,4,0,-5
S0614,H008,단독설립,교수창업,해당없음,해당없음,제조업,정상운영,2019-08,5,373,-15
S0615,H027,단독설립,교수창업,해당없음,IT,제조업,정상운영,2022-07,2,770,-65
S0616,H054,지분편입(지분매수),전문경영인(파트너기업겸직파견등),벤처기업,BT,정보통신업,정상운영,2017-01,7,0,-119
S0617,H050,지분편입(지분매수),교수창업,벤처기업,IT,제조업,정상운영,2016-11,8,0,-38
S0618,H075,지분편입(지분매수),교수창업,해당없음,BT,전문과학및기술서비스업,정상운영,2017-02,7,1389,125
S0619,H003,합작설립,전문경영인(창업자),해당없음,IT,제조업,정상운영,2021-06,3,0,-85
S0620,H074,지분편입(지분매수),전문경영인(창업자),연구소기업,IT,제조업,정상운영,2018-04,6,2160,-118
S0621,H049,단독설립,교수창업,연구소기업,CT,제조업,정상운영,2021-05,3,2037,-81
S0622,H062,합작설립,교수창업,해당없음,IT,도매및소매업,정상운영,2017-04,7,0,-9
S0623,H001,단독설립,교수창업,해당없음,BT,정보통신업,정상운영,2020-04,4,0,-128
S0624,H046,합작설립,기타,해당없음,BT,제조업,정상운영,2019-03,5,1634,-59
S0625,H039,합작설립,전문경영인(창업자),해당없음,IT,제조업,정상운영,2019-05,5,973,-146
S0626,H050,지분편입(지분매수),교수창업,해당없음,IT,정보통신업,정상운영,2019-10,5,1073,-43
S0627,H054,단독설립,교수창업,연구소기업,IT,제조업,정상운영,2020-12,4,0,-20
S0628,H069,단독설립,학생창업,연구소기업,IT,정보통신업,정상운영,2022-02,2,1448,-16
S0629,H070,단독설립,기타,연구소기업,NT,도매및소매업,투자회수(일부),2019-11,5,0,0
S0630,H078,합작설립,교수창업,벤처기업,IT,제조업,정상운영,2023-04,1,0,-73
S0631,H029,합작설립,교수창업,해당없음,IT,정보통신업,정상운영,2023-06,1,0,-59
S0632,H063,단독설립,교수창업,벤처기업,NT,제조업,정상운영,2020-08,4,1449,88
S0633,H029,지분편입(유상증자),교수창업,연구소기업,BT,제조업,정상운영,2017-08,7,0,-26
S0634,H035,단독설립,교수창업,벤처기업,해당없음,전문과학및기술서비스업,정상운영,2016-10,8,822,-126
S0635,H056,단독설립,전문경영인(창업자),벤처기업,IT,전문과학및기술서비스업,정상운영,2022-11,2,205,-116
S0636,H063,합작설립,교수창업,연구소기업,BT,정보통신업,정상운영,2019-01,5,56,-97
S0637,H004,단독설립,전문경영인(창업자),해당없음,IT,전문과학및기술서비스업,정상운영,2013-12,11,1197,-76
S0638,H050,단독설립,교수창업,해당없음,IT,제조업,정상운영,2021-09,3,0,-144
S0639,H044,단독설립,학생창업,연구소기업,ET,정보통신업,정상운영,2019-04,5,0,-129
S0640,H052,지분편입(지분매수),학생창업,해당없음,BT,제조업,정상운영,2020-12,4,1030,-61
S0641,H022,지분편입(지분매수),교수창업,해당없음,해당없음,제조업,정상운영,2023-04,1,0,-136
S0642,H060,단독설립,교수창업,해당없음,IT,제조업,정상운영,2016-06,8,0,-114
S0643,H017,지분편입(지분매수),학생창업,벤처기업,IT,제조업,정상운영,2020-11,4,0,-102
S0644,H080,단독설립,교수창업,연구소기업,해당없음,정보통신업,정상운영,2023-01,1,0,-121
S0645,H069,지분편입(유상증자),전문경영인(파트너기업겸직파견등),해당없음,해당없음,정보통신업,정상운영,2022-07,2,2222,25
S0646,H004,합작설립,학생창업,해당없음,ET,제조업,정상운영,2018-11,6,0,-84
S0647,H051,단독설립,교수창업,해당없음,IT,정보통신업,정상운영,2019-02,5,727,153
S0648,H076,단독설립,기타,해당없음,BT,제조업,정상운영,2018-06,6,0,-67
S0649,H073,단독설립,교수창업,해당없음,CT,정보통신업,정상운영,2019-09,5,0,-89
S0650,H004,단독설립,교수창업,벤처기업,IT,정보통신업,정상운영,2018-02,6,987,-102
S0651,H011,지분편입(유상증자),무응답,벤처기업,BT,도매및소매업,정상운영,2013-05,11,0,-148
S0652,H083,지분편입(지분매수),학생창업,해당없음,IT,제조업,정상운영,2023-09,1,0,-121
S0653,H055,지분편입(지분매수),학생창업,해당없음,BT,전문과학및기술서비스업,정상운영,2021-09,3,0,-123
S0654,H018,합작설립,전문경영인(창업자),연구소기업,ET,제조업,정상운영,2016-12,8,0,-41
S0655,H060,합작설립,교수창업,연구소기업,IT,제조업,정상운영,2019-09,5,0,-1
S0656,H024,지분편입(지분매수),교수창업,벤처기업,IT,정보통신업,정상운영,2018-02,6,0,-94
S0657,H007,단독설립,교수창업,연구소기업,해당없음,제조업,정상운영,2016-01,8,216,-109
S0658,H034,합작설립,학생창업,연구소기업,IT,제조업,정상운영,2018-08,6,545,-53
S0659,H049,단독설립,전문경영인(창업자),해당없음,IT,전문과학및기술서비스업,정상운영,2020-10,4,1763,140
S0660,H042,지분편입(유상증자),교수창업,연구소기업,해당없음,제조업,정상운영,2021-09,3,42,-121
S0661,H028,지분편입(지분매수),학생창업,연구소기업,BT,정보통신업,정상운영,2009-04,15,1618,137
S0662,H059,지분편입(지분매수),학생창업,해당없음,BT,전문과학및기술서비스업,정상운영,2020-04,4,0,-149
S0663,H042,단독설립,전문경영인(창업자),연구소기업,NT,도매및소매업,정상운영,2023-05,1,0,-67
S0664,H044,지분편입(지분매수),교수창업,벤처기업,IT,제조업,정상운영,2021-12,3,149,103
S0665,H049,지분편입(지분매수),교수창업,연구소기업,BT,정보통신업,휴업,2017-03,7,0,0
S0666,H036,단독설립,교수창업,연구소기업,IT,정보통신업,정상운영,2022-12,2,33,-110
S0667,H054,단독설립,전문경영인(파트너기업겸직파견등),연구소기업,IT,제조업,정상운영,2018-11,6,0,-15
S0668,H033,단독설립,전문경영인(파트너기업겸직파견등),연구소기업,BT,도매및소매업,정상운영,2020-04,4,2052,2
S0669,H011,지분편입(지분매수),교수창업,연구소기업,IT,정보통신업,정상운영,2016-04,8,0,-26
S0670,H061,합작설립,교수창업,해당없음,IT,정보통신업,투자회수(일부),2022-12,2,0,0
S0671,H003,지분편입(지분매수),전문경영인(파트너기업겸직파견등),해당없음,NT,전문과학및기술서비스업,정상운영,2018-12,6,0,-23
S0672,H070,단독설립,학생창업,해당없음,IT,전문과학및기술서비스업,정상운영,2015-08,9,0,-51
S0673,H007,단독설립,기타,해당없음,해당없음,도매및소매업,정상운영,2022-03,2,107,89
S0674,H045,지분편입(지분매수),교수창업,연구소기업,BT,도매및소매업,정상운영,2022-01,2,0,-74
S0675,H029,단독설립,교수창업,연구소기업,해당없음,제조업,정상운영,2019-10,5,819,-21
S0676,H084,지분편입(유상증자),학생창업,연구소기업,IT,제조업,정상운영,2016-05,8,0,-31
S0677,H009,합작설립,교수창업,연구소기업,ET,제조업,투자회수(전액),2016-09,8,0,0
S0678,H084,지분편입(지분매수),교수창업,해당없음,BT,제조업,정상운영,2012-05,12,0,-72
S0679,H006,지분편입(지분매수),교수창업,벤처기업,BT,전문과학및기술서비스업,정상운영,2021-02,3,0,-118
S0680,H004,단독설립,전문경영인(파트너기업겸직파견등),기타,BT,전문과학및기술서비스업,정상운영,2022-12,2,0,-132
S0681,H032,단독설립,교수창업,해당없음,NT,정보통신업,정상운영,2021-04,3,119,78
S0682,H026,지분편입(지분매수),전문경영인(파트너기업겸직파견등),벤처기업,BT,전문과학및기술서비스업,정상운영,2019-12,5,0,-11
S0683,H003,단독설립,학생창업,해당없음,IT,제조업,정상운영,2018-02,6,2041,86
S0684,H080,단독설립,학생창업,연구소기업,BT,제조업,정상운영,2021-03,3,0,-45
S0685,H020,단독설립,교수창업,벤처기업,ET,제조업,정상운영,2017-09,7,0,-93
S0686,H031,합작설립,기타,벤처기업,IT,제조업,정상운영,2021-05,3,0,-30
S0687,H017,합작설립,교수창업,해당없음,BT,정보통신업,폐업(청산),2020-01,4,0,0
S0688,H061,단독설립,전문경영인(창업자),해당없음,해당없음,전문과학및기술서비스업,정상운영,2023-04,1,0,-90
S0689,H015,단독설립,교수창업,연구소기업,IT,제조업,정상운영,2020-04,4,2172,-142
S0690,H073,합작설립,교수창업,해당없음,ET,제조업,정상운영,2023-04,1,2256,148
S0691,H028,지분편입(지분매수),교수창업,연구소기업,해당없음,전문과학및기술서비스업,정상운영,2019-10,5,1476,118
S0692,H060,단독설립,교수창업,연구소기업,BT,정보통신업,정상운영,2021-10,3,0,-69
S0693,H033,단독설립,교수창업,해당없음,ET,제조업,정상운영,2017-08,7,0,-111
S0694,H048,지분편입(지분매수),교수창업,연구소기업,IT,교육서비스업,정상운영,2023-08,1,0,-86
S0695,H022,단독설립,교수창업,해당없음,IT,정보통신업,정상운영,2016-02,8,1085,-122
S0696,H078,합작설립,전문경영인(창업자),해당없음,IT,제조업,정상운영,2023-09,1,274,-95
S0697,H078,단독설립,무응답,벤처기업,BT,제조업,정상운영,2023-01,1,0,-7
S0698,H015,지분편입(유상증자),전문경영인(창업자),해당없음,해당없음,전문과학및기술서비스업,정상운영,2017-06,7,387,-62
S0699,H021,단독설립,교수창업,연구소기업,BT,제조업,정상운영,2019-11,5,0,-59
S0700,H040,단독설립,전문경영인(창업자),벤처기업,BT,정보통신업,정상운영,2012-02,12,0,-66
S0701,H014,합작설립,교수창업,연구소기업,IT,정보통신업,정상운영,2015-04,9,0,-119
S0702,H075,단독설립,교수창업,벤처기업,IT,제조업,정상운영,2022-08,2,0,-70
S0703,H004,지분편입(유상증자),학생창업,해당없음,IT,정보통신업,정상운영,2019-02,5,1175,-98
S0704,H040,단독설립,학생창업,연구소기업,IT,제조업,정상운영,2022-08,2,0,-82
S0705,H074,단독설립,학생창업,연구소기업,IT,제조업,정상운영,2018-02,6,0,-49
S0706,H049,지분편입(지분매수),전문경영인(창업자),연구소기업,ET,전문과학및기술서비스업,정상운영,2017-08,7,0,-94
S0707,H051,단독설립,전문경영인(파트너기업겸직파견등),벤처기업,IT,전문과학및기술서비스업,정상운영,2022-04,2,0,-103
S0708,H026,단독설립,교수창업,연구소기업,CT,정보통신업,정상운영,2021-02,3,0,-146
S0709,H010,지분편입(지분매수),전문경영인(창업자),해당없음,ET,제조업,정상운영,2022-09,2,0,-62
S0710,H076,단독설립,학생창업,연구소기업,IT,제조업,정상운영,2017-10,7,0,-88
S0711,H081,지분편입(지분매수),학생창업,해당없음,IT,교육서비스업,정상운영,2023-04,1,0,-133
S0712,H032,지분편입(지분매수),학생창업,해당없음,해당없음,전문과학및기술서비스업,정상운영,2023-10,1,0,-27
S0713,H014,단독설립,교수창업,연구소기업,BT,제조업,정상운영,2022-08,2,1045,76
S0714,H039,합작설립,학생창업,연구소기업,BT,정보통신업,정상운영,2019-05,5,0,-19
S0715,H077,지분편입(유상증자),학생창업,연구소기업,IT,제조업,정상운영,2020-10,4,0,-148
S0716,H016,지분편입(지분매수),전문경영인(창업자),연구소기업,IT,도매및소매업,정상운영,2019-01,5,2263,-141
S0717,H073,단독설립,기타,벤처기업,NT,제조업,정상운영,2018-10,6,0,-22
S0718,H006,지분편입(지분매수),학생창업,해당없음,IT,제조업,정상운영,2023-07,1,0,-88
S0719,H045,지분편입(지분매수),교수창업,연구소기업,IT,제조업,정상운영,2021-02,3,1162,-90
S0720,H069,합작설립,학생창업,연구소기업,IT,기타,정상운영,2020-12,4,0,-89
S0721,H055,지분편입(지분매수),기타,연구소기업,BT,제조업,정상운영,2021-08,3,448,-81
S0722,H048,합작설립,전문경영인(창업자),연구소기업,NT,전문과학및기술서비스업,투자회수(전액),2016-11,8,0,0
S0723,H009,합작설립,전문경영인(창업자),연구소기업,BT,정보통신업,정상운영,2018-04,6,1974,63
S0724,H065,단독설립,교수창업,벤처기업,IT,정보통신업,정상운영,2018-10,6,187,-3
S0725,H083,단독설립,전문경영인(창업자),해당없음,BT,정보통신업,정상운영,2021-11,3,754,-91
S0726,H044,지분편입(지분매수),학생창업,연구소기업,IT,전문과학및기술서비스업,정상운영,2023-10,1,666,83
S0727,H002,지분편입(유상증자),교수창업,연구소기업,ET,제조업,정상운영,2021-08,3,0,-132
S0728,H054,지분편입(지분매수),학생창업,벤처기업,IT,정보통신업,폐업(청산),2019-01,5,0,0
S0729,H063,지분편입(지분매수),전문경영인(창업자),벤처기업,IT,제조업,투자회수(전액),2021-05,3,0,0
S0730,H014,단독설립,전문경영인(창업자),연구소기업,BT,정보통신업,정상운영,2019-07,5,59,76
S0731,H056,단독설립,교수창업,연구소기업,BT,전문과학및기술서비스업,정상운영,2019-10,5,94,-56
S0732,H047,단독설립,무응답,벤처기업,BT,제조업,투자회수(전액),2018-05,6,0,0
S0733,H082,지분편입(지분매수),기타,해당없음,IT,전문과학및기술서비스업,정상운영,2021-08,3,0,-2
S0734,H059,지분편입(지분매수),교수창업,해당없음,CT,제조업,정상운영,2018-11,6,518,28
S0735,H020,지분편입(지분매수),전문경영인(창업자),벤처기업,IT,전문과학및기술서비스업,정상운영,2019-03,5,1981,88
S0736,H056,지분편입(지분매수),기타,기타,BT,전문과학및기술서비스업,정상운영,2017-06,7,739,-104
S0737,H023,합작설립,학생창업,벤처기업,BT,제조업,정상운영,2022-09,2,2228,-25
S0738,H067,합작설립,전문경영인(창업자),해당없음,IT,전문과학및기술서비스업,정상운영,2017-08,7,2080,146
S0739,H084,합작설립,교수창업,연구소기업,ET,도매및소매업,정상운영,2008-09,16,140,-122
S0740,H035,합작설립,교수창업,해당없음,IT,제조업,정상운영,2022-05,2,0,-62
S0741,H079,지분편입(지분매수),전문경영인(파트너기업겸직파견등),벤처기업,해당없음,정보통신업,정상운영,2023-11,1,0,-133
S0742,H069,단독설립,교수창업,벤처기업,BT,정보통신업,폐업(청산),2021-05,3,0,0
S0743,H062,합작설립,교수창업,해당없음,ET,제조업,정상운영,2018-05,6,1201,10
S0744,H060,단독설립,교수창업,해당없음,해당없음,제조업,정상운영,2012-09,12,1147,14
S0745,H056,지분편입(유상증자),교수창업,벤처기업,IT,정보통신업,정상운영,2014-04,10,0,-18
S0746,H076,합작설립,기타,연구소기업,BT,제조업,정상운영,2016-06,8,848,-91
S0747,H035,지분편입(지분매수),전문경영인(창업자),해당없음,BT,제조업,정상운영,2017-05,7,1849,6
S0748,H042,합작설립,전문경영인(창업자),연구소기업,IT,정보통신업,정상운영,2009-11,15,323,17
S0749,H032,지분편입(지분매수),교수창업,연구소기업,IT,전문과학및기술서비스업,정상운영,2023-09,1,2127,-116
S0750,H012,지분편입(지분매수),전문경영인(창업자),해당없음,IT,정보통신업,정상운영,2020-09,4,344,-60
S0751,H036,단독설립,무응답,연구소기업,BT,정보통신업,정상운영,2022-05,2,0,-107
S0752,H058,지분편입(지분매수),교수창업,연구소기업,ET,전문과학및기술서비스업,정상운영,2016-11,8,174,-12
S0753,H032,단독설립,기타,연구소기업,BT,제조업,정상운영,2023-08,1,732,-95
S0754,H060,단독설립,교수창업,해당없음,IT,제조업,정상운영,2018-02,6,0,-95
S0755,H073,지분편입(지분매수),전문경영인(창업자),벤처기업,IT,전문과학및기술서비스업,정상운영,2023-03,1,0,-94
S0756,H079,합작설립,학생창업,벤처기업,BT,제조업,정상운영,2017-08,7,0,-97
S0757,H049,단독설립,학생창업,기타,IT,제조업,정상운영,2020-01,4,0,-126
S0758,H044,단독설립,기타,신기술창업전문회사,IT,정보통신업,정상운영,2022-06,2,39,130
S0759,H004,지분편입(유상증자),전문경영인(창업자),벤처기업,BT,정보통신업,정상운영,2021-09,3,0,-18
S0760,H064,합작설립,학생창업,벤처기업,IT,제조업,정상운영,2012-08,12,944,-48
S0761,H042,단독설립,기타,해당없음,해당없음,정보통신업,폐업(청산),2018-08,6,0,0
S0762,H024,지분편입(유상증자),전문경영인(파트너기업겸직파견등),신기술창업전문회사,BT,제조업,정상운영,2020-03,4,179,-61
S0763,H063,지분편입(유상증자),학생창업,해당없음,IT,전문과학및기술서비스업,폐업(청산),2011-03,13,0,0
S0764,H028,단독설립,학생창업,해당없음,해당없음,제조업,정상운영,2020-02,4,0,-20
S0765,H046,합작설립,학생창업,벤처기업,해당없음,도매및소매업,정상운영,2018-07,6,0,-97
S0766,H034,지분편입(유상증자),전문경영인(창업자),연구소기업,IT,전문과학및기술서비스업,정상운영,2023-11,1,0,-96
S0767,H044,지분편입(지분매수),교수창업,해당없음,해당없음,제조업,정상운영,2013-05,11,2059,11
S0768,H036,단독설립,전문경영인(파트너기업겸직파견등),해당없음,IT,제조업,정상운영,2022-02,2,709,-127
S0769,H077,합작설립,전문경영인(창업자),해당없음,BT,정보통신업,정상운영,2019-08,5,70,139
S0770,H036,단독설립,전문경영인(파트너기업겸직파견등),연구소기업,BT,제조업,정상운영,2018-06,6,0,-63
S0771,H072,합작설립,교수창업,해당없음,BT,정보통신업,정상운영,2023-11,1,0,-128
S0772,H002,지분편입(유상증자),교수창업,벤처기업,ET,전문과학및기술서비스업,정상운영,2020-11,4,0,-86
S0773,H067,지분편입(유상증자),교수창업,벤처기업,BT,제조업,정상운영,2010-09,14,0,-43
S0774,H025,단독설립,교수창업,해당없음,NT,제조업,정상운영,2016-03,8,388,24
S0775,H011,합작설립,교수창업,연구소기업,IT,제조업,정상운영,2020-04,4,0,-112
S0776,H031,지분편입(지분매수),교수창업,해당없음,해당없음,정보통신업,정상운영,2023-02,1,171,153
S0777,H053,지분편입(지분매수),교수창업,해당없음,해당없음,도매및소매업,정상운영,2019-04,5,397,-17
S0778,H063,단독설립,전문경영인(창업자),벤처기업,BT,교육서비스업,정상운영,2021-04,3,1132,-117
S0779,H072,단독설립,전문경영인(파트너기업겸직파견등),연구소기업,BT,전문과학및기술서비스업,정상운영,2018-05,6,399,123
S0780,H031,단독설립,학생창업,벤처기업,해당없음,전문과학및기술서비스업,정상운영,2021-09,3,0,-62
S0781,H061,지분편입(유상증자),교수창업,해당없음,BT,정보통신업,정상운영,2019-05,5,0,-4
S0782,H083,지분편입(지분매수),학생창업,연구소기업,IT,제조업,정상운영,2020-06,4,658,148
S0783,H063,지분편입(유상증자),교수창업,해당없음,BT,제조업,정상운영,2021-09,3,0,-146
S0784,H058,지분편입(유상증자),학생창업,해당없음,ET,도매및소매업,정상운영,2016-08,8,1431,-59
S0785,H003,단독설립,교수창업,연구소기업,NT,제조업,정상운영,2018-02,6,370,21
S0786,H012,단독설립,교수창업,해당없음,BT,제조업,정상운영,2020-11,4,0,-10
S0787,H038,지분편입(지분매수),교수창업,벤처기업,BT,제조업,정상운영,2016-05,8,2203,25
S0788,H029,합작설립,전문경영인(창업자),벤처기업,ET,제조업,정상운영,2022-10,2,0,-110
S0789,H052,단독설립,교수창업,연구소기업,IT,정보통신업,정상운영,2019-04,5,0,-144
S0790,H032,지분편입(지분매수),교수창업,벤처기업,해당없음,제조업,정상운영,2021-10,3,1804,-92
S0791,H040,합작설립,학생창업,연구소기업,IT,제조업,투자회수(전액),2023-11,1,0,0
S0792,H075,단독설립,학생창업,연구소기업,BT,전문과학및기술서비스업,휴업,2009-03,15,0,0
S0793,H048,합작설립,전문경영인(창업자),해당없음,IT,정보통신업,정상운영,2023-06,1,0,-6
S0794,H061,단독설립,교수창업,연구소기업,IT,정보통신업,정상운영,2020-03,4,0,-123
S0795,H071,단독설립,교수창업,연구소기업,IT,전문과학및기술서비스업,정상운영,2018-04,6,215,33
S0796,H068,단독설립,학생창업,벤처기업,BT,교육서비스업,정상운영,2019-07,5,0,-40
S0797,H045,지분편입(지분매수),전문경영인(창업자),해당없음,IT,전문과학및기술서비스업,정상운영,2023-03,1,119,149
S0798,H055,단독설립,기타,해당없음,해당없음,전문과학및기술서비스업,정상운영,2008-03,16,0,-25
S0799,H071,단독설립,기타,연구소기업,BT,제조업,정상운영,2011-10,13,864,-39
S0800,H043,지분편입(지분매수),교수창업,벤처기업,IT,정보통신업,정상운영,2023-11,1,486,21
S0801,H046,지분편입(지분매수),교수창업,연구소기업,BT,제조업,정상운영,2023-03,1,0,-138
S0802,H059,단독설립,전문경영인(창업자),연구소기업,IT,제조업,정상운영,2017-06,7,1973,-70
S0803,H035,지분편입(지분매수),전문경영인(파트너기업겸직파견등),해당없음,BT,도매및소매업,정상운영,2019-09,5,1395,31
S0804,H040,단독설립,기타,벤처기업,BT,정보통신업,정상운영,2021-08,3,391,84
S0805,H033,단독설립,전문경영인(창업자),해당없음,ET,제조업,정상운영,2020-11,4,0,-75
S0806,H030,합작설립,전문경영인(창업자),벤처기업,BT,제조업,정상운영,2018-10,6,67,-6
S0807,H016,지분편입(지분매수),교수창업,연구소기업,IT,전문과학및기술서비스업,투자회수(전액),2023-07,1,0,0
S0808,H025,지분편입(지분매수),전문경영인(창업자),벤처기업,BT,정보통신업,정상운영,2023-12,1,752,-46
S0809,H041,합작설립,전문경영인(파트너기업겸직파견등),벤처기업,IT,정보통신업,정상운영,2021-05,3,0,-125
S0810,H016,단독설립,학생창업,벤처기업,IT,제조업,정상운영,2019-04,5,0,-57
S0811,H069,단독설립,교수창업,해당없음,IT,제조업,정상운영,2022-05,2,0,-89
S0812,H024,단독설립,전문경영인(창업자),해당없음,BT,제조업,정상운영,2017-08,7,0,-87
S0813,H025,단독설립,전문경영인(파트너기업겸직파견등),연구소기업,BT,전문과학및기술서비스업,정상운영,2019-05,5,0,-85
S0814,H028,단독설립,교수창업,해당없음,IT,전문과학및기술서비스업,정상운영,2019-06,5,0,-110
S0815,H062,지분편입(지분매수),학생창업,해당없음,BT,제조업,정상운영,2018-03,6,1359,-67
S0816,H036,단독설립,전문경영인(창업자),연구소기업,NT,제조업,정상운영,2016-05,8,0,-63
S0817,H076,합작설립,전문경영인(창업자),벤처기업,NT,제조업,정상운영,2015-06,9,0,-108
S0818,H068,지분편입(지분매수),기타,벤처기업,IT,정보통신업,정상운영,2022-12,2,129,-12
S0819,H077,단독설립,기타,해당없음,IT,정보통신업,정상운영,2015-06,9,1278,-104
S0820,H037,단독설립,무응답,벤처기업,BT,정보통신업,정상운영,2021-12,3,0,-72
S0821,H013,지분편입(지분매수),학생창업,해당없음,NT,제조업,기타,2008-06,16,0,0
S0822,H025,지분편입(유상증자),기타,벤처기업,BT,도매및소매업,정상운영,2023-08,1,2004,-23
S0823,H038,지분편입(지분매수),교수창업,해당없음,IT,제조업,투자회수(전액),2019-05,5,0,0
S0824,H030,단독설립,전문경영인(파트너기업겸직파견등),연구소기업,NT,제조업,정상운영,2020-07,4,0,-72
S0825,H047,합작설립,교수창업,연구소기업,BT,전문과학및기술서비스업,정상운영,2023-10,1,689,144
S0826,H023,지분편입(지분매수),교수창업,연구소기업,ET,제조업,정상운영,2009-07,15,0,-28
S0827,H039,지분편입(지분매수),기타,해당없음,ET,제조업,정상운영,2018-07,6,1058,-85
S0828,H002,지분편입(지분매수),전문경영인(파트너기업겸직파견등),벤처기업,IT,기타,정상운영,2014-01,10,0,-68
S0829,H069,지분편입(지분매수),학생창업,연구소기업,NT,제조업,정상운영,2014-07,10,0,-126
S0830,H017,단독설립,학생창업,연구소기업,BT,제조업,정상운영,2021-01,3,0,-97
S0831,H036,단독설립,전문경영인(창업자),벤처기업,IT,전문과학및기술서비스업,폐업(청산),2021-07,3,0,0
S0832,H006,합작설립,교수창업,해당없음,ET,전문과학및기술서비스업,정상운영,2020-06,4,911,-44
S0833,H007,지분편입(지분매수),교수창업,벤처기업,IT,전문과학및기술서비스업,정상운영,2011-11,13,0,-57
S0834,H071,합작설립,교수창업,해당없음,NT,전문과학및기술서비스업,정상운영,2013-03,11,1044,-67
S0835,H038,합작설립,전문경영인(파트너기업겸직파견등),연구소기업,BT,제조업,정상운영,2021-08,3,1963,-20
S0836,H017,합작설립,교수창업,벤처기업,BT,제조업,정상운영,2021-05,3,0,-65
S0837,H082,지분편입(지분매수),전문경영인(창업자),연구소기업,BT,제조업,정상운영,2023-01,1,1255,136
S0838,H063,단독설립,교수창업,연구소기업,IT,제조업,정상운영,2023-12,1,0,-33
S0839,H014,합작설립,학생창업,연구소기업,해당없음,정보통신업,정상운영,2023-04,1,0,-39
S0840,H002,단독설립,교수창업,벤처기업,IT,교육서비스업,정상운영,2022-04,2,0,-22
S0841,H074,합작설립,교수창업,연구소기업,IT,정보통신업,정상운영,2021-11,3,1268,-148
S0842,H037,지분편입(지분매수),전문경영인(창업자),벤처기업,IT,제조업,정상운영,2022-12,2,523,-148
S0843,H061,단독설립,기타,해당없음,BT,정보통신업,정상운영,2023-05,1,2172,-10
S0844,H062,지분편입(유상증자),교수창업,해당없음,BT,제조업,정상운영,2021-05,3,0,-79
S0845,H057,단독설립,기타,연구소기업,CT,정보통신업,정상운영,2012-06,12,1834,61
S0846,H044,합작설립,학생창업,연구소기업,해당없음,제조업,정상운영,2019-01,5,1471,-78
S0847,H024,합작설립,교수창업,연구소기업,IT,정보통신업,정상운영,2017-06,7,1422,-117
S0848,H007,지분편입(지분매수),학생창업,해당없음,NT,제조업,정상운영,2021-07,3,0,-130
S0849,H033,단독설립,교수창업,벤처기업,ET,정보통신업,정상운영,2016-07,8,1438,-139
S0850,H062,단독설립,전문경영인(창업자),벤처기업,BT,도매및소매업,정상운영,2023-06,1,0,-61
S0851,H015,단독설립,교수창업,벤처기업,IT,교육서비스업,투자회수(일부),2011-09,13,0,0
S0852,H009,지분편입(지분매수),교수창업,해당없음,IT,제조업,정상운영,2016-09,8,0,-42
S0853,H052,지분편입(지분매수),전문경영인(창업자),벤처기업,해당없음,제조업,정상운영,2017-12,7,0,-149
S0854,H063,지분편입(지분매수),교수창업,연구소기업,NT,도매및소매업,정상운영,2021-04,3,0,-78
S0855,H010,합작설립,전문경영인(창업자),해당없음,NT,제조업,정상운영,2022-04,2,625,-32
S0856,H074,합작설립,기타,연구소기업,BT,정보통신업,정상운영,2018-10,6,0,-120
S0857,H081,지분편입(지분매수),교수창업,벤처기업,해당없음,제조업,정상운영,2020-09,4,2049,9
S0858,H007,단독설립,기타,연구소기업,해당없음,전문과학및기술서비스업,정상운영,2016-08,8,56,47
S0859,H020,단독설립,학생창업,기타,IT,제조업,정상운영,2023-05,1,1852,33
S0860,H020,합작설립,교수창업,해당없음,NT,제조업,정상운영,2020-02,4,0,-47
S0861,H073,단독설립,교수창업,해당없음,BT,기타,정상운영,2022-02,2,0,-37
S0862,H039,지분편입(지분매수),기타,연구소기업,BT,제조업,투자회수(전액),2019-04,5,0,0
S0863,H011,단독설립,교수창업,벤처기업,해당없음,제조업,정상운영,2022-03,2,844,-24
S0864,H032,단독설립,교수창업,해당없음,해당없음,정보통신업,정상운영,2019-06,5,0,-133
S0865,H016,지분편입(유상증자),학생창업,연구소기업,IT,정보통신업,정상운영,2023-12,1,1269,-8
S0866,H072,지분편입(지분매수),기타,벤처기업,해당없음,전문과학및기술서비스업,정상운영,2023-08,1,0,-126
S0867,H054,단독설립,전문경영인(파트너기업겸직파견등),해당없음,BT,제조업,정상운영,2023-12,1,0,-45
S0868,H078,단독설립,교수창업,해당없음,CT,전문과학및기술서비스업,투자회수(일부),2019-10,5,0,0
S0869,H077,지분편입(유상증자),전문경영인(창업자),해당없음,NT,제조업,정상운영,2016-08,8,0,-113
S0870,H080,합작설립,교수창업,벤처기업,IT,정보통신업,정상운영,2022-01,2,0,-56
S0871,H029,지분편입(지분매수),전문경영인(파트너기업겸직파견등),해당없음,BT,정보통신업,정상운영,2016-11,8,0,-3
S0872,H067,지분편입(지분매수),전문경영인(창업자),벤처기업,BT,정보통신업,정상운영,2023-07,1,291,48
S0873,H049,합작설립,전문경영인(창업자),해당없음,해당없음,교육서비스업,정상운영,2017-12,7,0,-3
S0874,H058,단독설립,전문경영인(창업자),연구소기업,BT,정보통신업,정상운영,2019-12,5,2257,-35
S0875,H057,지분편입(유상증자),학생창업,연구소기업,IT,제조업,정상운영,2019-08,5,0,-80
S0876,H039,지분편입(지분매수),전문경영인(파트너기업겸직파견등),연구소기업,IT,기타,정상운영,2021-04,3,0,-135
S0877,H076,지분편입(유상증자),교수창업,해당없음,BT,정보통신업,정상운영,2020-05,4,0,-20
S0878,H055,단독설립,교수창업,해당없음,IT,도매및소매업,정상운영,2023-10,1,2197,-61
S0879,H040,단독설립,교수창업,연구소기업,IT,전문과학및기술서비스업,정상운영,2018-10,6,0,-124
S0880,H073,단독설립,교수창업,연구소기업,IT,정보통신업,정상운영,2022-07,2,0,-40
S0881,H080,합작설립,전문경영인(파트너기업겸직파견등),벤처기업,IT,전문과학및기술서비스업,정상운영,2023-01,1,0,-10
S0882,H008,지분편입(지분매수),학생창업,기타,IT,제조업,정상운영,2017-02,7,0,-146
S0883,H079,지분편입(지분매수),무응답,해당없음,해당없음,제조업,정상운영,2016-01,8,0,-42
S0884,H013,단독설립,학생창업,연구소기업,IT,제조업,정상운영,2016-11,8,0,-69
S0885,H027,지분편입(지분매수),교수창업,연구소기업,BT,교육서비스업,투자회수(전액),2012-06,12,0,0
S0886,H081,지분편입(유상증자),기타,연구소기업,IT,전문과학및기술서비스업,폐업(청산),2019-05,5,0,0
S0887,H028,지분편입(유상증자),학생창업,벤처기업,해당없음,제조업,정상운영,2022-09,2,0,-121
S0888,H034,지분편입(지분매수),학생창업,연구소기업,IT,정보통신업,정상운영,2020-06,4,224,-119
S0889,H011,단독설립,전문경영인(파트너기업겸직파견등),연구소기업,CT,제조업,정상운영,2019-08,5,0,-144
S0890,H021,지분편입(유상증자),교수창업,연구소기업,IT,정보통신업,정상운영,2018-05,6,0,-114
S0891,H031,지분편입(지분매수),전문경영인(창업자),연구소기업,IT,전문과학및기술서비스업,정상운영,2013-02,11,234,-46
S0892,H023,지분편입(지분매수),전문경영인(창업자),연구소기업,해당없음,제조업,정상운영,2017-08,7,0,-14
S0893,H071,단독설립,교수창업,해당없음,BT,제조업,정상운영,2023-03,1,0,-148
S0894,H010,단독설립,학생창업,해당없음,IT,전문과학및기술서비스업,폐업(청산),2017-12,7,0,0
S0895,H021,지분편입(지분매수),교수창업,연구소기업,IT,제조업,정상운영,2019-02,5,0,-149
S0896,H001,단독설립,기타,벤처기업,IT,제조업,정상운영,2018-06,6,163,-4
S0897,H053,합작설립,기타,연구소기업,IT,정보통신업,정상운영,2020-12,4,2216,-116
S0898,H058,단독설립,교수창업,해당없음,IT,기타,정상운영,2022-07,2,1386,-52
S0899,H077,지분편입(지분매수),학생창업,벤처기업,해당없음,제조업,정상운영,2022-03,2,431,-99
S0900,H061,단독설립,기타,해당없음,IT,정보통신업,정상운영,2018-03,6,0,-25
S0901,H038,지분편입(지분매수),기타,연구소기업,IT,제조업,정상운영,2015-10,9,0,-3
S0902,H005,합작설립,교수창업,벤처기업,ET,제조업,정상운영,2014-05,10,316,26
S0903,H030,단독설립,교수창업,연구소기업,BT,전문과학및기술서비스업,정상운영,2020-10,4,621,-141
S0904,H037,지분편입(유상증자),전문경영인(창업자),벤처기업,IT,제조업,정상운영,2018-04,6,0,-109
S0905,H037,합작설립,교수창업,벤처기업,IT,제조업,정상운영,2020-09,4,0,-144
S0906,H059,단독설립,교수창업,연구소기업,IT,전문과학및기술서비스업,정상운영,2023-02,1,1120,36
S0907,H010,단독설립,학생창업,연구소기업,BT,제조업,정상운영,2019-08,5,1249,-4
S0908,H030,지분편입(유상증자),전문경영인(창업자),연구소기업,BT,전문과학및기술서비스업,정상운영,2022-04,2,734,127
S0909,H034,단독설립,교수창업,해당없음,BT,전문과학및기술서비스업,정상운영,2012-06,12,0,-144
S0910,H081,단독설립,전문경영인(창업자),벤처기업,BT,제조업,투자회수(전액),2021-10,3,0,0
S0911,H076,단독설립,기타,연구소기업,BT,전문과학및기술서비스업,정상운영,2022-09,2,0,-67
S0912,H026,단독설립,교수창업,해당없음,해당없음,정보통신업,정상운영,2020-11,4,0,-11
S0913,H055,단독설립,교수창업,벤처기업,IT,제조업,정상운영,2017-05,7,337,-148
S0914,H015,지분편입(지분매수),기타,벤처기업,BT,제조업,정상운영,2020-09,4,816,44
S0915,H070,단독설립,교수창업,연구소기업,BT,제조업,정상운영,2016-09,8,0,-29
S0916,H029,단독설립,전문경영인(파트너기업겸직파견등),벤처기업,NT,제조업,정상운영,2020-05,4,0,-132
S0917,H083,지분편입(유상증자),교수창업,벤처기업,BT,전문과학및기술서비스업,정상운영,2023-12,1,0,-101
S0918,H020,합작설립,교수창업,벤처기업,IT,정보통신업,정상운영,2019-01,5,0,-127
S0919,H035,합작설립,교수창업,신기술창업전문회사,BT,도매및소매업,정상운영,2017-03,7,0,-119
S0920,H019,지분편입(지분매수),교수창업,연구소기업,BT,정보통신업,폐업(청산),2018-02,6,0,0
S0921,H010,지분편입(지분매수),전문경영인(파트너기업겸직파견등),벤처기업,해당없음,전문과학및기술서비스업,정상운영,2021-12,3,2122,40
S0922,H008,단독설립,전문경영인(창업자),벤처기업,BT,제조업,정상운영,2020-12,4,0,-21
S0923,H022,단독설립,교수창업,연구소기업,ET,제조업,정상운영,2017-12,7,265,12
S0924,H040,지분편입(지분매수),전문경영인(창업자),연구소기업,NT,기타,정상운영,2019-06,5,0,-59
S0925,H077,지분편입(지분매수),전문경영인(창업자),연구소기업,IT,전문과학및기술서비스업,정상운영,2021-06,3,2077,137
S0926,H073,단독설립,학생창업,연구소기업,IT,정보통신업,정상운영,2023-08,1,485,-137
S0927,H037,지분편입(지분매수),교수창업,연구소기업,IT,제조업,정상운영,2019-12,5,0,-98
S0928,H057,합작설립,전문경영인(파트너기업겸직파견등),벤처기업,IT,정보통신업,정상운영,2021-04,3,1109,-15
S0929,H016,지분편입(유상증자),전문경영인(창업자),연구소기업,해당없음,제조업,정상운영,2018-03,6,0,-95
S0930,H060,단독설립,기타,해당없음,BT,정보통신업,정상운영,2018-06,6,0,-126
S0931,H039,단독설립,무응답,연구소기업,BT,제조업,정상운영,2020-08,4,0,-72
S0932,H052,단독설립,교수창업,해당없음,IT,교육서비스업,정상운영,2019-04,5,2125,-138
S0933,H035,지분편입(유상증자),전문경영인(창업자),벤처기업,BT,전문과학및기술서비스업,투자회수(전액),2019-08,5,0,0
S0934,H065,단독설립,교수창업,연구소기업,IT,정보통신업,정상운영,2019-06,5,646,-38
S0935,H070,합작설립,전문경영인(창업자),해당없음,IT,제조업,폐업(청산),2019-06,5,0,0
S0936,H064,지분편입(지분매수),학생창업,벤처기업,BT,제조업,정상운영,2016-04,8,1466,-46
S0937,H057,단독설립,무응답,벤처기업,IT,정보통신업,정상운영,2021-11,3,0,-82
S0938,H011,지분편입(유상증자),학생창업,해당없음,BT,전문과학및기술서비스업,정상운영,2020-12,4,1538,-63
S0939,H077,단독설립,전문경영인(창업자),벤처기업,해당없음,정보통신업,정상운영,2018-05,6,739,114
S0940,H006,지분편입(지분매수),교수창업,벤처기업,IT,제조업,정상운영,2023-05,1,2151,-69
S0941,H056,지분편입(지분매수),교수창업,해당없음,BT,전문과학및기술서비스업,정상운영,2022-10,2,1862,-123
S0942,H042,합작설립,전문경영인(창업자),벤처기업,BT,정보통신업,정상운영,2018-12,6,195,-129
S0943,H078,지분편입(지분매수),교수창업,벤처기업,ET,정보통신업,정상운영,2023-01,1,1199,-41
S0944,H033,단독설립,학생창업,연구소기업,BT,제조업,정상운영,2012-03,12,0,-35
S0945,H004,단독설립,무응답,연구소기업,해당없음,기타,정상운영,2017-02,7,849,93
S0946,H012,지분편입(유상증자),교수창업,해당없음,BT,제조업,정상운영,2017-11,7,1176,70
S0947,H030,합작설립,교수창업,벤처기업,IT,제조업,정상운영,2019-07,5,0,-33
S0948,H074,단독설립,교수창업,연구소기업,IT,제조업,정상운영,2017-07,7,0,-125
S0949,H076,합작설립,전문경영인(창업자),연구소기업,CT,제조업,정상운영,2019-07,5,1838,115
S0950,H003,단독설립,전문경영인(파트너기업겸직파견등),벤처기업,IT,기타,정상운영,2018-08,6,399,-103
S0951,H035,단독설립,교수창업,연구소기업,BT,정보통신업,정상운영,2023-01,1,0,-38
S0952,H074,단독설립,교수창업,연구소기업,IT,제조업,정상운영,2020-09,4,1580,-115
S0953,H006,단독설립,교수창업,연구소기업,NT,제조업,정상운영,2011-01,13,1910,2
S0954,H023,단독설립,기타,벤처기업,IT,정보통신업,정상운영,2013-09,11,0,-75
S0955,H061,단독설립,교수창업,벤처기업,BT,정보통신업,정상운영,2019-06,5,0,-103
S0956,H067,지분편입(지분매수),전문경영인(창업자),연구소기업,NT,전문과학및기술서비스업,정상운영,2018-01,6,0,-86
S0957,H084,단독설립,전문경영인(파트너기업겸직파견등),연구소기업,IT,제조업,정상운영,2009-10,15,1126,-20
S0958,H057,지분편입(지분매수),교수창업,해당없음,IT,정보통신업,정상운영,2017-07,7,0,-91
S0959,H036,합작설립,교수창업,신기술창업전문회사,해당없음,전문과학및기술서비스업,정상운영,2022-01,2,25,-121
S0960,H024,단독설립,전문경영인(창업자),해당없음,BT,제조업,정상운영,2009-09,15,0,-106
S0961,H075,단독설립,교수창업,연구소기업,IT,정보통신업,정상운영,2019-06,5,1435,-84
S0962,H056,단독설립,전문경영인(창업자),해당없음,IT,제조업,정상운영,2013-09,11,0,-32
S0963,H082,지분편입(지분매수),교수창업,해당없음,해당없음,정보통신업,정상운영,2010-08,14,104,-54
S0964,H063,지분편입(지분매수),학생창업,벤처기업,IT,정보통신업,정상운영,2023-05,1,1225,19
S0965,H012,지분편입(지분매수),전문경영인(창업자),연구소기업,BT,정보통신업,정상운영,2021-10,3,186,-91
S0966,H061,지분편입(지분매수),무응답,벤처기업,해당없음,정보통신업,정상운영,2019-06,5,0,-70
S0967,H045,합작설립,전문경영인(창업자),연구소기업,IT,정보통신업,정상운영,2018-11,6,872,-91
S0968,H053,합작설립,전문경영인(창업자),연구소기업,BT,정보통신업,정상운영,2022-02,2,0,-139
S0969,H043,단독설립,기타,해당없음,IT,제조업,정상운영,2021-12,3,1190,-75
S0970,H042,지분편입(지분매수),학생창업,해당없음,BT,제조업,정상운영,2016-02,8,0,-118
S0971,H014,지분편입(지분매수),교수창업,해당없음,BT,제조업,정상운영,2020-10,4,0,-72
S0972,H021,지분편입(지분매수),교수창업,벤처기업,BT,정보통신업,정상운영,2015-02,9,858,-12
S0973,H043,지분편입(지분매수),전문경영인(창업자),벤처기업,IT,전문과학및기술서비스업,정상운영,2014-09,10,0,-36
S0974,H053,단독설립,교수창업,벤처기업,IT,정보통신업,정상운영,2009-02,15,0,-41
S0975,H064,지분편입(지분매수),교수창업,해당없음,BT,기타,정상운영,2017-09,7,671,-33
S0976,H037,지분편입(유상증자),전문경영인(파트너기업겸직파견등),해당없음,BT,제조업,정상운영,2019-03,5,0,-85
S0977,H052,지분편입(지분매수),전문경영인(창업자),해당없음,IT,제조업,투자회수(일부),2009-09,15,0,0
S0978,H071,단독설립,전문경영인(파트너기업겸직파견등),연구소기업,IT,제조업,정상운영,2019-02,5,1611,-82
S0979,H005,단독설립,학생창업,벤처기업,BT,정보통신업,정상운영,2010-10,14,1889,-86
S0980,H059,지분편입(지분매수),기타,연구소기업,BT,제조업,정상운영,2023-08,1,0,-80
S0981,H012,단독설립,기타,벤처기업,CT,전문과학및기술서비스업,정상운영,2022-10,2,0,-76
S0982,H041,지분편입(유상증자),전문경영인(창업자),해당없음,IT,제조업,정상운영,2018-11,6,566,-13
S0983,H033,단독설립,교수창업,벤처기업,ET,전문과학및기술서비스업,정상운영,2023-04,1,1311,-122
S0984,H042,단독설립,무응답,해당없음,BT,전문과학및기술서비스업,정상운영,2021-02,3,0,-15
S0985,H015,단독설립,교수창업,연구소기업,BT,교육서비스업,정상운영,2014-11,10,0,-138
S0986,H052,단독설립,기타,벤처기업,BT,제조업,투자회수(전액),2023-07,1,0,0
S0987,H066,합작설립,기타,연구소기업,IT,제조업,정상운영,2021-05,3,0,-55
S0988,H001,지분편입(지분매수),교수창업,해당없음,IT,전문과학및기술서비스업,정상운영,2022-08,2,0,-132
S0989,H070,단독설립,전문경영인(창업자),연구소기업,ET,정보통신업,정상운영,2023-08,1,0,-120
S0990,H060,합작설립,전문경영인(창업자),벤처기업,IT,정보통신업,정상운영,2009-12,15,0,-130
S0991,H053,단독설립,교수창업,연구소기업,ET,제조업,정상운영,2016-03,8,0,-44
S0992,H007,합작설립,전문경영인(창업자),해당없음,BT,제조업,정상운영,2023-11,1,146,-93
S0993,H025,합작설립,교수창업,연구소기업,BT,제조업,정상운영,2022-06,2,0,-60
S0994,H067,지분편입(유상증자),전문경영인(창업자),연구소기업,NT,정보통신업,정상운영,2021-02,3,750,-69
S0995,H047,지분편입(지분매수),교수창업,연구소기업,IT,제조업,투자회수(전액),2016-03,8,0,0
S0996,H080,합작설립,무응답,연구소기업,BT,기타,정상운영,2022-11,2,0,-55
S0997,H064,지분편입(지분매수),학생창업,연구소기업,ET,정보통신업,정상운영,2015-10,9,1864,152
S0998,H081,합작설립,교수창업,해당없음,해당없음,전문과학및기술서비스업,정상운영,2018-06,6,0,-78
S0999,H057,합작설립,교수창업,연구소기업,IT,제조업,정상운영,2021-08,3,0,-137
S1000,H007,지분편입(지분매수),교수창업,해당없음,ET,제조업,정상운영,2018-09,6,643,125
S1001,H027,단독설립,전문경영인(파트너기업겸직파견등),해당없음,ET,정보통신업,정상운영,2020-12,4,0,-53
S1002,H035,합작설립,전문경영인(파트너기업겸직파견등),해당없음,NT,제조업,정상운영,2023-12,1,0,-75
S1003,H071,단독설립,교수창업,연구소기업,해당없음,제조업,정상운영,2019-07,5,1351,3
S1004,H017,합작설립,전문경영인(창업자),연구소기업,BT,제조업,정상운영,2021-01,3,0,-143
S1005,H037,단독설립,전문경영인(창업자),해당없음,해당없음,정보통신업,정상운영,2023-07,1,0,-67
S1006,H057,단독설립,전문경영인(창업자),연구소기업,NT,제조업,투자회수(전액),2020-10,4,0,0
S1007,H063,합작설립,학생창업,해당없음,IT,정보통신업,휴업,2023-05,1,0,0
S1008,H016,지분편입(지분매수),무응답,벤처기업,해당없음,제조업,정상운영,2019-01,5,0,-37
S1009,H004,단독설립,교수창업,연구소기업,해당없음,정보통신업,정상운영,2019-10,5,353,-52
S1010,H081,합작설립,교수창업,해당없음,BT,도매및소매업,정상운영,2018-07,6,0,-11
S1011,H078,단독설립,교수창업,연구소기업,ET,전문과학및기술서비스업,정상운영,2021-01,3,203,114
S1012,H031,합작설립,학생창업,해당없음,ET,정보통신업,정상운영,2017-01,7,1917,-76
S1013,H021,단독설립,학생창업,벤처기업,ET,제조업,정상운영,2019-04,5,0,-7
S1014,H040,합작설립,전문경영인(창업자),연구소기업,IT,기타,정상운영,2022-06,2,0,-92
S1015,H071,합작설립,전문경영인(창업자),해당없음,IT,전문과학및기술서비스업,폐업(청산),2016-07,8,0,0
S1016,H002,지분편입(지분매수),전문경영인(파트너기업겸직파견등),벤처기업,CT,제조업,정상운영,2021-03,3,1526,-132
S1017,H071,지분편입(지분매수),학생창업,해당없음,BT,제조업,정상운영,2017-05,7,1706,-49
S1018,H053,단독설립,전문경영인(창업자),벤처기업,IT,전문과학및기술서비스업,정상운영,2018-04,6,0,-129
S1019,H012,지분편입(지분매수),학생창업,해당없음,NT,정보통신업,정상운영,2017-10,7,0,-36
S1020,H029,합작설립,무응답,연구소기업,IT,교육서비스업,정상운영,2022-11,2,2146,-109
S1021,H015,지분편입(지분매수),학생창업,해당없음,BT,전문과학및기술서비스업,정상운영,2020-06,4,1300,113
S1022,H060,단독설립,전문경영인(창업자),해당없음,해당없음,전문과학및기술서비스업,정상운영,2022-09,2,2050,-99
S1023,H016,단독설립,교수창업,벤처기업,IT,제조업,정상운영,2018-08,6,1023,-118
S1024,H083,합작설립,기타,벤처기업,BT,제조업,정상운영,2023-11,1,0,-115
S1025,H020,지분편입(지분매수),기타,해당없음,BT,제조업,정상운영,2008-11,16,1509,133
S1026,H064,단독설립,교수창업,연구소기업,ET,제조업,정상운영,2020-04,4,0,-122
S1027,H038,지분편입(지분매수),전문경영인(창업자),벤처기업,IT,전문과학및기술서비스업,정상운영,2019-10,5,0,-21
S1028,H066,단독설립,교수창업,해당없음,IT,정보통신업,정상운영,2019-06,5,2028,25
S1029,H035,지분편입(지분매수),학생창업,벤처기업,BT,제조업,정상운영,2017-12,7,0,-42
S1030,H054,합작설립,교수창업,해당없음,IT,제조업,정상운영,2022-10,2,373,-35
S1031,H062,지분편입(지분매수),교수창업,해당없음,IT,전문과학및기술서비스업,정상운영,2018-03,6,0,-71
S1032,H061,합작설립,교수창업,연구소기업,IT,교육서비스업,정상운영,2019-04,5,1717,-102
S1033,H032,합작설립,교수창업,이노비즈기업,IT,제조업,정상운영,2021-03,3,0,-26
S1034,H059,단독설립,전문경영인(창업자),벤처기업,ET,전문과학및기술서비스업,정상운영,2019-04,5,0,-98
S1035,H071,합작설립,무응답,해당없음,NT,제조업,정상운영,2017-05,7,992,-83
S1036,H019,단독설립,기타,해당없음,BT,기타,정상운영,2018-03,6,0,-52
S1037,H050,단독설립,교수창업,해당없음,NT,정보통신업,정상운영,2017-02,7,0,-93
S1038,H025,단독설립,교수창업,벤처기업,IT,제조업,정상운영,2023-01,1,1319,24
S1039,H077,지분편입(유상증자),전문경영인(파트너기업겸직파견등),연구소기업,IT,정보통신업,정상운영,2017-09,7,0,-31
S1040,H066,단독설립,전문경영인(창업자),해당없음,BT,정보통신업,정상운영,2018-10,6,1805,-55
S1041,H018,단독설립,무응답,연구소기업,IT,제조업,정상운영,2020-01,4,1819,-125
S1042,H009,지분편입(지분매수),학생창업,해당없음,IT,제조업,투자회수(전액),2019-03,5,0,0
S1043,H036,합작설립,교수창업,연구소기업,해당없음,제조업,정상운영,2019-09,5,643,-30
S1044,H054,지분편입(지분매수),교수창업,연구소기업,IT,제조업,정상운영,2021-06,3,513,114
S1045,H044,단독설립,교수창업,연구소기업,ET,정보통신업,정상운영,2023-02,1,2092,4
S1046,H065,단독설립,전문경영인(창업자),해당없음,BT,전문과학및기술서비스업,정상운영,2019-06,5,727,83
S1047,H035,단독설립,교수창업,벤처기업,IT,정보통신업,정상운영,2021-06,3,2070,-87
S1048,H001,합작설립,교수창업,연구소기업,IT,도매및소매업,폐업(청산),2021-04,3,0,0
S1049,H037,단독설립,학생창업,연구소기업,해당없음,제조업,정상운영,2020-11,4,0,-68
S1050,H039,단독설립,학생창업,벤처기업,ET,정보통신업,정상운영,2021-04,3,0,-106
S1051,H076,지분편입(지분매수),학생창업,연구소기업,BT,전문과학및기술서비스업,정상운영,2020-04,4,0,-86
S1052,H075,지분편입(지분매수),기타,연구소기업,IT,정보통신업,정상운영,2020-05,4,0,-30
S1053,H063,단독설립,학생창업,연구소기업,ET,전문과학및기술서비스업,정상운영,2022-03,2,0,-82
S1054,H020,지분편입(유상증자),교수창업,연구소기업,IT,제조업,투자회수(일부),2019-07,5,0,0
S1055,H058,단독설립,교수창업,벤처기업,BT,기타,정상운영,2017-05,7,0,-56
S1056,H069,단독설립,학생창업,연구소기업,IT,제조업,정상운영,2018-04,6,1126,-108
S1057,H062,단독설립,전문경영인(파트너기업겸직파견등),벤처기업,BT,전문과학및기술서비스업,정상운영,2020-04,4,256,-17
S1058,H045,합작설립,교수창업,해당없음,IT,전문과학및기술서비스업,정상운영,2020-06,4,0,-74
S1059,H043,합작설립,교수창업,해당없음,IT,정보통신업,투자회수(일부),2023-01,1,0,0
S1060,H071,단독설립,기타,연구소기업,해당없음,제조업,정상운영,2017-03,7,0,-108
S1061,H070,지분편입(유상증자),교수창업,해당없음,BT,제조업,정상운영,2023-08,1,293,-149
S1062,H049,합작설립,학생창업,연구소기업,IT,정보통신업,정상운영,2009-02,15,642,-17
S1063,H059,지분편입(지분매수),교수창업,연구소기업,IT,정보통신업,정상운영,2023-07,1,0,-11
S1064,H042,지분편입(지분매수),학생창업,연구소기업,IT,정보통신업,정상운영,2023-01,1,0,-128
S1065,H025,단독설립,교수창업,해당없음,BT,정보통신업,정상운영,2022-08,2,2173,-81
S1066,H031,단독설립,전문경영인(창업자),연구소기업,BT,전문과학및기술서비스업,정상운영,2019-12,5,0,-70
S1067,H074,단독설립,학생창업,해당없음,ET,제조업,정상운영,2016-12,8,0,-95
S1068,H050,단독설립,교수창업,연구소기업,NT,제조업,정상운영,2023-04,1,0,-92
S1069,H030,합작설립,전문경영인(창업자),기타,IT,정보통신업,정상운영,2018-07,6,428,45
S1070,H053,합작설립,기타,해당없음,BT,제조업,정상운영,2019-01,5,738,-38
S1071,H006,합작설립,무응답,해당없음,IT,전문과학및기술서비스업,정상운영,2019-08,5,1858,-75
S1072,H041,지분편입(지분매수),기타,연구소기업,해당없음,정보통신업,정상운영,2022-08,2,0,-44
S1073,H061,지분편입(지분매수),교수창업,연구소기업,IT,제조업,정상운영,2018-07,6,0,-62
S1074,H049,합작설립,교수창업,벤처기업,BT,정보통신업,정상운영,2019-04,5,0,-24
S1075,H050,지분편입(지분매수),기타,해당없음,NT,제조업,정상운영,2018-04,6,0,-29
S1076,H084,합작설립,학생창업,벤처기업,BT,전문과학및기술서비스업,정상운영,2022-07,2,2130,-63
S1077,H020,합작설립,교수창업,벤처기업,해당없음,전문과학및기술서비스업,폐업(청산),2016-10,8,0,0
S1078,H064,지분편입(유상증자),교수창업,연구소기업,해당없음,정보통신업,정상운영,2023-02,1,79,60
S1079,H005,단독설립,교수창업,기타,IT,전문과학및기술서비스업,정상운영,2019-02,5,1992,145
S1080,H017,단독설립,전문경영인(창업자),연구소기업,BT,제조업,폐업(청산),2014-03,10,0,0
S1081,H065,합작설립,기타,벤처기업,BT,전문과학및기술서비스업,정상운영,2019-09,5,0,-22
S1082,H076,합작설립,학생창업,해당없음,IT,제조업,정상운영,2019-10,5,939,-5
S1083,H043,단독설립,교수창업,연구소기업,해당없음,제조업,정상운영,2018-12,6,1792,-23
S1084,H013,지분편입(지분매수),교수창업,벤처기업,BT,정보통신업,정상운영,2017-09,7,1004,-102
S1085,H057,합작설립,교수창업,벤처기업,IT,제조업,정상운영,2017-02,7,0,-106
S1086,H013,지분편입(지분매수),전문경영인(파트너기업겸직파견등),벤처기업,BT,전문과학및기술서비스업,정상운영,2021-03,3,1470,147
S1087,H068,단독설립,무응답,해당없음,IT,제조업,정상운영,2023-04,1,0,-5
S1088,H059,지분편입(지분매수),기타,연구소기업,ET,정보통신업,정상운영,2015-02,9,0,-10
S1089,H002,단독설립,전문경영인(파트너기업겸직파견등),해당없음,IT,제조업,정상운영,2023-08,1,0,-54
S1090,H019,지분편입(지분매수),전문경영인(파트너기업겸직파견등),이노비즈기업,IT,정보통신업,정상운영,2022-12,2,0,-56
S1091,H053,지분편입(지분매수),전문경영인(창업자),벤처기업,IT,정보통신업,정상운영,2011-10,13,94,-50
S1092,H084,합작설립,학생창업,해당없음,IT,제조업,정상운영,2020-06,4,0,-100
S1093,H020,단독설립,교수창업,해당없음,IT,정보통신업,정상운영,2021-12,3,0,-62
S1094,H010,단독설립,전문경영인(창업자),연구소기업,ET,제조업,정상운영,2017-06,7,0,-144
S1095,H061,단독설립,기타,연구소기업,BT,정보통신업,정상운영,2015-07,9,0,-73
S1096,H034,지분편입(유상증자),학생창업,신기술창업전문회사,BT,전문과학및기술서비스업,정상운영,2018-04,6,0,-75
S1097,H044,지분편입(지분매수),전문경영인(창업자),해당없음,BT,기타,정상운영,2013-04,11,232,-110
S1098,H080,지분편입(지분매수),전문경영인(창업자),해당없음,BT,제조업,정상운영,2018-02,6,0,-20
S1099,H051,단독설립,교수창업,신기술창업전문회사,BT,전문과학및기술서비스업,정상운영,2022-09,2,0,-114
S1100,H084,지분편입(지분매수),교수창업,연구소기업,IT,제조업,정상운영,2023-06,1,0,-94
S1101,H011,단독설립,교수창업,벤처기업,BT,전문과학및기술서비스업,정상운영,2021-08,3,0,-13
S1102,H043,단독설립,교수창업,기타,BT,제조업,정상운영,2021-05,3,638,-124
S1103,H069,합작설립,학생창업,연구소기업,BT,제조업,정상운영,2018-09,6,1085,-114
S1104,H049,합작설립,교수창업,신기술창업전문회사,IT,제조업,정상운영,2021-02,3,2029,-100
S1105,H041,지분편입(유상증자),전문경영인(창업자),벤처기업,ET,제조업,정상운영,2020-08,4,0,-99
S1106,H081,지분편입(지분매수),전문경영인(창업자),벤처기업,IT,전문과학및기술서비스업,정상운영,2021-01,3,555,-103
S1107,H063,합작설립,교수창업,연구소기업,해당없음,전문과학및기술서비스업,정상운영,2012-01,12,0,-49
S1108,H070,단독설립,교수창업,해당없음,IT,정보통신업,정상운영,2022-07,2,0,-19
S1109,H005,단독설립,교수창업,해당없음,BT,전문과학및기술서비스업,정상운영,2017-07,7,1768,-91
S1110,H080,지분편입(지분매수),학생창업,해당없음,IT,제조업,휴업,2010-07,14,0,0
S1111,H009,단독설립,기타,벤처기업,IT,제조업,정상운영,2016-02,8,0,-1
S1112,H031,지분편입(지분매수),교수창업,연구소기업,IT,제조업,정상운영,2022-06,2,2047,15
S1113,H081,단독설립,교수창업,벤처기업,IT,제조업,정상운영,2021-06,3,0,-6
S1114,H037,단독설립,교수창업,연구소기업,IT,전문과학및기술서비스업,정상운영,2023-05,1,0,-15
S1115,H030,합작설립,교수창업,연구소기업,IT,제조업,정상운영,2021-02,3,0,-88
S1116,H012,합작설립,전문경영인(창업자),벤처기업,BT,제조업,정상운영,2018-07,6,1741,-89
S1117,H056,지분편입(지분매수),교수창업,해당없음,NT,제조업,정상운영,2023-11,1,1861,-78
S1118,H013,단독설립,교수창업,벤처기업,BT,도매및소매업,정상운영,2018-05,6,0,-19
S1119,H082,단독설립,교수창업,기타,ET,제조업,정상운영,2017-04,7,458,83
S1120,H013,지분편입(유상증자),무응답,해당없음,CT,제조업,정상운영,2019-12,5,1946,68
S1121,H057,단독설립,전문경영인(창업자),해당없음,NT,교육서비스업,정상운영,2022-02,2,590,-31
S1122,H022,단독설립,기타,벤처기업,BT,전문과학및기술서비스업,정상운영,2021-11,3,1066,8
S1123,H039,단독설립,전문경영인(창업자),벤처기업,BT,제조업,정상운영,2018-11,6,1262,-75
S1124,H004,지분편입(지분매수),교수창업,연구소기업,IT,기타,정상운영,2008-07,16,448,83
S1125,H006,단독설립,전문경영인(창업자),연구소기업,BT,전문과학및기술서비스업,정상운영,2009-08,15,260,-129
S1126,H042,단독설립,전문경영인(창업자),해당없음,해당없음,제조업,정상운영,2019-01,5,0,-102
S1127,H008,단독설립,학생창업,벤처기업,IT,전문과학및기술서비스업,정상운영,2017-05,7,369,7
S1128,H038,단독설립,전문경영인(창업자),벤처기업,IT,정보통신업,정상운영,2022-12,2,1000,-96
S1129,H046,단독설립,전문경영인(창업자),해당없음,IT,정보통신업,정상운영,2018-11,6,1852,-20
S1130,H048,합작설립,교수창업,해당없음,CT,제조업,정상운영,2015-06,9,0,-42
S1131,H056,지분편입(지분매수),교수창업,연구소기업,ET,도매및소매업,정상운영,2023-01,1,2048,-69
S1132,H019,지분편입(지분매수),전문경영인(창업자),연구소기업,BT,제조업,정상운영,2022-03,2,0,-82
S1133,H032,단독설립,교수창업,해당없음,IT,제조업,투자회수(전액),2019-04,5,0,0
S1134,H068,단독설립,교수창업,연구소기업,IT,전문과학및기술서비스업,정상운영,2008-03,16,637,73
S1135,H053,지분편입(지분매수),교수창업,해당없음,BT,전문과학및기술서비스업,정상운영,2023-10,1,0,-54
S1136,H073,지분편입(지분매수),교수창업,해당없음,IT,정보통신업,정상운영,2022-01,2,2051,60
S1137,H024,지분편입(지분매수),무응답,연구소기업,IT,정보통신업,정상운영,2017-03,7,0,-134
S1138,H022,지분편입(지분매수),교수창업,연구소기업,IT,정보통신업,정상운영,2018-09,6,0,-95
S1139,H023,지분편입(지분매수),학생창업,해당없음,IT,제조업,정상운영,2022-03,2,0,-49
S1140,H011,단독설립,교수창업,벤처기업,IT,정보통신업,정상운영,2018-03,6,0,-31
S1141,H079,단독설립,교수창업,해당없음,IT,교육서비스업,정상운영,2016-12,8,1554,-95
S1142,H049,단독설립,교수창업,해당없음,해당없음,정보통신업,정상운영,2013-08,11,2208,83
S1143,H080,단독설립,전문경영인(창업자),벤처기업,BT,제조업,정상운영,2017-01,7,0,-29
S1144,H031,지분편입(지분매수),교수창업,해당없음,BT,정보통신업,정상운영,2018-01,6,0,-73
S1145,H064,합작설립,교수창업,해당없음,IT,정보통신업,정상운영,2019-10,5,0,-54
S1146,H075,합작설립,교수창업,해당없음,IT,정보통신업,정상운영,2022-04,2,0,-139
S1147,H019,단독설립,교수창업,연구소기업,BT,정보통신업,정상운영,2012-12,12,0,-42
S1148,H030,지분편입(지분매수),전문경영인(창업자),신기술창업전문회사,BT,정보통신업,정상운영,2019-11,5,0,-146
S1149,H060,단독설립,학생창업,해당없음,IT,제조업,정상운영,2018-05,6,2088,120
S1150,H082,단독설립,교수창업,해당없음,BT,정보통신업,정상운영,2018-06,6,653,18
S1151,H033,지분편입(지분매수),교수창업,연구소기업,IT,전문과학및기술서비스업,정상운영,2020-10,4,824,96
S1152,H059,단독설립,전문경영인(파트너기업겸직파견등),벤처기업,IT,정보통신업,폐업(청산),2021-07,3,0,0
S1153,H033,단독설립,교수창업,이노비즈기업,IT,제조업,정상운영,2023-03,1,744,46
S1154,H002,단독설립,교수창업,연구소기업,BT,정보통신업,정상운영,2018-07,6,1449,128
S1155,H060,지분편입(지분매수),전문경영인(창업자),연구소기업,BT,제조업,정상운영,2018-03,6,1563,-143
S1156,H037,단독설립,학생창업,벤처기업,해당없음,전문과학및기술서비스업,투자회수(일부),2023-03,1,0,0
S1157,H070,단독설립,전문경영인(창업자),연구소기업,BT,전문과학및기술서비스업,정상운영,2016-09,8,0,-143
S1158,H021,지분편입(지분매수),학생창업,해당없음,IT,정보통신업,정상운영,2021-03,3,0,-114
S1159,H010,합작설립,무응답,해당없음,BT,제조업,정상운영,2019-12,5,0,-73
S1160,H057,단독설립,전문경영인(창업자),연구소기업,ET,제조업,정상운영,2019-11,5,1903,30
S1161,H045,단독설립,교수창업,해당없음,IT,제조업,정상운영,2016-03,8,0,-106
S1162,H076,단독설립,전문경영인(창업자),해당없음,해당없음,정보통신업,정상운영,2018-06,6,0,-39
S1163,H039,합작설립,교수창업,연구소기업,IT,전문과학및기술서비스업,정상운영,2020-02,4,0,-148
S1164,H082,지분편입(지분매수),기타,연구소기업,IT,제조업,정상운영,2021-03,3,47,-126
S1165,H055,단독설립,전문경영인(창업자),해당없음,BT,전문과학및기술서비스업,정상운영,2019-01,5,0,-76
S1166,H033,단독설립,교수창업,해당없음,BT,제조업,정상운영,2019-08,5,0,-120
S1167,H059,지분편입(지분매수),전문경영인(창업자),해당없음,IT,정보통신업,정상운영,2020-04,4,26,-89
S1168,H039,단독설립,교수창업,연구소기업,IT,정보통신업,폐업(청산),2018-05,6,0,0
S1169,H026,합작설립,교수창업,연구소기업,CT,정보통신업,정상운영,2019-07,5,1137,37
S1170,H050,지분편입(지분매수),교수창업,연구소기업,IT,전문과학및기술서비스업,정상운영,2020-11,4,209,-7
S1171,H062,합작설립,학생창업,기타,BT,도매및소매업,정상운영,2013-06,11,357,91
S1172,H014,합작설립,전문경영인(창업자),신기술창업전문회사,BT,정보통신업,정상운영,2022-05,2,0,-4
S1173,H031,단독설립,기타,벤처기업,BT,제조업,투자회수(전액),2023-10,1,0,0
S1174,H049,단독설립,기타,신기술창업전문회사,IT,제조업,정상운영,2023-06,1,1982,54
S1175,H074,단독설립,교수창업,해당없음,IT,도매및소매업,정상운영,2018-01,6,0,-60
S1176,H046,단독설립,학생창업,연구소기업,BT,전문과학및기술서비스업,정상운영,2023-01,1,395,-67
S1177,H074,단독설립,학생창업,연구소기업,BT,제조업,정상운영,2017-06,7,740,-46
S1178,H038,합작설립,기타,연구소기업,NT,전문과학및기술서비스업,정상운영,2018-01,6,0,-84
S1179,H038,지분편입(지분매수),교수창업,해당없음,IT,제조업,정상운영,2018-08,6,0,-142
S1180,H003,지분편입(지분매수),학생창업,연구소기업,IT,기타,정상운영,2023-01,1,0,-88
S1181,H051,단독설립,학생창업,해당없음,해당없음,제조업,정상운영,2022-12,2,979,80
S1182,H036,합작설립,교수창업,연구소기업,BT,제조업,정상운영,2020-03,4,0,-141
S1183,H002,합작설립,무응답,해당없음,BT,제조업,정상운영,2010-07,14,34,-47
S1184,H073,지분편입(지분매수),교수창업,벤처기업,BT,제조업,정상운영,2021-01,3,0,-90
S1185,H007,지분편입(지분매수),교수창업,연구소기업,IT,제조업,정상운영,2015-09,9,0,-73
S1186,H078,단독설립,교수창업,해당없음,BT,제조업,정상운영,2020-07,4,0,-61
S1187,H064,합작설립,학생창업,연구소기업,IT,제조업,정상운영,2023-10,1,0,-12
S1188,H037,합작설립,기타,해당없음,해당없음,제조업,정상운영,2017-12,7,272,-138
S1189,H030,지분편입(지분매수),교수창업,해당없음,BT,제조업,정상운영,2021-09,3,0,-130
S1190,H078,지분편입(지분매수),전문경영인(창업자),벤처기업,ET,전문과학및기술서비스업,정상운영,2021-03,3,0,-109
S1191,H046,단독설립,전문경영인(파트너기업겸직파견등),벤처기업,BT,정보통신업,정상운영,2017-03,7,0,-110
S1192,H029,지분편입(지분매수),전문경영인(창업자),해당없음,ET,제조업,정상운영,2011-02,13,213,92
S1193,H082,단독설립,전문경영인(창업자),해당없음,BT,정보통신업,정상운영,2019-01,5,832,38
S1194,H025,단독설립,전문경영인(파트너기업겸직파견등),이노비즈기업,BT,정보통신업,정상운영,2019-06,5,0,-9
S1195,H080,지분편입(지분매수),교수창업,벤처기업,ET,도매및소매업,정상운영,2019-04,5,223,112
S1196,H033,지분편입(지분매수),교수창업,연구소기업,BT,제조업,정상운영,2008-02,16,0,-87
S1197,H018,지분편입(유상증자),학생창업,벤처기업,IT,제조업,정상운영,2023-07,1,86,109
S1198,H081,단독설립,학생창업,해당없음,NT,정보통신업,정상운영,2021-02,3,0,-57
S1199,H013,단독설립,교수창업,연구소기업,IT,제조업,폐업(청산),2018-02,6,0,0
S1200,H081,합작설립,전문경영인(파트너기업겸직파견등),해당없음,해당없음,정보통신업,정상운영,2008-08,16,0,-25
S1201,H083,합작설립,무응답,해당없음,BT,제조업,정상운영,2023-08,1,0,-113
S1202,H006,단독설립,학생창업,해당없음,BT,제조업,폐업(청산),2018-07,6,0,0
S1203,H040,합작설립,교수창업,벤처기업,BT,정보통신업,정상운영,2023-09,1,0,-46
S1204,H057,지분편입(지분매수),교수창업,해당없음,BT,제조업,정상운영,2018-08,6,0,-43
S1205,H005,단독설립,전문경영인(창업자),해당없음,IT,정보통신업,정상운영,2023-03,1,1843,-73
S1206,H075,단독설립,기타,해당없음,BT,제조업,정상운영,2022-10,2,1181,-28
S1207,H047,지분편입(지분매수),전문경영인(파트너기업겸직파견등),벤처기업,IT,제조업,정상운영,2021-11,3,911,-1
S1208,H017,단독설립,학생창업,해당없음,IT,정보통신업,정상운영,2021-01,3,0,-13
S1209,H012,합작설립,전문경영인(창업자),해당없음,IT,정보통신업,정상운영,2013-05,11,1944,-46
S1210,H038,지분편입(지분매수),교수창업,연구소기업,해당없음,전문과학및기술서비스업,정상운영,2023-08,1,0,-20
S1211,H042,지분편입(지분매수),교수창업,벤처기업,BT,정보통신업,정상운영,2019-08,5,0,-33
S1212,H054,지분편입(지분매수),전문경영인(창업자),벤처기업,IT,전문과학및기술서비스업,정상운영,2022-05,2,13,36
S1213,H023,단독설립,교수창업,벤처기업,ET,제조업,정상운영,2012-03,12,0,-144
S1214,H026,단독설립,전문경영인(파트너기업겸직파견등),벤처기업,BT,제조업,정상운영,2022-06,2,0,-39
S1215,H017,단독설립,학생창업,연구소기업,IT,제조업,정상운영,2019-11,5,0,-23
S1216,H070,지분편입(지분매수),기타,해당없음,BT,전문과학및기술서비스업,정상운영,2023-09,1,1537,-138
S1217,H047,지분편입(지분매수),교수창업,연구소기업,NT,전문과학및기술서비스업,정상운영,2022-06,2,0,-125
S1218,H068,지분편입(지분매수),교수창업,벤처기업,해당없음,제조업,정상운영,2020-10,4,0,-70
S1219,H065,합작설립,교수창업,해당없음,BT,제조업,정상운영,2023-11,1,0,-103
S1220,H035,단독설립,교수창업,해당없음,IT,제조업,정상운영,2021-12,3,0,-11
S1221,H022,지분편입(지분매수),교수창업,기타,ET,정보통신업,정상운영,2020-02,4,22,48
S1222,H033,합작설립,전문경영인(창업자),연구소기업,해당없음,정보통신업,정상운영,2016-08,8,0,-62
S1223,H062,지분편입(지분매수),기타,벤처기업,BT,전문과학및기술서비스업,정상운영,2022-08,2,643,141
S1224,H038,단독설립,교수창업,해당없음,IT,제조업,정상운영,2021-12,3,0,-54
S1225,H044,단독설립,교수창업,해당없음,NT,제조업,정상운영,2018-10,6,420,124
S1226,H015,단독설립,전문경영인(파트너기업겸직파견등),연구소기업,BT,정보통신업,정상운영,2020-04,4,1216,103
S1227,H060,지분편입(유상증자),학생창업,기타,ET,정보통신업,정상운영,2019-03,5,1397,-121
S1228,H010,지분편입(지분매수),교수창업,해당없음,IT,제조업,정상운영,2018-04,6,2156,134
S1229,H019,단독설립,전문경영인(창업자),벤처기업,BT,제조업,투자회수(전액),2011-09,13,0,0
S1230,H029,단독설립,교수창업,해당없음,BT,정보통신업,정상운영,2021-03,3,0,-43
S1231,H051,합작설립,교수창업,해당없음,IT,정보통신업,정상운영,2023-03,1,1795,137
S1232,H072,합작설립,무응답,벤처기업,해당없음,제조업,정상운영,2020-04,4,0,-91
S1233,H047,합작설립,학생창업,벤처기업,NT,기타,정상운영,2018-11,6,2254,-21
S1234,H012,단독설립,전문경영인(창업자),해당없음,BT,전문과학및기술서비스업,정상운영,2018-02,6,0,-8
S1235,H051,지분편입(지분매수),기타,연구소기업,해당없음,정보통신업,정상운영,2023-12,1,0,-99
S1236,H002,단독설립,전문경영인(창업자),연구소기업,IT,전문과학및기술서비스업,정상운영,2021-02,3,0,-146
S1237,H034,합작설립,교수창업,벤처기업,ET,전문과학및기술서비스업,정상운영,2018-12,6,1130,83
S1238,H069,지분편입(유상증자),학생창업,연구소기업,BT,전문과학및기술서비스업,휴업,2022-07,2,0,0
S1239,H016,단독설립,전문경영인(창업자),연구소기업,IT,전문과학및기술서비스업,정상운영,2019-05,5,0,-25
S1240,H059,단독설립,교수창업,연구소기업,IT,제조업,정상운영,2023-10,1,0,-48
S1241,H048,단독설립,교수창업,연구소기업,IT,제조업,정상운영,2022-02,2,838,88
S1242,H034,지분편입(지분매수),학생창업,연구소기업,ET,정보통신업,정상운영,2023-04,1,621,111
S1243,H075,지분편입(지분매수),전문경영인(파트너기업겸직파견등),벤처기업,IT,정보통신업,폐업(청산),2023-04,1,0,0
S1244,H049,합작설립,교수창업,연구소기업,BT,교육서비스업,정상운영,2020-05,4,0,-63
S1245,H082,단독설립,교수창업,연구소기업,BT,전문과학및기술서비스업,정상운영,2017-03,7,0,-18
S1246,H048,지분편입(유상증자),교수창업,벤처기업,NT,제조업,투자회수(전액),2020-12,4,0,0
S1247,H014,지분편입(지분매수),교수창업,벤처기업,NT,정보통신업,정상운영,2023-11,1,234,-114
S1248,H030,단독설립,학생창업,신기술창업전문회사,IT,정보통신업,정상운영,2021-05,3,0,-118
S1249,H061,단독설립,학생창업,해당없음,BT,전문과학및기술서비스업,정상운영,2008-06,16,0,-68
S1250,H004,단독설립,교수창업,연구소기업,IT,제조업,정상운영,2016-12,8,857,-60
S1251,H080,단독설립,전문경영인(창업자),벤처기업,CT,정보통신업,정상운영,2021-08,3,0,-109
S1252,H072,합작설립,교수창업,해당없음,BT,제조업,정상운영,2019-11,5,14,92
S1253,H042,단독설립,학생창업,벤처기업,해당없음,정보통신업,정상운영,2021-10,3,159,-91
S1254,H079,지분편입(지분매수),무응답,연구소기업,IT,제조업,정상운영,2021-09,3,1828,-80
S1255,H029,단독설립,기타,연구소기업,IT,정보통신업,정상운영,2018-09,6,0,-10
S1256,H083,단독설립,학생창업,연구소기업,IT,제조업,정상운영,2023-10,1,0,-41
S1257,H009,단독설립,기타,해당없음,NT,제조업,정상운영,2021-05,3,0,-119
S1258,H082,합작설립,기타,연구소기업,BT,전문과학및기술서비스업,정상운영,2018-03,6,0,-143
S1259,H060,단독설립,교수창업,벤처기업,IT,제조업,정상운영,2018-06,6,0,-30
S1260,H039,합작설립,교수창업,연구소기업,IT,전문과학및기술서비스업,정상운영,2008-07,16,0,-108
S1261,H084,합작설립,학생창업,연구소기업,ET,제조업,정상운영,2018-06,6,1879,-4
S1262,H053,지분편입(지분매수),기타,해당없음,IT,전문과학및기술서비스업,정상운영,2023-11,1,0,-90
S1263,H015,단독설립,기타,해당없음,CT,정보통신업,정상운영,2022-03,2,0,-35
S1264,H018,합작설립,교수창업,해당없음,NT,교육서비스업,정상운영,2016-10,8,1899,-39
S1265,H006,단독설립,교수창업,벤처기업,NT,전문과학및기술서비스업,폐업(청산),2021-12,3,0,0
S1266,H005,단독설립,교수창업,기타,IT,전문과학및기술서비스업,정상운영,2009-01,15,0,-70
S1267,H039,지분편입(지분매수),무응답,연구소기업,IT,전문과학및기술서비스업,정상운영,2021-12,3,0,-113
S1268,H064,단독설립,교수창업,해당없음,IT,전문과학및기술서비스업,정상운영,2017-07,7,0,-120
S1269,H015,단독설립,교수창업,연구소기업,IT,정보통신업,정상운영,2015-11,9,0,-24
S1270,H013,단독설립,교수창업,벤처기업,IT,정보통신업,정상운영,2011-01,13,292,-7
S1271,H031,지분편입(지분매수),교수창업,해당없음,IT,전문과학및기술서비스업,폐업(청산),2022-04,2,0,0
S1272,H069,단독설립,전문경영인(창업자),연구소기업,IT,제조업,정상운영,2020-03,4,0,-75
S1273,H018,지분편입(지분매수),기타,해당없음,IT,정보통신업,정상운영,2019-01,5,0,-100
S1274,H050,합작설립,전문경영인(창업자),해당없음,IT,제조업,정상운영,2017-03,7,2253,141
S1275,H059,단독설립,기타,연구소기업,NT,기타,정상운영,2012-11,12,0,-133
S1276,H048,단독설립,전문경영인(파트너기업겸직파견등),연구소기업,IT,기타,정상운영,2022-01,2,0,-60
S1277,H070,단독설립,전문경영인(파트너기업겸직파견등),연구소기업,ET,정보통신업,폐업(청산),2011-04,13,0,0
S1278,H054,단독설립,학생창업,해당없음,IT,전문과학및기술서비스업,정상운영,2017-03,7,0,-12
S1279,H076,지분편입(지분매수),학생창업,해당없음,BT,제조업,투자회수(일부),2017-07,7,0,0
S1280,H020,합작설립,교수창업,해당없음,IT,정보통신업,정상운영,2015-06,9,0,-78
S1281,H054,합작설립,교수창업,연구소기업,BT,제조업,정상운영,2023-01,1,0,-101
S1282,H084,합작설립,교수창업,벤처기업,NT,제조업,정상운영,2018-10,6,0,-88
S1283,H013,합작설립,전문경영인(창업자),연구소기업,IT,전문과학및기술서비스업,정상운영,2023-08,1,1667,93
S1284,H063,지분편입(지분매수),전문경영인(창업자),연구소기업,BT,정보통신업,정상운영,2022-08,2,1424,123
S1285,H079,지분편입(지분매수),전문경영인(창업자),해당없음,BT,정보통신업,정상운영,2019-06,5,0,-77
S1286,H053,단독설립,교수창업,해당없음,BT,전문과학및기술서비스업,정상운영,2021-04,3,672,4
S1287,H036,단독설립,교수창업,신기술창업전문회사,IT,전문과학및기술서비스업,정상운영,2021-11,3,0,-143
S1288,H005,단독설립,교수창업,벤처기업,IT,기타,정상운영,2022-10,2,0,-143
S1289,H048,지분편입(유상증자),기타,해당없음,IT,제조업,정상운영,2016-07,8,1164,116
S1290,H028,지분편입(지분매수),전문경영인(파트너기업겸직파견등),해당없음,IT,정보통신업,정상운영,2021-08,3,134,155
S1291,H057,지분편입(지분매수),전문경영인(창업자),벤처기업,BT,제조업,정상운영,2020-04,4,0,-11
S1292,H057,단독설립,교수창업,벤처기업,NT,정보통신업,정상운영,2019-08,5,0,-104
S1293,H031,지분편입(지분매수),전문경영인(파트너기업겸직파견등),연구소기업,IT,정보통신업,정상운영,2019-10,5,956,143
S1294,H047,단독설립,교수창업,해당없음,BT,정보통신업,정상운영,2016-05,8,1659,-120
S1295,H013,합작설립,교수창업,연구소기업,BT,제조업,정상운영,2019-09,5,563,-118
S1296,H048,지분편입(지분매수),학생창업,해당없음,BT,기타,정상운영,2019-08,5,0,-77
S1297,H070,단독설립,전문경영인(파트너기업겸직파견등),벤처기업,ET,제조업,정상운영,2014-02,10,1733,-85
S1298,H083,지분편입(유상증자),교수창업,해당없음,ET,제조업,정상운영,2020-12,4,0,-45
S1299,H046,단독설립,학생창업,연구소기업,해당없음,정보통신업,정상운영,2020-05,4,494,98
S1300,H008,지분편입(지분매수),전문경영인(창업자),연구소기업,IT,전문과학및기술서비스업,정상운영,2008-11,16,2036,56
S1301,H051,지분편입(유상증자),교수창업,벤처기업,IT,정보통신업,정상운영,2019-09,5,2035,-15
S1302,H036,단독설립,전문경영인(창업자),벤처기업,BT,정보통신업,정상운영,2021-06,3,1211,69
S1303,H025,지분편입(지분매수),전문경영인(창업자),연구소기업,해당없음,제조업,정상운영,2022-06,2,0,-95
S1304,H016,단독설립,교수창업,벤처기업,해당없음,정보통신업,정상운영,2017-03,7,0,-65
S1305,H059,지분편입(유상증자),교수창업,벤처기업,BT,정보통신업,정상운영,2008-05,16,0,-48
S1306,H012,단독설립,교수창업,벤처기업,IT,제조업,폐업(청산),2022-06,2,0,0
S1307,H028,단독설립,전문경영인(창업자),해당없음,IT,제조업,정상운영,2011-08,13,1187,81
S1308,H083,합작설립,무응답,연구소기업,IT,제조업,정상운영,2017-09,7,0,-101
S1309,H082,지분편입(유상증자),기타,벤처기업,IT,전문과학및기술서비스업,정상운영,2023-08,1,0,-98
S1310,H077,단독설립,전문경영인(창업자),해당없음,IT,정보통신업,정상운영,2019-11,5,1862,-134
S1311,H003,지분편입(유상증자),전문경영인(파트너기업겸직파견등),벤처기업,IT,도매및소매업,정상운영,2019-02,5,0,-2
S1312,H007,지분편입(지분매수),전문경영인(창업자),연구소기업,BT,제조업,폐업(청산),2023-11,1,0,0
S1313,H043,지분편입(지분매수),교수창업,연구소기업,BT,정보통신업,정상운영,2022-06,2,1208,-50
S1314,H032,단독설립,전문경영인(창업자),해당없음,IT,전문과학및기술서비스업,정상운영,2020-09,4,1687,-150
S1315,H017,합작설립,교수창업,해당없음,BT,제조업,정상운영,2020-05,4,0,-34
S1316,H073,지분편입(지분매수),교수창업,연구소기업,IT,제조업,정상운영,2021-02,3,1150,-67
S1317,H027,단독설립,학생창업,벤처기업,BT,전문과학및기술서비스업,정상운영,2009-06,15,0,-46
S1318,H009,지분편입(지분매수),전문경영인(창업자),연구소기업,BT,전문과학및기술서비스업,정상운영,2009-07,15,2050,-64
S1319,H071,지분편입(지분매수),교수창업,벤처기업,IT,제조업,정상운영,2023-11,1,428,-120
S1320,H027,지분편입(지분매수),교수창업,벤처기업,IT,제조업,정상운영,2022-01,2,0,-99
S1321,H076,단독설립,전문경영인(창업자),연구소기업,해당없음,제조업,정상운영,2019-09,5,0,-106
S1322,H028,지분편입(지분매수),교수창업,기타,BT,전문과학및기술서비스업,정상운영,2020-03,4,0,-89
S1323,H030,단독설립,교수창업,연구소기업,IT,정보통신업,정상운영,2023-02,1,0,-12
S1324,H043,단독설립,교수창업,벤처기업,IT,제조업,정상운영,2022-04,2,0,-81
S1325,H019,단독설립,교수창업,벤처기업,BT,제조업,정상운영,2021-08,3,215,117
S1326,H077,합작설립,전문경영인(창업자),연구소기업,IT,정보통신업,정상운영,2023-02,1,744,8
S1327,H001,단독설립,교수창업,신기술창업전문회사,IT,제조업,정상운영,2009-02,15,0,-134
S1328,H036,지분편입(지분매수),교수창업,벤처기업,IT,전문과학및기술서비스업,정상운영,2018-09,6,0,-14
S1329,H019,합작설립,교수창업,벤처기업,ET,제조업,정상운영,2015-12,9,0,-48
S1330,H017,합작설립,교수창업,연구소기업,IT,제조업,정상운영,2021-05,3,0,-54
S1331,H070,단독설립,기타,해당없음,IT,전문과학및기술서비스업,정상운영,2023-03,1,1956,-100
S1332,H033,지분편입(지분매수),전문경영인(파트너기업겸직파견등),해당없음,IT,제조업,정상운영,2022-06,2,674,53
S1333,H023,지분편입(유상증자),학생창업,벤처기업,IT,제조업,정상운영,2020-05,4,60,-92
S1334,H015,단독설립,전문경영인(창업자),벤처기업,BT,제조업,정상운영,2017-08,7,0,-125
S1335,H004,지분편입(유상증자),무응답,연구소기업,NT,전문과학및기술서비스업,정상운영,2015-07,9,274,124
S1336,H017,단독설립,기타,연구소기업,IT,전문과학및기술서비스업,정상운영,2018-09,6,0,-125
S1337,H002,지분편입(지분매수),기타,벤처기업,해당없음,제조업,정상운영,2020-02,4,1665,30
S1338,H046,단독설립,기타,해당없음,IT,제조업,정상운영,2023-09,1,0,-17
S1339,H031,지분편입(지분매수),교수창업,해당없음,IT,제조업,정상운영,2022-03,2,1977,-18
S1340,H076,단독설립,전문경영인(창업자),신기술창업전문회사,BT,정보통신업,정상운영,2011-07,13,0,-6
S1341,H042,단독설립,학생창업,해당없음,BT,제조업,투자회수(일부),2018-09,6,0,0
S1342,H003,지분편입(지분매수),학생창업,해당없음,BT,기타,정상운영,2022-04,2,0,-9
S1343,H023,단독설립,교수창업,벤처기업,IT,제조업,정상운영,2018-03,6,50,19
S1344,H034,지분편입(지분매수),전문경영인(창업자),연구소기업,BT,전문과학및기술서비스업,정상운영,2019-11,5,0,-116
S1345,H007,지분편입(지분매수),교수창업,연구소기업,BT,제조업,정상운영,2018-04,6,0,-12
S1346,H017,단독설립,교수창업,벤처기업,BT,정보통신업,정상운영,2010-01,14,0,-86
S1347,H054,합작설립,교수창업,연구소기업,IT,교육서비스업,정상운영,2010-04,14,1443,25
S1348,H068,지분편입(지분매수),전문경영인(창업자),해당없음,BT,전문과학및기술서비스업,폐업(청산),2021-12,3,0,0
S1349,H015,지분편입(유상증자),학생창업,벤처기업,BT,정보통신업,정상운영,2018-12,6,0,-127
S1350,H009,합작설립,학생창업,해당없음,BT,제조업,정상운영,2019-06,5,0,-20
S1351,H061,단독설립,전문경영인(창업자),해당없음,해당없음,정보통신업,정상운영,2021-09,3,2257,-48
S1352,H058,단독설립,학생창업,해당없음,IT,전문과학및기술서비스업,정상운영,2012-10,12,0,-116
S1353,H047,단독설립,전문경영인(파트너기업겸직파견등),벤처기업,BT,제조업,정상운영,2020-03,4,548,2
S1354,H066,단독설립,교수창업,해당없음,NT,정보통신업,정상운영,2009-10,15,1370,54
S1355,H076,지분편입(유상증자),전문경영인(창업자),연구소기업,해당없음,전문과학및기술서비스업,정상운영,2023-09,1,1025,-35
S1356,H014,지분편입(지분매수),기타,해당없음,CT,전문과학및기술서비스업,정상운영,2023-09,1,0,-107
S1357,H058,단독설립,학생창업,연구소기업,BT,정보통신업,정상운영,2018-01,6,1134,29
S1358,H065,단독설립,교수창업,해당없음,BT,정보통신업,정상운영,2020-09,4,2181,-104
S1359,H029,단독설립,기타,해당없음,IT,전문과학및기술서비스업,정상운영,2021-06,3,0,-121
S1360,H079,지분편입(지분매수),학생창업,해당없음,BT,제조업,정상운영,2023-09,1,2007,-109
S1361,H006,단독설립,무응답,연구소기업,IT,제조업,정상운영,2017-04,7,375,-20
S1362,H067,지분편입(지분매수),전문경영인(파트너기업겸직파견등),해당없음,IT,전문과학및기술서비스업,정상운영,2021-12,3,0,-133
S1363,H039,합작설립,학생창업,벤처기업,NT,제조업,정상운영,2020-09,4,1609,-121
S1364,H059,지분편입(지분매수),학생창업,이노비즈기업,BT,정보통신업,정상운영,2012-03,12,0,-102
S1365,H083,지분편입(유상증자),학생창업,해당없음,NT,전문과학및기술서비스업,정상운영,2018-06,6,480,-68
S1366,H004,합작설립,무응답,해당없음,BT,제조업,정상운영,2016-03,8,555,-89
S1367,H008,합작설립,교수창업,연구소기업,IT,기타,정상운영,2022-02,2,0,-71
S1368,H062,단독설립,전문경영인(창업자),벤처기업,ET,정보통신업,정상운영,2022-11,2,0,-32
S1369,H052,단독설립,교수창업,해당없음,NT,정보통신업,정상운영,2023-03,1,0,-35
S1370,H055,합작설립,기타,이노비즈기업,IT,제조업,정상운영,2023-11,1,0,-115
S1371,H014,단독설립,기타,연구소기업,해당없음,정보통신업,정상운영,2022-11,2,0,-53
S1372,H063,단독설립,학생창업,해당없음,IT,정보통신업,정상운영,2017-10,7,0,-112
S1373,H057,단독설립,학생창업,해당없음,BT,제조업,정상운영,2011-04,13,167,-15
S1374,H010,합작설립,교수창업,연구소기업,IT,정보통신업,정상운영,2018-12,6,0,-119
S1375,H011,지분편입(지분매수),전문경영인(창업자),벤처기업,BT,정보통신업,정상운영,2020-03,4,0,-133
S1376,H042,합작설립,전문경영인(창업자),해당없음,BT,정보통신업,정상운영,2021-09,3,521,18
S1377,H078,지분편입(지분매수),교수창업,연구소기업,IT,전문과학및기술서비스업,정상운영,2013-10,11,1694,117
S1378,H019,단독설립,교수창업,연구소기업,BT,전문과학및기술서비스업,정상운영,2017-07,7,970,-148
S1379,H009,지분편입(지분매수),전문경영인(창업자),연구소기업,해당없음,정보통신업,정상운영,2023-04,1,192,-64
S1380,H017,단독설립,전문경영인(창업자),해당없음,ET,전문과학및기술서비스업,정상운영,2016-05,8,0,-113
S1381,H036,지분편입(지분매수),학생창업,연구소기업,ET,전문과학및기술서비스업,폐업(청산),2008-01,16,0,0
S1382,H080,지분편입(지분매수),교수창업,벤처기업,해당없음,전문과학및기술서비스업,정상운영,2018-07,6,0,-144
S1383,H082,단독설립,교수창업,연구소기업,NT,정보통신업,정상운영,2020-05,4,0,-3
S1384,H075,합작설립,교수창업,연구소기업,BT,제조업,정상운영,2023-07,1,1477,-11
S1385,H071,단독설립,기타,해당없음,해당없음,전문과학및기술서비스업,정상운영,2011-09,13,1152,-40
S1386,H042,지분편입(유상증자),교수창업,벤처기업,IT,정보통신업,정상운영,2020-07,4,0,-50
S1387,H049,지분편입(지분매수),학생창업,연구소기업,해당없음,제조업,정상운영,2008-08,16,0,-78
S1388,H077,지분편입(지분매수),기타,연구소기업,해당없음,제조업,정상운영,2019-08,5,0,-56
S1389,H068,단독설립,학생창업,해당없음,해당없음,제조업,폐업(청산),2021-06,3,0,0
S1390,H038,지분편입(지분매수),교수창업,벤처기업,IT,전문과학및기술서비스업,정상운영,2023-03,1,0,-142
S1391,H059,단독설립,전문경영인(창업자),해당없음,해당없음,제조업,정상운영,2019-12,5,1337,-144
S1392,H065,합작설립,교수창업,해당없음,BT,정보통신업,정상운영,2023-05,1,1775,-107
S1393,H078,단독설립,전문경영인(창업자),연구소기업,ET,전문과학및기술서비스업,정상운영,2023-01,1,0,-59
S1394,H056,단독설립,전문경영인(파트너기업겸직파견등),연구소기업,IT,제조업,정상운영,2023-02,1,0,-139
S1395,H013,지분편입(지분매수),교수창업,연구소기업,BT,전문과학및기술서비스업,정상운영,2021-05,3,2171,-124
S1396,H015,지분편입(지분매수),교수창업,벤처기업,BT,전문과학및기술서비스업,휴업,2018-12,6,0,0
S1397,H084,지분편입(지분매수),교수창업,해당없음,ET,정보통신업,정상운영,2023-09,1,2006,-53
S1398,H084,지분편입(지분매수),교수창업,연구소기업,해당없음,제조업,투자회수(전액),2022-11,2,0,0
S1399,H071,합작설립,교수창업,해당없음,ET,정보통신업,정상운영,2022-05,2,1560,-132
S1400,H028,지분편입(지분매수),전문경영인(창업자),벤처기업,IT,전문과학및기술서비스업,정상운영,2020-04,4,0,-13
S1401,H056,단독설립,교수창업,연구소기업,IT,정보통신업,정상운영,2017-12,7,0,-57
S1402,H058,지분편입(지분매수),교수창업,해당없음,해당없음,전문과학및기술서비스업,정상운영,2017-10,7,0,-12
S1403,H030,단독설립,학생창업,해당없음,CT,정보통신업,투자회수(전액),2020-10,4,0,0
S1404,H053,지분편입(지분매수),학생창업,연구소기업,BT,제조업,정상운영,2020-02,4,576,52
S1405,H044,단독설립,기타,해당없음,NT,제조업,정상운영,2021-01,3,0,-20
S1406,H059,단독설립,전문경영인(창업자),해당없음,ET,제조업,정상운영,2021-07,3,0,-18
S1407,H052,단독설립,학생창업,벤처기업,IT,전문과학및기술서비스업,정상운영,2017-03,7,1629,141
S1408,H054,합작설립,전문경영인(파트너기업겸직파견등),연구소기업,BT,도매및소매업,정상운영,2018-03,6,1867,-88
S1409,H013,단독설립,교수창업,연구소기업,CT,정보통신업,정상운영,2014-08,10,0,-40
S1410,H041,단독설립,전문경영인(파트너기업겸직파견등),연구소기업,BT,정보통신업,정상운영,2022-03,2,0,-6
S1411,H055,합작설립,교수창업,벤처기업,BT,기타,정상운영,2020-04,4,0,-44
S1412,H041,단독설립,무응답,해당없음,IT,정보통신업,정상운영,2019-07,5,0,-76
S1413,H033,단독설립,전문경영인(창업자),연구소기업,ET,제조업,정상운영,2023-03,1,0,-92
S1414,H048,지분편입(지분매수),교수창업,연구소기업,IT,제조업,정상운영,2023-11,1,1694,-29
S1415,H020,합작설립,학생창업,벤처기업,BT,도매및소매업,정상운영,2023-07,1,0,-58
S1416,H061,지분편입(지분매수),전문경영인(창업자),벤처기업,해당없음,정보통신업,기타,2015-07,9,0,0
S1417,H009,단독설립,무응답,해당없음,IT,정보통신업,정상운영,2017-10,7,0,-124
S1418,H012,지분편입(지분매수),전문경영인(창업자),벤처기업,BT,도매및소매업,정상운영,2022-04,2,1050,-37
S1419,H011,합작설립,전문경영인(창업자),연구소기업,BT,정보통신업,정상운영,2021-04,3,0,-110
S1420,H012,단독설립,전문경영인(창업자),연구소기업,BT,전문과학및기술서비스업,정상운영,2021-06,3,232,132
S1421,H056,단독설립,교수창업,연구소기업,CT,제조업,정상운영,2008-02,16,0,-32
S1422,H013,지분편입(지분매수),전문경영인(파트너기업겸직파견등),연구소기업,IT,전문과학및기술서비스업,정상운영,2021-04,3,1418,-145
S1423,H048,지분편입(지분매수),전문경영인(창업자),벤처기업,해당없음,정보통신업,정상운영,2023-05,1,0,-114
S1424,H017,지분편입(유상증자),교수창업,연구소기업,BT,정보통신업,정상운영,2017-03,7,0,-31
S1425,H072,단독설립,학생창업,해당없음,ET,제조업,정상운영,2020-07,4,0,-45
S1426,H008,지분편입(지분매수),기타,해당없음,NT,제조업,정상운영,2019-02,5,307,-11
S1427,H076,지분편입(지분매수),전문경영인(창업자),벤처기업,NT,제조업,정상운영,2016-12,8,820,115
S1428,H072,단독설립,전문경영인(파트너기업겸직파견등),연구소기업,ET,정보통신업,정상운영,2017-12,7,634,-53
S1429,H072,지분편입(지분매수),학생창업,벤처기업,IT,제조업,정상운영,2017-10,7,90,-21
S1430,H043,합작설립,교수창업,해당없음,해당없음,제조업,정상운영,2018-11,6,2029,149
S1431,H016,단독설립,기타,연구소기업,IT,정보통신업,정상운영,2023-03,1,0,-115
S1432,H053,지분편입(지분매수),학생창업,벤처기업,IT,제조업,폐업(청산),2019-04,5,0,0
S1433,H046,지분편입(유상증자),학생창업,연구소기업,BT,제조업,정상운영,2020-08,4,0,-149
S1434,H055,단독설립,교수창업,연구소기업,해당없음,제조업,정상운영,2018-03,6,0,-69
S1435,H007,지분편입(지분매수),전문경영인(파트너기업겸직파견등),연구소기업,IT,전문과학및기술서비스업,정상운영,2017-11,7,1170,146
S1436,H037,단독설립,학생창업,연구소기업,BT,제조업,투자회수(전액),2017-05,7,0,0
S1437,H077,단독설립,교수창업,연구소기업,IT,전문과학및기술서비스업,정상운영,2020-06,4,0,-90
S1438,H040,단독설립,교수창업,벤처기업,IT,정보통신업,정상운영,2020-01,4,0,-148
S1439,H046,지분편입(지분매수),학생창업,해당없음,BT,제조업,정상운영,2021-11,3,0,-32
S1440,H014,단독설립,전문경영인(창업자),해당없음,BT,제조업,정상운영,2016-02,8,1325,110
S1441,H074,지분편입(지분매수),전문경영인(창업자),연구소기업,해당없음,전문과학및기술서비스업,정상운영,2023-09,1,0,-71
S1442,H065,지분편입(지분매수),교수창업,연구소기업,ET,기타,정상운영,2023-05,1,0,-67
S1443,H028,지분편입(지분매수),교수창업,연구소기업,BT,제조업,정상운영,2022-09,2,0,-65
S1444,H020,지분편입(지분매수),전문경영인(창업자),연구소기업,BT,도매및소매업,정상운영,2009-02,15,0,-74
S1445,H062,지분편입(지분매수),교수창업,해당없음,BT,정보통신업,투자회수(전액),2018-11,6,0,0
S1446,H029,단독설립,교수창업,연구소기업,BT,제조업,정상운영,2023-10,1,0,-123
S1447,H014,지분편입(지분매수),교수창업,연구소기업,IT,정보통신업,정상운영,2022-08,2,0,-42
S1448,H045,단독설립,교수창업,연구소기업,BT,전문과학및기술서비스업,정상운영,2021-04,3,417,-95
S1449,H072,지분편입(지분매수),교수창업,연구소기업,BT,제조업,정상운영,2021-11,3,0,-50
S1450,H048,단독설립,교수창업,연구소기업,IT,정보통신업,정상운영,2019-08,5,147,130
S1451,H015,단독설립,전문경영인(창업자),해당없음,IT,제조업,정상운영,2019-05,5,0,-139
S1452,H036,단독설립,학생창업,해당없음,BT,제조업,정상운영,2012-02,12,0,-11
S1453,H074,지분편입(지분매수),무응답,해당없음,IT,정보통신업,정상운영,2011-09,13,0,-107
S1454,H029,지분편입(유상증자),무응답,해당없음,BT,전문과학및기술서비스업,정상운영,2023-12,1,1540,88
S1455,H055,단독설립,학생창업,벤처기업,NT,도매및소매업,정상운영,2023-10,1,773,85
S1456,H072,지분편입(유상증자),전문경영인(창업자),해당없음,해당없음,제조업,정상운영,2021-08,3,0,-30
S1457,H080,지분편입(지분매수),전문경영인(창업자),벤처기업,IT,정보통신업,정상운영,2008-03,16,0,-37
S1458,H079,단독설립,전문경영인(창업자),해당없음,ET,정보통신업,정상운영,2009-02,15,798,-126
S1459,H083,지분편입(지분매수),무응답,연구소기업,BT,제조업,정상운영,2019-12,5,1445,-132
S1460,H072,지분편입(유상증자),교수창업,연구소기업,IT,전문과학및기술서비스업,정상운영,2019-06,5,0,-144
S1461,H004,지분편입(지분매수),전문경영인(창업자),해당없음,IT,전문과학및기술서비스업,정상운영,2017-05,7,0,-21
S1462,H078,단독설립,교수창업,연구소기업,IT,전문과학및기술서비스업,투자회수(일부),2008-01,16,0,0
S1463,H035,합작설립,교수창업,연구소기업,BT,제조업,정상운영,2017-07,7,555,2
S1464,H004,단독설립,학생창업,연구소기업,ET,교육서비스업,정상운영,2022-05,2,841,31
S1465,H024,단독설립,교수창업,벤처기업,IT,정보통신업,정상운영,2018-02,6,0,-106
S1466,H035,합작설립,교수창업,연구소기업,BT,제조업,정상운영,2022-11,2,405,151
S1467,H040,단독설립,교수창업,벤처기업,BT,전문과학및기술서비스업,정상운영,2021-08,3,0,-113
S1468,H044,지분편입(지분매수),교수창업,해당없음,BT,전문과학및기술서비스업,정상운영,2020-07,4,0,-90
S1469,H045,단독설립,전문경영인(파트너기업겸직파견등),연구소기업,IT,정보통신업,정상운영,2011-10,13,0,-18
S1470,H001,지분편입(지분매수),전문경영인(창업자),연구소기업,ET,기타,정상운영,2023-03,1,633,-145
S1471,H024,지분편입(유상증자),학생창업,해당없음,BT,전문과학및기술서비스업,정상운영,2008-12,16,0,-119
S1472,H019,단독설립,학생창업,해당없음,ET,도매및소매업,정상운영,2017-12,7,0,-139
S1473,H073,단독설립,학생창업,해당없음,IT,정보통신업,정상운영,2016-08,8,590,13
S1474,H052,단독설립,기타,해당없음,IT,교육서비스업,정상운영,2010-05,14,0,-146
S1475,H009,지분편입(지분매수),전문경영인(파트너기업겸직파견등),연구소기업,BT,정보통신업,정상운영,2014-04,10,649,-13
S1476,H019,지분편입(유상증자),전문경영인(창업자),해당없음,BT,제조업,정상운영,2014-09,10,571,139
S1477,H082,단독설립,교수창업,벤처기업,IT,정보통신업,정상운영,2019-02,5,321,148
S1478,H004,단독설립,교수창업,해당없음,BT,제조업,정상운영,2021-02,3,406,-44
S1479,H012,합작설립,교수창업,해당없음,BT,제조업,정상운영,2023-12,1,2132,-46
S1480,H068,단독설립,교수창업,해당없음,IT,교육서비스업,정상운영,2018-10,6,0,-148
S1481,H028,단독설립,전문경영인(창업자),벤처기업,BT,정보통신업,정상운영,2021-10,3,0,-9
S1482,H049,지분편입(지분매수),전문경영인(창업자),해당없음,IT,전문과학및기술서비스업,정상운영,2022-06,2,0,-148
S1483,H054,합작설립,학생창업,해당없음,IT,정보통신업,정상운영,2018-04,6,1652,3
S1484,H059,지분편입(지분매수),무응답,해당없음,IT,정보통신업,정상운영,2022-11,2,0,-127
S1485,H044,단독설립,교수창업,해당없음,IT,정보통신업,정상운영,2016-08,8,1869,154
S1486,H021,합작설립,교수창업,해당없음,BT,정보통신업,정상운영,2018-12,6,0,-9
S1487,H048,지분편입(지분매수),교수창업,벤처기업,BT,정보통신업,정상운영,2020-07,4,0,-86
S1488,H040,지분편입(지분매수),교수창업,벤처기업,BT,제조업,정상운영,2022-07,2,1979,-93
S1489,H042,지분편입(유상증자),교수창업,신기술창업전문회사,IT,정보통신업,정상운영,2020-01,4,0,-47
S1490,H073,단독설립,학생창업,해당없음,해당없음,정보통신업,정상운영,2022-11,2,553,101
S1491,H077,단독설립,기타,연구소기업,IT,정보통신업,정상운영,2021-02,3,428,20
S1492,H011,지분편입(지분매수),전문경영인(창업자),벤처기업,IT,정보통신업,투자회수(전액),2017-05,7,0,0
S1493,H007,단독설립,기타,벤처기업,BT,정보통신업,정상운영,2021-12,3,0,-48
S1494,H020,단독설립,전문경영인(창업자),연구소기업,ET,정보통신업,정상운영,2021-12,3,0,-85
S1495,H021,합작설립,무응답,연구소기업,IT,도매및소매업,정상운영,2019-05,5,0,-80
S1496,H080,지분편입(지분매수),전문경영인(창업자),해당없음,IT,정보통신업,정상운영,2019-05,5,0,-127
S1497,H007,단독설립,교수창업,연구소기업,ET,제조업,정상운영,2022-11,2,0,-4
S1498,H011,단독설립,교수창업,벤처기업,IT,전문과학및기술서비스업,정상운영,2022-09,2,0,-12
S1499,H035,단독설립,기타,연구소기업,IT,제조업,정상운영,2013-06,11,1506,-56
S1500,H057,합작설립,기타,연구소기업,BT,정보통신업,정상운영,2019-07,5,0,-74
S1501,H055,단독설립,교수창업,벤처기업,ET,제조업,정상운영,2022-11,2,0,-81
S1502,H063,단독설립,교수창업,벤처기업,IT,정보통신업,정상운영,2021-05,3,0,-95
S1503,H078,지분편입(유상증자),전문경영인(창업자),해당없음,NT,제조업,정상운영,2018-06,6,0,-113
S1504,H057,단독설립,학생창업,해당없음,BT,제조업,정상운영,2016-02,8,938,135
S1505,H054,단독설립,교수창업,벤처기업,IT,제조업,정상운영,2022-01,2,1303,151
S1506,H035,지분편입(지분매수),학생창업,벤처기업,BT,정보통신업,정상운영,2019-02,5,0,-11
S1507,H028,단독설립,전문경영인(창업자),연구소기업,BT,정보통신업,정상운영,2018-12,6,833,-3
S1508,H066,단독설립,무응답,해당없음,CT,전문과학및기술서비스업,정상운영,2020-08,4,1101,-140
S1509,H015,지분편입(지분매수),전문경영인(파트너기업겸직파견등),연구소기업,BT,전문과학및기술서비스업,정상운영,2023-04,1,263,-114
S1510,H045,지분편입(유상증자),전문경영인(창업자),벤처기업,BT,제조업,정상운영,2022-10,2,1151,-95
S1511,H056,지분편입(지분매수),기타,연구소기업,IT,정보통신업,투자회수(전액),2018-08,6,0,0
S1512,H015,지분편입(지분매수),학생창업,연구소기업,IT,제조업,정상운영,2016-04,8,422,-83
S1513,H037,지분편입(지분매수),교수창업,연구소기업,BT,제조업,정상운영,2021-10,3,2127,132
S1514,H076,지분편입(지분매수),교수창업,해당없음,IT,정보통신업,정상운영,2017-07,7,1839,-74
S1515,H063,지분편입(지분매수),전문경영인(창업자),해당없음,BT,전문과학및기술서비스업,정상운영,2015-11,9,0,-89
S1516,H068,단독설립,전문경영인(파트너기업겸직파견등),해당없음,BT,제조업,정상운영,2020-05,4,0,-18
S1517,H040,합작설립,기타,해당없음,BT,전문과학및기술서비스업,폐업(청산),2019-02,5,0,0
S1518,H006,단독설립,교수창업,연구소기업,IT,제조업,정상운영,2020-12,4,0,-46
S1519,H029,지분편입(유상증자),기타,벤처기업,ET,전문과학및기술서비스업,정상운영,2022-08,2,176,43
S1520,H051,지분편입(지분매수),교수창업,연구소기업,BT,도매및소매업,폐업(청산),2023-09,1,0,0
S1521,H077,단독설립,교수창업,연구소기업,IT,정보통신업,정상운영,2017-10,7,0,-108
S1522,H008,단독설립,교수창업,벤처기업,BT,기타,정상운영,2020-10,4,0,-45
S1523,H001,지분편입(지분매수),교수창업,벤처기업,해당없음,제조업,정상운영,2020-07,4,1739,36
S1524,H027,지분편입(지분매수),교수창업,해당없음,IT,전문과학및기술서비스업,정상운영,2023-10,1,0,-104
S1525,H039,단독설립,교수창업,연구소기업,IT,정보통신업,정상운영,2016-09,8,0,-111
S1526,H028,단독설립,교수창업,해당없음,IT,전문과학및기술서비스업,정상운영,2014-11,10,0,-44
S1527,H018,단독설립,기타,해당없음,해당없음,전문과학및기술서비스업,투자회수(전액),2018-07,6,0,0
S1528,H033,지분편입(유상증자),교수창업,해당없음,IT,제조업,정상운영,2019-01,5,0,-27
S1529,H038,단독설립,교수창업,벤처기업,IT,제조업,정상운영,2022-10,2,0,-98
S1530,H042,지분편입(지분매수),전문경영인(창업자),벤처기업,해당없음,제조업,정상운영,2019-02,5,0,-69
S1531,H016,지분편입(지분매수),교수창업,신기술창업전문회사,해당없음,제조업,정상운영,2023-10,1,0,-14
S1532,H001,합작설립,교수창업,해당없음,해당없음,정보통신업,정상운영,2023-11,1,0,-52
S1533,H064,지분편입(지분매수),학생창업,해당없음,IT,정보통신업,정상운영,2008-02,16,0,-95
S1534,H056,단독설립,학생창업,벤처기업,BT,전문과학및기술서비스업,정상운영,2019-10,5,1358,63
S1535,H023,단독설립,학생창업,해당없음,IT,정보통신업,정상운영,2021-02,3,0,-4
S1536,H017,합작설립,무응답,해당없음,BT,전문과학및기술서비스업,정상운영,2021-02,3,1155,-17
S1537,H049,합작설립,교수창업,연구소기업,BT,정보통신업,정상운영,2021-04,3,592,11
S1538,H069,지분편입(지분매수),교수창업,벤처기업,BT,정보통신업,정상운영,2021-06,3,0,-100
S1539,H030,단독설립,전문경영인(창업자),해당없음,해당없음,전문과학및기술서비스업,정상운영,2009-10,15,0,-3
S1540,H065,지분편입(유상증자),교수창업,연구소기업,IT,제조업,정상운영,2018-11,6,0,-70
S1541,H072,단독설립,교수창업,해당없음,IT,교육서비스업,정상운영,2023-12,1,0,-97
S1542,H046,지분편입(지분매수),전문경영인(창업자),해당없음,IT,정보통신업,정상운영,2013-10,11,0,-33
S1543,H010,지분편입(지분매수),전문경영인(창업자),연구소기업,BT,제조업,정상운영,2019-07,5,0,-78
S1544,H051,단독설립,교수창업,해당없음,BT,기타,정상운영,2020-07,4,1549,68
S1545,H006,합작설립,전문경영인(창업자),벤처기업,IT,정보통신업,정상운영,2016-12,8,0,-67
S1546,H056,단독설립,기타,해당없음,ET,제조업,정상운영,2019-12,5,0,-2
S1547,H003,단독설립,전문경영인(창업자),해당없음,IT,정보통신업,정상운영,2023-01,1,0,-32
S1548,H059,단독설립,교수창업,벤처기업,BT,제조업,투자회수(전액),2013-06,11,0,0
S1549,H010,단독설립,교수창업,해당없음,IT,전문과학및기술서비스업,정상운영,2016-11,8,2118,-9
S1550,H041,지분편입(지분매수),교수창업,연구소기업,해당없음,전문과학및기술서비스업,정상운영,2019-08,5,0,-20
S1551,H074,단독설립,기타,연구소기업,IT,제조업,투자회수(전액),2019-08,5,0,0
S1552,H055,단독설립,교수창업,연구소기업,해당없음,제조업,정상운영,2019-10,5,0,-118
S1553,H074,지분편입(지분매수),교수창업,벤처기업,CT,제조업,정상운영,2023-09,1,0,-7
S1554,H052,단독설립,교수창업,해당없음,BT,교육서비스업,정상운영,2022-01,2,0,-104
S1555,H082,합작설립,교수창업,연구소기업,IT,정보통신업,정상운영,2019-07,5,0,-105
S1556,H054,단독설립,학생창업,해당없음,IT,제조업,정상운영,2019-11,5,0,-76
S1557,H038,합작설립,무응답,벤처기업,BT,정보통신업,정상운영,2018-12,6,1439,-109
S1558,H015,지분편입(지분매수),교수창업,연구소기업,IT,제조업,정상운영,2023-07,1,0,-53
S1559,H052,단독설립,교수창업,해당없음,IT,전문과학및기술서비스업,정상운영,2019-11,5,1582,149
S1560,H003,합작설립,교수창업,연구소기업,BT,제조업,정상운영,2020-01,4,1339,-95
S1561,H042,단독설립,전문경영인(창업자),해당없음,BT,전문과학및기술서비스업,정상운영,2021-04,3,0,-146
S1562,H022,단독설립,교수창업,연구소기업,IT,정보통신업,정상운영,2009-10,15,0,-122
S1563,H080,단독설립,기타,벤처기업,IT,교육서비스업,정상운영,2021-03,3,897,-82
S1564,H059,합작설립,학생창업,해당없음,해당없음,제조업,정상운영,2018-01,6,0,-87
S1565,H047,단독설립,학생창업,연구소기업,IT,제조업,폐업(청산),2023-11,1,0,0
S1566,H012,합작설립,학생창업,연구소기업,NT,제조업,정상운영,2019-06,5,0,-4
S1567,H056,단독설립,교수창업,해당없음,ET,정보통신업,정상운영,2019-02,5,1738,-98
S1568,H014,단독설립,학생창업,연구소기업,BT,정보통신업,투자회수(전액),2017-05,7,0,0
S1569,H032,지분편입(지분매수),교수창업,연구소기업,해당없음,제조업,정상운영,2022-07,2,1631,98
S1570,H056,단독설립,교수창업,연구소기업,ET,제조업,기타,2022-01,2,0,0
S1571,H076,단독설립,교수창업,해당없음,IT,제조업,정상운영,2022-12,2,0,-42
S1572,H052,지분편입(유상증자),교수창업,벤처기업,IT,정보통신업,정상운영,2020-08,4,0,-37
S1573,H068,지분편입(지분매수),교수창업,해당없음,IT,전문과학및기술서비스업,정상운영,2017-05,7,0,-17
S1574,H011,지분편입(지분매수),기타,연구소기업,CT,제조업,정상운영,2017-06,7,2201,-131
S1575,H051,지분편입(유상증자),교수창업,해당없음,IT,정보통신업,정상운영,2021-11,3,2225,88
S1576,H040,단독설립,교수창업,해당없음,해당없음,제조업,정상운영,2023-06,1,0,-96
S1577,H044,단독설립,전문경영인(파트너기업겸직파견등),벤처기업,BT,정보통신업,정상운영,2023-06,1,0,-53
S1578,H029,합작설립,교수창업,연구소기업,BT,정보통신업,폐업(청산),2017-04,7,0,0
S1579,H043,단독설립,전문경영인(파트너기업겸직파견등),연구소기업,IT,제조업,정상운영,2010-05,14,2202,-36
S1580,H022,지분편입(지분매수),기타,연구소기업,BT,제조업,정상운영,2021-08,3,885,121
S1581,H010,단독설립,교수창업,벤처기업,BT,제조업,정상운영,2016-01,8,0,-29
S1582,H066,지분편입(유상증자),학생창업,연구소기업,해당없음,정보통신업,정상운영,2019-06,5,0,-137
S1583,H082,지분편입(유상증자),전문경영인(파트너기업겸직파견등),해당없음,BT,정보통신업,정상운영,2023-08,1,757,36
S1584,H015,단독설립,학생창업,연구소기업,BT,제조업,정상운영,2021-12,3,0,-93
S1585,H068,지분편입(지분매수),교수창업,해당없음,IT,전문과학및기술서비스업,정상운영,2021-11,3,1615,-97
S1586,H066,단독설립,교수창업,해당없음,BT,전문과학및기술서비스업,정상운영,2019-05,5,0,-92
S1587,H025,지분편입(지분매수),전문경영인(파트너기업겸직파견등),해당없음,IT,전문과학및기술서비스업,정상운영,2021-03,3,1357,-134
S1588,H045,단독설립,기타,연구소기업,IT,정보통신업,정상운영,2023-04,1,1709,-110
S1589,H045,지분편입(유상증자),전문경영인(창업자),해당없음,IT,전문과학및기술서비스업,정상운영,2018-09,6,0,-97
S1590,H083,지분편입(지분매수),학생창업,해당없음,BT,정보통신업,정상운영,2020-09,4,1881,99
S1591,H019,지분편입(지분매수),학생창업,해당없음,IT,전문과학및기술서비스업,정상운영,2017-11,7,0,-77
S1592,H031,단독설립,교수창업,연구소기업,BT,제조업,정상운영,2017-06,7,0,-110
S1593,H014,지분편입(지분매수),기타,연구소기업,IT,제조업,정상운영,2020-12,4,181,-74
S1594,H019,지분편입(지분매수),기타,해당없음,IT,제조업,정상운영,2019-07,5,0,-40
S1595,H033,지분편입(지분매수),교수창업,연구소기업,BT,전문과학및기술서비스업,정상운영,2018-06,6,275,104
S1596,H026,지분편입(지분매수),교수창업,벤처기업,IT,정보통신업,정상운영,2016-03,8,1725,-28
S1597,H023,합작설립,학생창업,벤처기업,BT,전문과학및기술서비스업,폐업(청산),2014-08,10,0,0
S1598,H078,단독설립,기타,벤처기업,ET,제조업,정상운영,2023-02,1,0,-115
S1599,H020,지분편입(지분매수),교수창업,이노비즈기업,해당없음,교육서비스업,정상운영,2019-06,5,660,-98
S1600,H084,단독설립,교수창업,해당없음,IT,정보통신업,정상운영,2020-06,4,0,-74
S1601,H010,지분편입(지분매수),전문경영인(파트너기업겸직파견등),벤처기업,BT,전문과학및기술서비스업,정상운영,2012-10,12,349,-122
S1602,H023,합작설립,학생창업,해당없음,NT,정보통신업,정상운영,2019-09,5,0,-74
S1603,H081,지분편입(지분매수),학생창업,벤처기업,해당없음,정보통신업,정상운영,2015-12,9,2149,62
S1604,H064,단독설립,교수창업,연구소기업,BT,정보통신업,정상운영,2017-04,7,800,127
S1605,H060,단독설립,교수창업,벤처기업,IT,전문과학및기술서비스업,정상운영,2017-06,7,0,-81
S1606,H073,단독설립,학생창업,해당없음,IT,전문과학및기술서비스업,폐업(청산),2015-05,9,0,0
S1607,H075,단독설립,학생창업,해당없음,BT,정보통신업,정상운영,2020-02,4,0,-147
S1608,H058,지분편입(지분매수),학생창업,연구소기업,BT,정보통신업,정상운영,2016-12,8,0,-99
S1609,H073,단독설립,학생창업,해당없음,ET,전문과학및기술서비스업,투자회수(전액),2021-02,3,0,0
S1610,H083,지분편입(유상증자),무응답,연구소기업,IT,제조업,정상운영,2016-11,8,1189,14
S1611,H082,합작설립,교수창업,해당없음,BT,도매및소매업,정상운영,2013-07,11,2219,90
S1612,H080,지분편입(지분매수),학생창업,연구소기업,IT,정보통신업,폐업(청산),2014-06,10,0,0
S1613,H042,지분편입(지분매수),전문경영인(창업자),해당없음,IT,제조업,정상운영,2016-10,8,2218,-78
S1614,H081,단독설립,학생창업,연구소기업,IT,기타,정상운영,2017-08,7,153,-98
S1615,H041,단독설립,전문경영인(창업자),벤처기업,CT,교육서비스업,정상운영,2022-11,2,2217,-131
S1616,H020,지분편입(지분매수),기타,연구소기업,BT,제조업,정상운영,2023-03,1,1236,87
S1617,H057,지분편입(지분매수),무응답,연구소기업,ET,전문과학및기술서비스업,정상운영,2020-07,4,0,-18
S1618,H009,단독설립,교수창업,연구소기업,해당없음,전문과학및기술서비스업,정상운영,2013-04,11,569,-130
S1619,H061,지분편입(지분매수),교수창업,벤처기업,BT,제조업,정상운영,2022-05,2,0,-83
S1620,H057,합작설립,교수창업,해당없음,IT,기타,정상운영,2023-12,1,0,-91
S1621,H081,단독설립,교수창업,해당없음,BT,전문과학및기술서비스업,정상운영,2023-08,1,1669,62
S1622,H039,지분편입(지분매수),교수창업,해당없음,BT,전문과학및기술서비스업,정상운영,2023-06,1,1438,-33
S1623,H036,지분편입(지분매수),전문경영인(파트너기업겸직파견등),해당없음,해당없음,정보통신업,정상운영,2016-06,8,0,-135
S1624,H076,단독설립,전문경영인(창업자),벤처기업,IT,정보통신업,정상운영,2023-08,1,0,-86
S1625,H008,지분편입(지분매수),학생창업,해당없음,IT,제조업,정상운영,2021-06,3,0,-65
S1626,H046,합작설립,학생창업,연구소기업,IT,정보통신업,정상운영,2017-03,7,0,-50
S1627,H065,지분편입(유상증자),교수창업,연구소기업,IT,전문과학및기술서비스업,정상운영,2016-03,8,0,-83
S1628,H010,지분편입(지분매수),교수창업,해당없음,IT,기타,정상운영,2020-06,4,312,-65
S1629,H040,지분편입(지분매수),교수창업,벤처기업,BT,정보통신업,정상운영,2023-01,1,132,-42
S1630,H060,단독설립,전문경영인(창업자),연구소기업,IT,제조업,정상운영,2020-02,4,645,-40
S1631,H058,단독설립,교수창업,해당없음,IT,정보통신업,휴업,2016-04,8,0,0
S1632,H005,지분편입(유상증자),기타,해당없음,ET,도매및소매업,정상운영,2020-10,4,1218,-134
S1633,H008,단독설립,교수창업,해당없음,BT,정보통신업,투자회수(일부),2017-05,7,0,0
S1634,H048,지분편입(지분매수),무응답,벤처기업,BT,전문과학및기술서비스업,정상운영,2022-09,2,733,-39
S1635,H037,단독설립,학생창업,해당없음,NT,기타,투자회수(일부),2023-12,1,0,0
S1636,H010,단독설립,교수창업,해당없음,ET,전문과학및기술서비스업,정상운영,2022-11,2,1060,-119
S1637,H083,합작설립,전문경영인(파트너기업겸직파견등),벤처기업,IT,정보통신업,정상운영,2022-09,2,36,95
S1638,H012,단독설립,교수창업,벤처기업,IT,제조업,정상운영,2020-05,4,1897,92
S1639,H079,단독설립,교수창업,해당없음,IT,정보통신업,정상운영,2021-09,3,0,-61
S1640,H077,단독설립,교수창업,연구소기업,BT,제조업,정상운영,2021-09,3,960,-63
S1641,H065,단독설립,기타,벤처기업,IT,전문과학및기술서비스업,정상운영,2022-03,2,94,44
S1642,H050,단독설립,교수창업,연구소기업,BT,정보통신업,정상운영,2016-07,8,0,-12
S1643,H060,지분편입(지분매수),전문경영인(파트너기업겸직파견등),해당없음,IT,제조업,정상운영,2010-10,14,2173,-92
S1644,H075,지분편입(유상증자),교수창업,해당없음,BT,제조업,정상운영,2023-12,1,0,-90
S1645,H071,단독설립,무응답,벤처기업,BT,제조업,정상운영,2022-02,2,1414,-73
S1646,H006,지분편입(지분매수),전문경영인(파트너기업겸직파견등),해당없음,해당없음,제조업,정상운영,2020-04,4,1410,-49
S1647,H058,지분편입(지분매수),교수창업,해당없음,IT,정보통신업,정상운영,2023-02,1,0,-37
S1648,H074,단독설립,전문경영인(창업자),해당없음,BT,전문과학및기술서비스업,정상운영,2023-02,1,0,-133
S1649,H084,합작설립,전문경영인(창업자),해당없음,해당없음,제조업,정상운영,2014-12,10,0,-61
S1650,H025,단독설립,교수창업,연구소기업,ET,도매및소매업,정상운영,2021-10,3,0,-45
S1651,H042,지분편입(지분매수),전문경영인(파트너기업겸직파견등),해당없음,IT,제조업,정상운영,2018-11,6,719,97
S1652,H078,지분편입(지분매수),학생창업,해당없음,ET,정보통신업,정상운영,2010-07,14,1189,-115
S1653,H061,합작설립,전문경영인(파트너기업겸직파견등),벤처기업,NT,제조업,정상운영,2021-05,3,0,-53
S1654,H065,합작설립,교수창업,연구소기업,IT,전문과학및기술서비스업,정상운영,2018-03,6,0,-117
S1655,H020,단독설립,교수창업,벤처기업,IT,전문과학및기술서비스업,정상운영,2012-12,12,0,-141
S1656,H008,단독설립,교수창업,연구소기업,NT,전문과학및기술서비스업,정상운영,2009-06,15,0,-114
S1657,H058,지분편입(지분매수),전문경영인(창업자),벤처기업,ET,정보통신업,정상운영,2009-09,15,979,87
S1658,H014,합작설립,교수창업,해당없음,ET,정보통신업,정상운영,2019-06,5,2006,10
S1659,H044,지분편입(지분매수),교수창업,신기술창업전문회사,IT,정보통신업,정상운영,2023-07,1,1942,50
S1660,H011,지분편입(유상증자),전문경영인(창업자),신기술창업전문회사,ET,정보통신업,투자회수(전액),2022-03,2,0,0
S1661,H065,합작설립,전문경영인(창업자),벤처기업,IT,정보통신업,정상운영,2023-07,1,737,-8
S1662,H083,지분편입(지분매수),기타,벤처기업,IT,전문과학및기술서비스업,정상운영,2019-02,5,1242,105
S1663,H023,단독설립,교수창업,연구소기업,BT,전문과학및기술서비스업,정상운영,2008-12,16,263,110
S1664,H006,단독설립,학생창업,벤처기업,BT,제조업,정상운영,2021-05,3,559,111
S1665,H032,합작설립,교수창업,해당없음,해당없음,전문과학및기술서비스업,정상운영,2019-10,5,2006,113
S1666,H057,지분편입(지분매수),학생창업,벤처기업,IT,정보통신업,정상운영,2016-10,8,0,-106
S1667,H057,단독설립,학생창업,연구소기업,IT,정보통신업,투자회수(전액),2019-02,5,0,0
S1668,H068,합작설립,교수창업,해당없음,BT,전문과학및기술서비스업,정상운영,2022-06,2,0,-49
S1669,H067,지분편입(지분매수),학생창업,해당없음,해당없음,전문과학및기술서비스업,폐업(청산),2014-04,10,0,0
S1670,H079,지분편입(지분매수),학생창업,연구소기업,해당없음,제조업,정상운영,2018-08,6,0,-86
S1671,H021,지분편입(유상증자),교수창업,해당없음,ET,전문과학및기술서비스업,정상운영,2020-01,4,1704,-77
S1672,H047,합작설립,학생창업,연구소기업,IT,전문과학및기술서비스업,정상운영,2020-04,4,0,-112
S1673,H048,합작설립,교수창업,연구소기업,BT,정보통신업,정상운영,2021-09,3,0,-24
S1674,H037,지분편입(유상증자),학생창업,연구소기업,NT,제조업,정상운영,2016-03,8,72,139
S1675,H050,단독설립,기타,해당없음,ET,정보통신업,정상운영,2019-11,5,900,74
S1676,H053,단독설립,기타,연구소기업,NT,전문과학및기술서비스업,정상운영,2020-05,4,0,-55
S1677,H044,단독설립,무응답,벤처기업,IT,교육서비스업,폐업(청산),2021-01,3,0,0
S1678,H077,합작설립,학생창업,연구소기업,BT,정보통신업,정상운영,2017-08,7,862,-46
S1679,H007,단독설립,교수창업,기타,ET,제조업,정상운영,2023-04,1,1219,-34
S1680,H081,지분편입(지분매수),교수창업,신기술창업전문회사,BT,제조업,정상운영,2018-12,6,1509,-99
S1681,H083,합작설립,교수창업,연구소기업,BT,제조업,정상운영,2021-04,3,1399,101
S1682,H043,지분편입(지분매수),교수창업,연구소기업,IT,정보통신업,정상운영,2016-04,8,0,-45
S1683,H009,단독설립,전문경영인(파트너기업겸직파견등),벤처기업,NT,제조업,정상운영,2022-04,2,0,-105
S1684,H043,지분편입(지분매수),기타,해당없음,ET,제조업,정상운영,2012-08,12,1363,-43
S1685,H013,지분편입(지분매수),학생창업,해당없음,ET,정보통신업,폐업(청산),2019-11,5,0,0
S1686,H072,단독설립,교수창업,해당없음,IT,전문과학및기술서비스업,폐업(청산),2022-04,2,0,0
S1687,H050,합작설립,기타,벤처기업,BT,제조업,정상운영,2012-03,12,0,-143
S1688,H037,지분편입(지분매수),교수창업,벤처기업,IT,제조업,정상운영,2020-01,4,455,41
S1689,H033,합작설립,기타,해당없음,BT,전문과학및기술서비스업,정상운영,2012-05,12,0,-60
S1690,H078,단독설립,기타,연구소기업,BT,도매및소매업,정상운영,2023-04,1,120,-56
S1691,H020,단독설립,전문경영인(파트너기업겸직파견등),벤처기업,IT,도매및소매업,정상운영,2023-01,1,0,-20
S1692,H043,합작설립,전문경영인(창업자),벤처기업,ET,정보통신업,정상운영,2019-10,5,1170,82
S1693,H011,단독설립,교수창업,연구소기업,ET,제조업,정상운영,2023-08,1,0,-11
S1694,H075,단독설립,교수창업,해당없음,IT,제조업,정상운영,2019-08,5,802,-77
S1695,H019,단독설립,학생창업,해당없음,IT,제조업,정상운영,2018-07,6,0,-18
S1696,H045,지분편입(지분매수),교수창업,벤처기업,NT,전문과학및기술서비스업,정상운영,2019-09,5,0,-79
S1697,H040,단독설립,교수창업,연구소기업,IT,제조업,정상운영,2018-09,6,0,-30
S1698,H084,합작설립,교수창업,해당없음,IT,제조업,정상운영,2022-10,2,0,-128
S1699,H051,단독설립,교수창업,해당없음,IT,전문과학및기술서비스업,정상운영,2023-04,1,977,141
S1700,H017,지분편입(지분매수),학생창업,연구소기업,BT,제조업,정상운영,2020-07,4,1950,102
S1701,H077,합작설립,기타,연구소기업,해당없음,제조업,정상운영,2018-03,6,392,-20
S1702,H011,합작설립,교수창업,벤처기업,IT,전문과학및기술서비스업,정상운영,2022-09,2,0,-62
S1703,H040,합작설립,전문경영인(창업자),벤처기업,IT,정보통신업,정상운영,2019-10,5,0,-96
S1704,H072,단독설립,전문경영인(창업자),신기술창업전문회사,BT,정보통신업,정상운영,2020-07,4,162,-11
S1705,H049,단독설립,전문경영인(파트너기업겸직파견등),연구소기업,BT,전문과학및기술서비스업,정상운영,2016-11,8,1487,137
S1706,H083,단독설립,교수창업,해당없음,IT,정보통신업,정상운영,2010-10,14,1127,-105
S1707,H043,지분편입(지분매수),교수창업,연구소기업,ET,전문과학및기술서비스업,정상운영,2019-07,5,99,-97
S1708,H017,지분편입(지분매수),기타,해당없음,NT,제조업,정상운영,2023-12,1,524,61
S1709,H068,단독설립,기타,연구소기업,IT,전문과학및기술서비스업,정상운영,2022-05,2,1414,-25
S1710,H012,합작설립,전문경영인(파트너기업겸직파견등),해당없음,해당없음,제조업,정상운영,2019-12,5,370,133
S1711,H083,단독설립,교수창업,연구소기업,ET,제조업,정상운영,2017-06,7,0,-69
S1712,H055,지분편입(지분매수),학생창업,해당없음,IT,제조업,정상운영,2020-05,4,269,-133
S1713,H066,단독설립,교수창업,기타,IT,제조업,정상운영,2019-07,5,0,-93
S1714,H047,합작설립,교수창업,연구소기업,BT,정보통신업,정상운영,2021-06,3,0,-62
S1715,H003,합작설립,교수창업,기타,해당없음,제조업,정상운영,2023-06,1,1080,128
S1716,H047,단독설립,교수창업,연구소기업,IT,제조업,정상운영,2018-04,6,1607,135
S1717,H040,지분편입(지분매수),교수창업,벤처기업,BT,정보통신업,정상운영,2012-06,12,1681,-16
S1718,H024,합작설립,교수창업,연구소기업,해당없음,제조업,정상운영,2018-09,6,0,-13
S1719,H028,단독설립,전문경영인(창업자),벤처기업,BT,정보통신업,정상운영,2023-06,1,0,-32
S1720,H044,지분편입(지분매수),학생창업,벤처기업,BT,전문과학및기술서비스업,정상운영,2023-02,1,0,-105
S1721,H063,단독설립,교수창업,벤처기업,해당없음,제조업,정상운영,2020-12,4,0,-100
S1722,H025,단독설립,전문경영인(창업자),해당없음,BT,전문과학및기술서비스업,정상운영,2019-03,5,0,-125
S1723,H029,단독설립,기타,해당없음,ET,정보통신업,정상운영,2016-06,8,0,-73
S1724,H018,단독설립,전문경영인(창업자),벤처기업,IT,정보통신업,정상운영,2017-12,7,0,-58
S1725,H020,지분편입(지분매수),전문경영인(창업자),해당없음,IT,전문과학및기술서비스업,정상운영,2017-04,7,0,-23
S1726,H010,합작설립,교수창업,벤처기업,BT,제조업,정상운영,2022-09,2,0,-39
S1727,H038,단독설립,학생창업,해당없음,IT,제조업,정상운영,2021-10,3,2206,-115
S1728,H013,지분편입(지분매수),기타,연구소기업,해당없음,전문과학및기술서비스업,정상운영,2016-03,8,423,76
S1729,H065,단독설립,전문경영인(파트너기업겸직파견등),벤처기업,ET,전문과학및기술서비스업,정상운영,2021-02,3,0,-37
S1730,H070,지분편입(유상증자),교수창업,벤처기업,IT,정보통신업,정상운영,2023-09,1,0,-80
S1731,H068,합작설립,기타,해당없음,IT,전문과학및기술서비스업,정상운영,2018-12,6,2247,-13
S1732,H005,단독설립,전문경영인(창업자),벤처기업,IT,정보통신업,정상운영,2023-08,1,1351,20
S1733,H044,합작설립,기타,해당없음,IT,제조업,정상운영,2019-09,5,1050,-73
S1734,H080,단독설립,학생창업,연구소기업,IT,전문과학및기술서비스업,정상운영,2020-06,4,1257,-123
S1735,H017,단독설립,교수창업,연구소기업,BT,제조업,정상운영,2017-02,7,1536,-96
S1736,H077,지분편입(지분매수),전문경영인(창업자),벤처기업,ET,전문과학및기술서비스업,정상운영,2018-10,6,0,-42
S1737,H049,단독설립,기타,연구소기업,ET,정보통신업,정상운영,2021-04,3,0,-131
S1738,H020,지분편입(지분매수),학생창업,연구소기업,BT,정보통신업,정상운영,2018-12,6,1949,-27
S1739,H021,지분편입(지분매수),교수창업,해당없음,BT,전문과학및기술서비스업,폐업(청산),2018-06,6,0,0
S1740,H024,단독설립,전문경영인(창업자),벤처기업,IT,제조업,정상운영,2013-12,11,730,-30
S1741,H080,합작설립,교수창업,연구소기업,NT,제조업,폐업(청산),2019-12,5,0,0
S1742,H022,단독설립,교수창업,연구소기업,CT,도매및소매업,정상운영,2019-11,5,377,-108
S1743,H057,단독설립,교수창업,이노비즈기업,ET,전문과학및기술서비스업,정상운영,2019-09,5,0,-98
S1744,H006,단독설립,교수창업,벤처기업,IT,제조업,폐업(청산),2021-04,3,0,0
S1745,H053,단독설립,교수창업,연구소기업,BT,전문과학및기술서비스업,정상운영,2021-08,3,319,102
S1746,H047,지분편입(지분매수),전문경영인(창업자),해당없음,BT,제조업,정상운영,2023-05,1,0,-1
S1747,H031,단독설립,전문경영인(창업자),연구소기업,IT,전문과학및기술서비스업,정상운영,2017-10,7,2038,-100
S1748,H057,지분편입(유상증자),전문경영인(창업자),연구소기업,BT,제조업,정상운영,2018-01,6,1660,40
S1749,H079,단독설립,전문경영인(창업자),해당없음,해당없음,제조업,정상운영,2019-08,5,1932,-5
S1750,H037,지분편입(지분매수),교수창업,해당없음,IT,정보통신업,정상운영,2013-10,11,0,-23
S1751,H058,단독설립,학생창업,벤처기업,IT,제조업,정상운영,2017-08,7,0,-79
S1752,H030,지분편입(지분매수),교수창업,벤처기업,IT,정보통신업,정상운영,2018-08,6,0,-63
S1753,H069,단독설립,학생창업,해당없음,IT,제조업,정상운영,2011-10,13,1521,-33
S1754,H031,합작설립,학생창업,연구소기업,IT,제조업,정상운영,2021-07,3,0,-45
S1755,H040,지분편입(유상증자),학생창업,벤처기업,해당없음,정보통신업,정상운영,2019-02,5,689,-103
S1756,H061,단독설립,교수창업,연구소기업,BT,제조업,정상운영,2017-03,7,0,-2
S1757,H025,단독설립,교수창업,해당없음,BT,정보통신업,정상운영,2022-01,2,0,-65
S1758,H048,지분편입(지분매수),전문경영인(창업자),해당없음,IT,제조업,정상운영,2016-09,8,196,96
S1759,H074,합작설립,교수창업,벤처기업,BT,기타,폐업(청산),2018-08,6,0,0
S1760,H057,단독설립,교수창업,벤처기업,NT,전문과학및기술서비스업,정상운영,2022-09,2,1716,-46
S1761,H060,지분편입(지분매수),교수창업,벤처기업,해당없음,제조업,투자회수(일부),2015-11,9,0,0
S1762,H037,단독설립,교수창업,연구소기업,BT,정보통신업,정상운영,2016-01,8,0,-4
S1763,H049,지분편입(지분매수),교수창업,벤처기업,IT,도매및소매업,정상운영,2020-06,4,0,-52
S1764,H065,단독설립,교수창업,벤처기업,BT,전문과학및기술서비스업,정상운영,2022-08,2,0,-81
S1765,H068,단독설립,전문경영인(창업자),벤처기업,해당없음,제조업,정상운영,2021-12,3,266,-131
S1766,H054,단독설립,학생창업,해당없음,IT,제조업,정상운영,2020-03,4,0,-58
S1767,H021,지분편입(지분매수),교수창업,벤처기업,IT,전문과학및기술서비스업,정상운영,2023-02,1,1005,-77
S1768,H026,합작설립,교수창업,연구소기업,해당없음,제조업,정상운영,2023-11,1,0,-112
S1769,H078,단독설립,전문경영인(창업자),연구소기업,BT,제조업,정상운영,2018-06,6,0,-127
S1770,H018,단독설립,전문경영인(창업자),기타,IT,제조업,정상운영,2018-02,6,0,-120
S1771,H033,단독설립,기타,해당없음,BT,제조업,폐업(청산),2016-12,8,0,0
S1772,H007,단독설립,전문경영인(파트너기업겸직파견등),연구소기업,IT,제조업,투자회수(일부),2017-05,7,0,0
S1773,H083,지분편입(지분매수),전문경영인(창업자),벤처기업,IT,정보통신업,정상운영,2009-10,15,1007,155
S1774,H062,합작설립,학생창업,연구소기업,BT,제조업,정상운영,2014-05,10,1449,51
S1775,H048,합작설립,교수창업,벤처기업,IT,제조업,정상운영,2023-12,1,2210,35
S1776,H071,지분편입(지분매수),교수창업,해당없음,ET,제조업,정상운영,2021-01,3,0,-111
S1777,H014,합작설립,전문경영인(창업자),해당없음,해당없음,정보통신업,정상운영,2018-12,6,2256,-143
S1778,H067,단독설립,교수창업,벤처기업,BT,기타,정상운영,2019-10,5,472,-73
S1779,H016,단독설립,교수창업,연구소기업,ET,전문과학및기술서비스업,정상운영,2014-08,10,0,-69
S1780,H037,단독설립,교수창업,해당없음,IT,제조업,정상운영,2018-07,6,0,-59
S1781,H011,합작설립,기타,기타,IT,정보통신업,정상운영,2020-12,4,0,-79
S1782,H021,합작설립,전문경영인(파트너기업겸직파견등),해당없음,NT,정보통신업,정상운영,2011-03,13,0,-32
S1783,H035,지분편입(유상증자),전문경영인(파트너기업겸직파견등),연구소기업,BT,제조업,정상운영,2016-07,8,0,-27
S1784,H058,지분편입(지분매수),교수창업,해당없음,BT,제조업,정상운영,2021-04,3,318,-92
S1785,H066,단독설립,교수창업,벤처기업,IT,제조업,정상운영,2023-11,1,0,-69
S1786,H019,단독설립,기타,해당없음,BT,제조업,정상운영,2018-08,6,0,-47
S1787,H056,지분편입(지분매수),전문경영인(창업자),해당없음,BT,정보통신업,정상운영,2017-05,7,862,-141
S1788,H012,지분편입(지분매수),학생창업,연구소기업,IT,전문과학및기술서비스업,폐업(청산),2011-09,13,0,0
S1789,H029,단독설립,교수창업,벤처기업,BT,제조업,정상운영,2019-12,5,0,-5
S1790,H058,단독설립,교수창업,해당없음,IT,전문과학및기술서비스업,정상운영,2015-11,9,0,-36
S1791,H045,지분편입(유상증자),교수창업,해당없음,해당없음,전문과학및기술서비스업,정상운영,2018-05,6,2075,7
S1792,H004,지분편입(지분매수),교수창업,연구소기업,IT,제조업,정상운영,2023-06,1,0,-135
S1793,H054,단독설립,전문경영인(파트너기업겸직파견등),해당없음,BT,제조업,정상운영,2009-04,15,0,-1
S1794,H007,지분편입(지분매수),교수창업,벤처기업,BT,정보통신업,정상운영,2023-10,1,0,-10
S1795,H051,지분편입(지분매수),학생창업,해당없음,BT,제조업,정상운영,2020-09,4,0,-37
S1796,H065,단독설립,학생창업,해당없음,IT,도매및소매업,정상운영,2018-07,6,0,-147
S1797,H048,지분편입(유상증자),교수창업,연구소기업,BT,전문과학및기술서비스업,정상운영,2016-03,8,1772,43
S1798,H031,합작설립,학생창업,연구소기업,ET,정보통신업,정상운영,2021-09,3,2114,75
S1799,H050,단독설립,학생창업,연구소기업,ET,전문과학및기술서비스업,정상운영,2020-11,4,0,-25
S1800,H011,지분편입(지분매수),무응답,해당없음,해당없음,제조업,정상운영,2021-10,3,1314,-83
S1801,H048,단독설립,교수창업,연구소기업,BT,전문과학및기술서비스업,정상운영,2018-06,6,1374,74
S1802,H029,지분편입(지분매수),전문경영인(창업자),벤처기업,IT,전문과학및기술서비스업,정상운영,2020-01,4,1598,-139
S1803,H004,합작설립,전문경영인(파트너기업겸직파견등),해당없음,IT,전문과학및기술서비스업,정상운영,2016-10,8,0,-76
S1804,H041,단독설립,교수창업,해당없음,BT,전문과학및기술서비스업,정상운영,2021-01,3,0,-6
S1805,H013,지분편입(지분매수),교수창업,연구소기업,IT,정보통신업,정상운영,2019-12,5,1581,28
S1806,H084,합작설립,교수창업,해당없음,ET,정보통신업,정상운영,2016-06,8,0,-7
S1807,H043,지분편입(지분매수),기타,연구소기업,ET,전문과학및기술서비스업,폐업(청산),2021-10,3,0,0
S1808,H019,지분편입(지분매수),전문경영인(파트너기업겸직파견등),연구소기업,ET,전문과학및기술서비스업,정상운영,2020-02,4,1456,72
S1809,H018,단독설립,교수창업,연구소기업,NT,제조업,정상운영,2009-02,15,1607,17
S1810,H005,단독설립,교수창업,연구소기업,ET,교육서비스업,정상운영,2015-10,9,0,-115
S1811,H037,지분편입(지분매수),교수창업,해당없음,BT,제조업,정상운영,2018-02,6,0,-23
S1812,H061,단독설립,교수창업,연구소기업,BT,정보통신업,정상운영,2018-09,6,0,-78
S1813,H018,단독설립,기타,해당없음,BT,전문과학및기술서비스업,정상운영,2023-07,1,0,-46
S1814,H061,단독설립,기타,연구소기업,BT,전문과학및기술서비스업,정상운영,2023-12,1,0,-53
S1815,H058,단독설립,교수창업,연구소기업,ET,도매및소매업,정상운영,2020-03,4,0,-134
S1816,H079,단독설립,전문경영인(창업자),해당없음,해당없음,도매및소매업,정상운영,2019-12,5,0,-75
S1817,H001,지분편입(지분매수),교수창업,벤처기업,BT,정보통신업,정상운영,2023-04,1,0,-50
S1818,H011,단독설립,교수창업,연구소기업,IT,제조업,폐업(청산),2019-04,5,0,0
S1819,H003,합작설립,전문경영인(창업자),해당없음,BT,전문과학및기술서비스업,정상운영,2016-10,8,663,75
S1820,H033,지분편입(지분매수),기타,해당없음,BT,정보통신업,정상운영,2021-03,3,0,-104
S1821,H028,지분편입(지분매수),학생창업,연구소기업,IT,제조업,정상운영,2023-03,1,0,-117
S1822,H020,단독설립,전문경영인(창업자),연구소기업,해당없음,정보통신업,정상운영,2018-01,6,0,-75
S1823,H071,지분편입(지분매수),전문경영인(파트너기업겸직파견등),기타,IT,제조업,정상운영,2022-11,2,1228,-24
S1824,H078,합작설립,전문경영인(창업자),연구소기업,IT,정보통신업,정상운영,2020-08,4,0,-93
S1825,H068,단독설립,교수창업,벤처기업,BT,제조업,정상운영,2021-12,3,0,-38
S1826,H055,합작설립,교수창업,연구소기업,해당없음,정보통신업,정상운영,2009-02,15,1307,-79
S1827,H015,단독설립,전문경영인(파트너기업겸직파견등),벤처기업,IT,제조업,정상운영,2017-06,7,0,-115
S1828,H037,지분편입(지분매수),교수창업,연구소기업,IT,전문과학및기술서비스업,정상운영,2018-02,6,368,-99
S1829,H031,합작설립,교수창업,신기술창업전문회사,BT,제조업,정상운영,2018-02,6,0,-10
S1830,H039,단독설립,학생창업,연구소기업,BT,제조업,정상운영,2019-07,5,276,-3
S1831,H016,지분편입(지분매수),교수창업,벤처기업,IT,제조업,정상운영,2021-10,3,0,-35
S1832,H007,합작설립,전문경영인(창업자),해당없음,BT,정보통신업,정상운영,2019-12,5,860,152
S1833,H031,지분편입(지분매수),전문경영인(창업자),해당없음,IT,전문과학및기술서비스업,정상운영,2018-11,6,0,-43
S1834,H054,단독설립,교수창업,해당없음,BT,정보통신업,정상운영,2023-07,1,0,-2
S1835,H082,단독설립,교수창업,벤처기업,CT,제조업,정상운영,2018-07,6,0,-119
S1836,H080,단독설립,학생창업,연구소기업,IT,전문과학및기술서비스업,정상운영,2023-07,1,0,-34
S1837,H059,지분편입(유상증자),교수창업,연구소기업,해당없음,정보통신업,정상운영,2018-12,6,0,-70
S1838,H009,지분편입(지분매수),교수창업,연구소기업,BT,정보통신업,폐업(청산),2017-08,7,0,0
S1839,H015,합작설립,교수창업,연구소기업,IT,제조업,정상운영,2020-03,4,0,-9
S1840,H064,단독설립,전문경영인(파트너기업겸직파견등),해당없음,IT,정보통신업,정상운영,2023-06,1,252,149
S1841,H077,지분편입(유상증자),전문경영인(파트너기업겸직파견등),해당없음,IT,교육서비스업,정상운영,2019-03,5,0,-124
S1842,H069,지분편입(지분매수),교수창업,연구소기업,IT,정보통신업,정상운영,2023-02,1,653,-26
S1843,H003,단독설립,교수창업,벤처기업,IT,전문과학및기술서비스업,정상운영,2020-05,4,0,-117
S1844,H081,합작설립,학생창업,벤처기업,해당없음,교육서비스업,정상운영,2021-06,3,441,-31
S1845,H066,단독설립,학생창업,벤처기업,BT,제조업,정상운영,2021-03,3,0,-95
S1846,H074,단독설립,학생창업,벤처기업,IT,제조업,정상운영,2023-12,1,0,-98
S1847,H031,단독설립,전문경영인(파트너기업겸직파견등),연구소기업,BT,정보통신업,정상운영,2018-07,6,0,-137
S1848,H019,지분편입(지분매수),교수창업,해당없음,BT,제조업,정상운영,2009-05,15,0,-110
S1849,H038,지분편입(유상증자),학생창업,연구소기업,IT,정보통신업,정상운영,2021-08,3,0,-105
S1850,H055,단독설립,기타,해당없음,BT,정보통신업,정상운영,2019-02,5,0,-126
S1851,H001,합작설립,교수창업,해당없음,ET,제조업,정상운영,2017-03,7,0,-83
S1852,H079,지분편입(유상증자),교수창업,연구소기업,BT,정보통신업,정상운영,2012-05,12,0,-134
S1853,H046,단독설립,교수창업,해당없음,IT,제조업,투자회수(일부),2022-07,2,0,0
S1854,H031,단독설립,전문경영인(파트너기업겸직파견등),해당없음,IT,전문과학및기술서비스업,정상운영,2017-04,7,1457,93
S1855,H074,단독설립,교수창업,벤처기업,CT,제조업,정상운영,2018-04,6,949,-127
S1856,H054,지분편입(지분매수),전문경영인(창업자),연구소기업,BT,정보통신업,폐업(청산),2019-06,5,0,0
S1857,H024,합작설립,교수창업,연구소기업,IT,도매및소매업,정상운영,2022-11,2,898,-16
S1858,H011,단독설립,전문경영인(창업자),연구소기업,BT,전문과학및기술서비스업,정상운영,2022-11,2,1306,-11
S1859,H068,단독설립,교수창업,벤처기업,BT,기타,정상운영,2021-02,3,0,-21
S1860,H047,지분편입(지분매수),무응답,연구소기업,IT,전문과학및기술서비스업,정상운영,2017-06,7,1418,-113
S1861,H009,지분편입(지분매수),교수창업,해당없음,BT,정보통신업,정상운영,2009-08,15,2140,107
S1862,H068,합작설립,전문경영인(창업자),이노비즈기업,IT,전문과학및기술서비스업,정상운영,2020-02,4,0,-18
S1863,H070,단독설립,교수창업,해당없음,BT,정보통신업,정상운영,2018-09,6,0,-114
S1864,H065,지분편입(지분매수),전문경영인(창업자),벤처기업,IT,정보통신업,정상운영,2016-05,8,2240,-22
S1865,H065,단독설립,교수창업,해당없음,IT,정보통신업,정상운영,2021-01,3,1709,-130
S1866,H071,단독설립,전문경영인(창업자),벤처기업,ET,정보통신업,정상운영,2017-10,7,0,-77
S1867,H003,단독설립,전문경영인(창업자),해당없음,IT,정보통신업,정상운영,2023-01,1,0,-24
S1868,H050,지분편입(유상증자),교수창업,벤처기업,IT,제조업,정상운영,2019-09,5,0,-83
S1869,H061,단독설립,교수창업,해당없음,IT,제조업,투자회수(전액),2016-01,8,0,0
S1870,H006,합작설립,교수창업,연구소기업,BT,정보통신업,정상운영,2014-11,10,0,-43
S1871,H082,단독설립,교수창업,해당없음,BT,전문과학및기술서비스업,정상운영,2021-06,3,1726,-21
S1872,H050,단독설립,학생창업,벤처기업,IT,정보통신업,정상운영,2022-02,2,0,-124
S1873,H048,단독설립,기타,신기술창업전문회사,ET,정보통신업,정상운영,2020-03,4,237,-80
S1874,H033,단독설립,기타,벤처기업,IT,전문과학및기술서비스업,정상운영,2021-01,3,0,-145
S1875,H003,지분편입(지분매수),교수창업,벤처기업,IT,정보통신업,정상운영,2018-09,6,0,-135
S1876,H046,합작설립,교수창업,해당없음,ET,도매및소매업,정상운영,2013-01,11,0,-45
S1877,H009,합작설립,교수창업,연구소기업,IT,정보통신업,정상운영,2020-01,4,0,-19
S1878,H045,단독설립,교수창업,기타,IT,정보통신업,투자회수(전액),2021-06,3,0,0
S1879,H031,단독설립,교수창업,해당없음,IT,전문과학및기술서비스업,정상운영,2023-07,1,1760,-145
S1880,H081,합작설립,전문경영인(창업자),해당없음,ET,도매및소매업,정상운영,2023-05,1,2150,29
S1881,H014,단독설립,교수창업,벤처기업,ET,정보통신업,정상운영,2023-01,1,0,-64
S1882,H075,지분편입(지분매수),교수창업,해당없음,해당없음,제조업,정상운영,2023-10,1,1764,93
S1883,H043,지분편입(지분매수),기타,연구소기업,CT,제조업,정상운영,2021-10,3,0,-95
S1884,H018,합작설립,전문경영인(파트너기업겸직파견등),벤처기업,해당없음,제조업,정상운영,2022-06,2,0,-52
S1885,H006,지분편입(지분매수),학생창업,해당없음,BT,제조업,정상운영,2020-02,4,0,-70
S1886,H046,합작설립,전문경영인(창업자),연구소기업,ET,정보통신업,정상운영,2023-03,1,1881,-19
S1887,H070,합작설립,기타,벤처기업,IT,전문과학및기술서비스업,정상운영,2018-04,6,830,-107
S1888,H044,합작설립,교수창업,연구소기업,BT,전문과학및기술서비스업,정상운영,2022-11,2,0,-143
S1889,H083,단독설립,전문경영인(파트너기업겸직파견등),벤처기업,BT,정보통신업,정상운영,2018-10,6,1273,-96
