자회사ID,모회사ID,설립유형,대표이사유형,기업인증현황,분야별현황,업종별현황,운영현황,설립연월,업력,매출액,당기순이익
S0001,H082,단독설립,교수창업,벤처기업,BT,제조업,투자회수(일부),2019-06,5,0백만원,0.0
S0002,H015,단독설립,교수창업,벤처기업,ET,제조업,정상운영,2017-02,7,591백만원,
S0003,H004,단독설립,학생창업,연구소기업, iT ,전문과학및기술서비스업,정상운영,2018-08,6,957백만원,-7.0
S0004,H036,단독설립,교수창업,벤처기업, iT ,전문과학및기술서비스업,정상운영,2019-09,5,"2,070백만원",-82.0
S0005,H032,단독설립,학생창업,벤처기업, iT ,정보통신업,정상운영,2017-11,7,0백만원,-55.0
S0006,H029,합작설립,학생창업,해당없음,IT,제조업,정상운영,2018-07,6,697백만원,137.0
S0007,H018,단독설립,기타,벤처기업,BT,제조업,정상운영,2016-12,8,"1,124백만원",-65.0
S0008,H014,지분편입(지분매수),무응답,벤처기업,BT,정보통신업,정상운영,2017-04,7,"1,504백만원",51.0
S0009,H070,단독설립,전문경영인(창업자),신기술창업전문회사,BT,정보통신업,정상운영,2015-08,9,0백만원,
S0010,H012,단독설립,교수창업,벤처기업,IT,정보통신업,정상운영,2021-11,3,61백만원,-100.0
S0011,H076,합작설립,교수창업,벤처기업,해당없음,교육서비스업,정상운영,2021-07,3,0백만원,-79.0
S0012,H055,지분편입(지분매수),전문경영인(창업자),해당없음,IT,교육서비스업,정상운영,2015-08,9,208백만원,60.0
S0013,H005,단독설립,교수창업,벤처기업,IT,기타,정상운영,2023-12,1,0백만원,-120.0
S0014,H004,합작설립,무응답,연구소기업,BT,제조업,정상운영,2011-04,13,0백만원,-101.0
S0015,H012,지분편입(지분매수),기타,벤처기업,BT,전문과학및기술서비스업,정상운영,2019-02,5,0백만원,-9.0
S0016,H028,합작설립,기타,연구소기업,IT,정보통신업,정상운영,2018-07,6,0백만원,-135.0
S0017,H030,지분편입(지분매수),전문경영인(파트너기업겸직파견등),벤처기업,BT,정보통신업,정상운영,2021-03,3,"1,471백만원",-91.0
S0018,H065,지분편입(지분매수),전문경영인(창업자),벤처기업,IT,교육서비스업,정상운영,2019-06,5,0백만원,-147.0
S0019,H078,지분편입(지분매수),교수창업,연구소기업,BT,제조업,정상운영,2022-03,2,0백만원,-23.0
S0020,H004,합작설립,학생창업,연구소기업,BT,전문과학및기술서비스업,정상운영,2022-07,2,0백만원,-25.0
S0021,H072,단독설립,전문경영인(파트너기업겸직파견등),해당없음,IT,정보통신업,정상운영,2022-06,2,0백만원,-136.0
S0022,H026,단독설립,전문경영인(창업자),연구소기업,IT,전문과학및기술서비스업,정상운영,2019-05,5,0백만원,-131.0
S0023,H084,합작설립,교수창업,해당없음,IT, 제 조 업 ,정상운영,2021-11,3,0백만원,-55.0
S0024,H070,지분편입(지분매수),학생창업,기타,IT,정보통신업,정상운영,2019-12,5,0백만원,-24.0
S0025,H054,단독설립,교수창업,해당없음,해당없음,정보통신업,정상운영,2021-07,3,296백만원,-26.0
S0026,H029,지분편입(지분매수),교수창업,해당없음,ET,정보통신업,정상운영,2023-10,1,0백만원,-105.0
S0027,H058,단독설립,학생창업,해당없음,IT,정보통신업,정상운영,2017-07,7,0백만원,-80.0
S0028,H076,단독설립,교수창업,벤처기업,해당없음,제조업,정상운영,2021-09,3,0백만원,-2.0
S0029,H036,단독설립,전문경영인(창업자),해당없음,BT,교육서비스업,투자회수(전액),2023-02,1,0백만원,0.0
S0030,H001,지분편입(지분매수),기타,해당없음,BT,정보통신업,정상운영,2018-06,6,,-14.0
S0031,H021,합작설립,전문경영인(창업자),연구소기업,IT,정보통신업,정상운영,2016-08,8,333백만원,127.0
S0032,H055,단독설립,교수창업,벤처기업,BT,정보통신업,정상운영,2016-11,8,0백만원,-133.0
S0033,H044,단독설립,교수창업,해당없음,IT,정보통신업,정상운영,2018-12,6,"2,286백만원",-57.0
S0034,H036,단독설립,전문경영인(창업자),벤처기업,ET,도매및소매업,정상운영,2022-10,2,0백만원,
S0035,H020,합작설립,기타,해당없음,해당없음,제조업,정상운영,2021-01,3,0백만원,-91.0
S0036,H028,합작설립,교수창업,연구소기업,해당없음,제조업,폐업(청산),2019-04,5,,
S0037,H044,지분편입(지분매수),전문경영인(창업자),벤처기업,BT,전문과학및기술서비스업,정상운영,2009-10,15,608백만원,
S0038,H014,합작설립,교수창업,해당없음,BT,정보통신업,정상운영,2017-03,7,858백만원,-104.0
S0039,H012,지분편입(지분매수),학생창업,연구소기업,IT,정보통신업,정상운영,2023-04,1,0백만원,-118.0
S0040,H049,지분편입(지분매수),무응답,해당없음,BT,제조업,정상운영,2020-06,4,"1,385백만원",-110.0
S0041,H013,단독설립,교수창업,해당없음,IT,전문과학및기술서비스업,정상운영,2023-06,1,"1,447백만원",51.0
S0042,H046,단독설립,학생창업,벤처기업,IT,정보통신업,정상운영,2022-06,2,"1,858백만원",-122.0
S0043,H045,지분편입(지분매수),교수창업,해당없음,BT,제조업,정상운영,2020-09,4,0백만원,-78.0
S0044,H078,단독설립,기타,벤처기업,ET,제조업,정상운영,2008-01,16,0백만원,-3.0
S0045,H034,지분편입(지분매수),학생창업,해당없음,해당없음,정보통신업,정상운영,2019-10,5,,-53.0
S0046,H006,지분편입(지분매수),기타,해당없음,BT,제조업,정상운영,2019-10,5,0백만원,-146.0
S0047,H059,단독설립,학생창업,벤처기업,BT,정보통신업,정상운영,2019-07,5,0백만원,-5.0
S0048,H069,단독설립,교수창업,연구소기업,BT,정보통신업,정상운영,2017-02,7,"1,777백만원",-108.0
S0049,H016,단독설립,전문경영인(파트너기업겸직파견등),해당없음,BT,제조업,정상운영,2019-11,5,,-138.0
S0050,H049,지분편입(지분매수),교수창업,벤처기업,NT, 제 조 업 ,정상운영,2022-04,2,"2,181백만원",73.0
S0051,H011,단독설립,기타,해당없음,ET,전문과학및기술서비스업,정상운영,2009-03,15,0백만원,
S0052,H071,단독설립,무응답,연구소기업,IT,전문과학및기술서비스업,정상운영,2018-08,6,,-67.0
S0053,H038,지분편입(지분매수),전문경영인(창업자),해당없음,IT,정보통신업,정상운영,2018-04,6,"1,317백만원",-57.0
S0054,H081,지분편입(지분매수),학생창업,해당없음,IT,전문과학및기술서비스업,정상운영,2018-01,6,"1,911백만원",-85.0
S0055,H080,단독설립,교수창업,연구소기업, iT ,전문과학및기술서비스업,투자회수(전액),2021-04,3,0백만원,0.0
S0056,H047,단독설립,교수창업,연구소기업,IT,전문과학및기술서비스업,정상운영,2018-05,6,0백만원,-13.0
S0057,H074,단독설립,전문경영인(파트너기업겸직파견등),연구소기업,IT,제조업,정상운영,2020-07,4,,2.0
S0058,H025,단독설립,전문경영인(파트너기업겸직파견등),해당없음,해당없음,전문과학및기술서비스업,정상운영,2020-02,4,0백만원,-92.0
S0059,H009,단독설립,교수창업,해당없음,IT,제조업,정상운영,2022-06,2,"2,068백만원",-33.0
S0060,H006,지분편입(지분매수),학생창업,해당없음,IT, 제 조 업 ,정상운영,2021-07,3,"1,054백만원",-62.0
S0061,H030,지분편입(유상증자),교수창업,연구소기업,BT,정보통신업,정상운영,2019-11,5,"1,408백만원",103.0
S0062,H038,단독설립,전문경영인(파트너기업겸직파견등),벤처기업,IT,전문과학및기술서비스업,정상운영,2018-03,6,0백만원,-72.0
S0063,H011,단독설립,기타,연구소기업,CT,제조업,정상운영,2023-07,1,"1,126백만원",72.0
S0064,H030,합작설립,전문경영인(창업자),해당없음,IT,제조업,정상운영,2017-03,7,981백만원,-27.0
S0065,H013,단독설립,전문경영인(창업자),벤처기업,BT,전문과학및기술서비스업,정상운영,2021-05,3,0백만원,-41.0
S0066,H049,단독설립,기타,벤처기업,NT,정보통신업,정상운영,2023-05,1,0백만원,-11.0
S0067,H036,합작설립,전문경영인(창업자),벤처기업,BT,교육서비스업,정상운영,2019-07,5,"99,999,999,999원",
S0068,H059,지분편입(지분매수),교수창업,연구소기업,NT,정보통신업,정상운영,2017-11,7,584백만원,-31.0
S0069,H082,단독설립,전문경영인(창업자),해당없음,BT,전문과학및기술서비스업,정상운영,2023-08,1,0백만원,-33.0
S0070,H047,지분편입(유상증자),전문경영인(창업자),연구소기업,BT,정보통신업,정상운영,2017-01,7,,-7.0
S0071,H021,단독설립,전문경영인(창업자),연구소기업,IT,정보통신업,폐업(청산),2020-05,4,,
S0072,H048,지분편입(지분매수),전문경영인(창업자),연구소기업,IT,제조업,투자회수(전액),2018-07,6,0백만원,
S0073,H046,지분편입(유상증자),전문경영인(창업자),해당없음,IT,제조업,정상운영,2019-03,5,"1,758백만원",-120.0
S0074,H027,단독설립,전문경영인(창업자),벤처기업,IT,정보통신업,정상운영,2018-03,6,,59.0
S0075,H035,합작설립,기타,연구소기업,BT,전문과학및기술서비스업,정상운영,2018-07,6,0백만원,-147.0
S0076,H083,지분편입(지분매수),전문경영인(창업자),해당없음,BT,제조업,투자회수(전액),2019-11,5,0백만원,0.0
S0077,H010,합작설립,전문경영인(창업자),해당없음,ET,정보통신업,정상운영,2016-09,8,323백만원,-140.0
S0078,H078,단독설립,교수창업,연구소기업,IT,제조업,정상운영,2023-02,1,"1,723백만원",-104.0
S0079,H082,단독설립,교수창업,연구소기업,ET,정보통신업,투자회수(전액),2018-08,6,0백만원,0.0
S0080,H022,단독설립,교수창업,벤처기업,BT,제조업,정상운영,2021-02,3,"1,079백만원",
S0081,H069,합작설립,교수창업,연구소기업,해당없음,전문과학및기술서비스업,정상운영,2016-06,8,0백만원,-103.0
S0082,H032,지분편입(지분매수),전문경영인(창업자),해당없음,해당없음,도매및소매업,정상운영,2021-11,3,0백만원,-10.0
S0083,H021,단독설립,학생창업,연구소기업,BT,정보통신업,정상운영,2017-12,7,"2,273백만원",-50.0
S0084,H060,합작설립,학생창업,해당없음,IT,제조업,정상운영,2022-02,2,"1,485백만원",-29.0
S0085,H049,지분편입(지분매수),교수창업,연구소기업,IT,전문과학및기술서비스업,정상운영,2010-11,14,,
S0086,H035,단독설립,교수창업,해당없음,BT,전문과학및기술서비스업,정상운영,2018-07,6,0백만원,-49.0
S0087,H082,합작설립,교수창업,해당없음,BT,전문과학및기술서비스업,정상운영,2023-01,1,0백만원,-111.0
S0088,H072,합작설립,전문경영인(파트너기업겸직파견등),벤처기업,BT,정보통신업,정상운영,2015-03,9,0백만원,-138.0
S0089,H029,단독설립,교수창업,벤처기업,BT,전문과학및기술서비스업,정상운영,2022-06,2,0백만원,-11.0
S0090,H042,단독설립,전문경영인(창업자),해당없음,IT,도매및소매업,정상운영,2022-03,2,"1,010백만원",-65.0
S0091,H008,합작설립,전문경영인(창업자),연구소기업,IT,제조업,정상운영,2010-10,14,0백만원,-79.0
S0092,H030,지분편입(지분매수),기타,해당없음,NT,제조업,정상운영,2020-09,4,0백만원,-25.0
S0093,H005,단독설립,교수창업,연구소기업,BT,정보통신업,정상운영,2017-07,7,0백만원,-107.0
S0094,H041,지분편입(지분매수),교수창업,연구소기업,BT,정보통신업,정상운영,2020-11,4,0백만원,-143.0
S0095,H052,지분편입(지분매수),교수창업,연구소기업, iT ,정보통신업,정상운영,2021-08,3,890백만원,132.0
S0096,H035,단독설립,전문경영인(창업자),벤처기업,BT,전문과학및기술서비스업,정상운영,2010-01,14,0백만원,-131.0
S0097,H009,단독설립,학생창업,해당없음, iT ,정보통신업,정상운영,2020-08,4,,
S0098,H028,지분편입(지분매수),전문경영인(파트너기업겸직파견등),해당없음,해당없음,제조업,정상운영,2022-11,2,0백만원,-67.0
S0099,H073,단독설립,교수창업,해당없음,BT,기타,정상운영,2019-11,5,699백만원,116.0
S0100,H041,합작설립,전문경영인(창업자),벤처기업,BT,제조업,정상운영,2019-07,5,0백만원,-57.0
S0101,H028,단독설립,교수창업,해당없음,BT,정보통신업,정상운영,2019-07,5,,-101.0
S0102,H084,단독설립,전문경영인(파트너기업겸직파견등),연구소기업,IT,정보통신업,정상운영,2019-01,5,"1,708백만원",118.0
S0103,H064,단독설립,교수창업,해당없음,해당없음,교육서비스업,정상운영,2017-05,7,"1,671백만원",-128.0
S0104,H051,단독설립,기타,연구소기업,BT, 제 조 업 ,정상운영,2017-07,7,"1,958백만원",-36.0
S0105,H083,단독설립,교수창업,해당없음,해당없음,제조업,정상운영,2019-05,5,0백만원,-112.0
S0106,H059,단독설립,교수창업,해당없음,IT,정보통신업,정상운영,2019-12,5,0백만원,
S0107,H019,합작설립,전문경영인(창업자),해당없음,ET,제조업,폐업(청산),2012-11,12,0백만원,0.0
S0108,H034,단독설립,기타,해당없음,IT,정보통신업,정상운영,2008-02,16,0백만원,-143.0
S0109,H018,지분편입(지분매수),전문경영인(파트너기업겸직파견등),연구소기업,BT,제조업,정상운영,2020-10,4,796백만원,-94.0
S0110,H032,단독설립,교수창업,해당없음,IT,정보통신업,정상운영,2019-08,5,,
S0111,H072,단독설립,전문경영인(창업자),해당없음,IT,정보통신업,정상운영,2023-09,1,"1,591백만원",62.0
S0112,H069,지분편입(지분매수),교수창업,해당없음,BT,정보통신업,정상운영,2018-06,6,,-8.0
S0113,H034,지분편입(유상증자),전문경영인(창업자),연구소기업,BT,제조업,정상운영,2022-08,2,448백만원,1.0
S0114,H075,단독설립,교수창업,벤처기업,BT,제조업,정상운영,2020-12,4,0백만원,-143.0
S0115,H055,지분편입(지분매수),학생창업,벤처기업,ET,정보통신업,정상운영,2018-06,6,"1,810백만원",
S0116,H075,지분편입(지분매수),교수창업,신기술창업전문회사,BT,제조업,정상운영,2009-09,15,0백만원,-52.0
S0117,H052,단독설립,학생창업,연구소기업,IT,전문과학및기술서비스업,정상운영,2016-06,8,0백만원,-60.0
S0118,H047,단독설립,전문경영인(창업자),연구소기업,CT,전문과학및기술서비스업,정상운영,2020-02,4,0백만원,-52.0
S0119,H029,단독설립,교수창업,이노비즈기업,IT,전문과학및기술서비스업,정상운영,2017-03,7,"2,109백만원",-147.0
S0120,H018,지분편입(지분매수),전문경영인(파트너기업겸직파견등),연구소기업, iT ,제조업,정상운영,2010-07,14,0백만원,-131.0
S0121,H066,단독설립,교수창업,벤처기업,ET,전문과학및기술서비스업,정상운영,2019-09,5,194백만원,17.0
S0122,H064,단독설립,기타,해당없음,BT,제조업,정상운영,2016-07,8,0백만원,-22.0
S0123,H012,지분편입(지분매수),교수창업,해당없음,해당없음,정보통신업,정상운영,2023-11,1,"1,149백만원",15.0
S0124,H007,지분편입(지분매수),무응답,벤처기업,BT, 제 조 업 ,정상운영,2020-02,4,"2,144백만원",148.0
S0125,H015,단독설립,교수창업,연구소기업,IT,제조업,정상운영,2019-03,5,0백만원,-48.0
S0126,H020,합작설립,교수창업,해당없음,IT,전문과학및기술서비스업,정상운영,2022-01,2,0백만원,-12.0
S0127,H081,지분편입(지분매수),전문경영인(파트너기업겸직파견등),벤처기업,해당없음,전문과학및기술서비스업,정상운영,2020-06,4,"2,108백만원",81.0
S0128,H021,합작설립,기타,벤처기업,NT,정보통신업,정상운영,2023-12,1,"1,329백만원",-20.0
S0129,H055,합작설립,교수창업,벤처기업,해당없음,전문과학및기술서비스업,정상운영,2023-10,1,0백만원,-32.0
S0130,H077,지분편입(유상증자),전문경영인(창업자),벤처기업,BT,제조업,정상운영,2016-05,8,0백만원,-118.0
S0131,H009,합작설립,교수창업,연구소기업,해당없음,정보통신업,정상운영,2023-04,1,"1,387백만원",128.0
S0132,H050,지분편입(지분매수),교수창업,벤처기업,IT,정보통신업,정상운영,2021-09,3,85백만원,-71.0
S0133,H049,지분편입(지분매수),기타,연구소기업,BT,전문과학및기술서비스업,정상운영,2010-10,14,0백만원,-5.0
S0134,H077,지분편입(유상증자),교수창업,이노비즈기업,BT,제조업,정상운영,2023-12,1,"99,999,999,999원",-141.0
S0135,H060,단독설립,전문경영인(파트너기업겸직파견등),벤처기업, iT ,제조업,정상운영,2017-08,7,,-17.0
S0136,H068,단독설립,무응답,해당없음,해당없음, 제 조 업 ,정상운영,2013-07,11,0백만원,-130.0
S0137,H033,합작설립,무응답,벤처기업,CT,정보통신업,정상운영,2022-01,2,"1,485백만원",69.0
S0138,H071,지분편입(지분매수),교수창업,해당없음,BT,정보통신업,정상운영,2017-08,7,0백만원,-140.0
S0139,H002,지분편입(지분매수),전문경영인(파트너기업겸직파견등),연구소기업,해당없음,전문과학및기술서비스업,정상운영,2018-05,6,860백만원,-61.0
S0140,H015,단독설립,전문경영인(창업자),해당없음,IT,정보통신업,정상운영,2012-01,12,0백만원,-36.0
S0141,H069,단독설립,교수창업,해당없음,IT,정보통신업,정상운영,2016-02,8,0백만원,-78.0
S0142,H035,단독설립,교수창업,연구소기업,ET, 제 조 업 ,정상운영,2023-08,1,0백만원,-115.0
S0143,H083,단독설립,교수창업,연구소기업,BT,정보통신업,정상운영,2022-08,2,0백만원,-92.0
S0144,H044,단독설립,학생창업,벤처기업,IT,제조업,정상운영,2020-06,4,0백만원,
S0145,H015,단독설립,학생창업,해당없음,해당없음,제조업,정상운영,2018-01,6,0백만원,
S0146,H038,단독설립,학생창업,연구소기업,ET,정보통신업,정상운영,2019-10,5,0백만원,-101.0
S0147,H056,합작설립,전문경영인(창업자),해당없음,CT,전문과학및기술서비스업,투자회수(전액),2008-11,16,0백만원,0.0
S0148,H021,지분편입(유상증자),교수창업,벤처기업,IT,정보통신업,정상운영,2017-06,7,"1,970백만원",10.0
S0149,H059,단독설립,학생창업,이노비즈기업,IT,전문과학및기술서비스업,정상운영,2009-05,15,0백만원,-43.0
S0150,H001,지분편입(지분매수),기타,해당없음,IT,정보통신업,정상운영,2023-07,1,"1,517백만원",
S0151,H034,단독설립,학생창업,벤처기업, iT ,제조업,정상운영,2020-06,4,"1,868백만원",
S0152,H065,지분편입(지분매수),교수창업,해당없음,BT,제조업,정상운영,2016-11,8,0백만원,
S0153,H023,지분편입(지분매수),기타,해당없음,IT,정보통신업,정상운영,2023-05,1,0백만원,-78.0
S0154,H065,단독설립,전문경영인(창업자),벤처기업,IT,정보통신업,정상운영,2020-01,4,"1,926백만원",-147.0
S0155,H014,단독설립,전문경영인(창업자),해당없음,IT,정보통신업,정상운영,2023-09,1,,-17.0
S0156,H081,합작설립,전문경영인(창업자),해당없음,IT,정보통신업,정상운영,2009-05,15,0백만원,-128.0
S0157,H039,단독설립,교수창업,해당없음,해당없음,제조업,정상운영,2016-03,8,0백만원,-140.0
S0158,H082,합작설립,교수창업,벤처기업,IT,전문과학및기술서비스업,정상운영,2017-05,7,0백만원,
S0159,H065,지분편입(유상증자),교수창업,연구소기업,IT,제조업,정상운영,2018-06,6,"1,187백만원",143.0
S0160,H078,지분편입(유상증자),학생창업,연구소기업, iT , 제 조 업 ,정상운영,2017-07,7,0백만원,-122.0
S0161,H026,단독설립,전문경영인(파트너기업겸직파견등),해당없음,IT,전문과학및기술서비스업,정상운영,2020-01,4,"1,594백만원",23.0
S0162,H020,단독설립,교수창업,연구소기업,BT,전문과학및기술서비스업,정상운영,2016-08,8,0백만원,-71.0
S0163,H048,단독설립,교수창업,신기술창업전문회사,BT, 제 조 업 ,정상운영,2023-06,1,0백만원,-67.0
S0164,H021,단독설립,교수창업,연구소기업,BT,제조업,정상운영,2020-05,4,0백만원,-128.0
S0165,H070,단독설립,전문경영인(창업자),연구소기업,IT,전문과학및기술서비스업,정상운영,2023-11,1,0백만원,-100.0
S0166,H068,단독설립,기타,연구소기업,BT,전문과학및기술서비스업,정상운영,2010-01,14,0백만원,-128.0
S0167,H001,지분편입(지분매수),교수창업,연구소기업,IT,정보통신업,정상운영,2018-10,6,0백만원,
S0168,H077,지분편입(지분매수),학생창업,해당없음,IT,전문과학및기술서비스업,정상운영,2020-02,4,"99,999,999,999원",137.0
S0169,H042,단독설립,전문경영인(파트너기업겸직파견등),연구소기업,BT,제조업,정상운영,2023-06,1,308백만원,-66.0
S0170,H063,합작설립,학생창업,벤처기업,IT,정보통신업,정상운영,2020-12,4,"1,566백만원",73.0
S0171,H003,단독설립,교수창업,연구소기업, iT ,도매및소매업,정상운영,2020-01,4,0백만원,-108.0
S0172,H015,지분편입(지분매수),전문경영인(창업자),해당없음,IT,제조업,정상운영,2021-09,3,508백만원,89.0
S0173,H047,단독설립,교수창업,해당없음,BT,제조업,정상운영,2021-12,3,0백만원,-111.0
S0174,H040,합작설립,전문경영인(파트너기업겸직파견등),연구소기업, iT ,제조업,정상운영,2019-07,5,0백만원,-46.0
S0175,H031,지분편입(지분매수),학생창업,연구소기업, iT ,정보통신업,정상운영,2022-04,2,0백만원,-51.0
S0176,H008,지분편입(유상증자),학생창업,벤처기업,IT,전문과학및기술서비스업,정상운영,2013-03,11,88백만원,
S0177,H031,합작설립,전문경영인(창업자),연구소기업,ET,정보통신업,정상운영,2021-02,3,0백만원,-36.0
S0178,H073,단독설립,교수창업,연구소기업,BT,정보통신업,정상운영,2018-09,6,"99,999,999,999원",-116.0
S0179,H011,단독설립,학생창업,해당없음,BT,제조업,폐업(청산),2022-02,2,0백만원,0.0
S0180,H011,단독설립,교수창업,연구소기업,BT,정보통신업,정상운영,2022-03,2,,
S0181,H063,단독설립,교수창업,기타,IT,제조업,정상운영,2008-12,16,296백만원,-77.0
S0182,H009,단독설립,기타,벤처기업,BT,정보통신업,정상운영,2022-03,2,0백만원,-144.0
S0183,H069,지분편입(지분매수),교수창업,연구소기업,ET,제조업,정상운영,2021-11,3,0백만원,-95.0
S0184,H017,단독설립,학생창업,연구소기업,IT,제조업,정상운영,2019-08,5,"1,197백만원",145.0
S0185,H017,지분편입(지분매수),학생창업,벤처기업,IT,전문과학및기술서비스업,폐업(청산),2017-07,7,0백만원,
S0186,H061,지분편입(유상증자),교수창업,해당없음,BT,도매및소매업,정상운영,2018-05,6,0백만원,-108.0
S0187,H071,지분편입(유상증자),교수창업,연구소기업,IT,제조업,투자회수(전액),2019-06,5,0백만원,0.0
S0188,H022,단독설립,교수창업,해당없음,해당없음,제조업,정상운영,2020-08,4,0백만원,-58.0
S0189,H034,단독설립,무응답,해당없음, iT ,제조업,정상운영,2019-12,5,,
S0190,H068,단독설립,교수창업,연구소기업,IT, 제 조 업 ,정상운영,2023-10,1,0백만원,-68.0
S0191,H078,단독설립,교수창업,벤처기업,BT,제조업,정상운영,2023-04,1,0백만원,-16.0
S0192,H055,합작설립,학생창업,벤처기업,해당없음,정보통신업,정상운영,2021-12,3,0백만원,-124.0
S0193,H028,지분편입(지분매수),교수창업,벤처기업,BT,전문과학및기술서비스업,정상운영,2020-09,4,"1,073백만원",-148.0
S0194,H070,지분편입(지분매수),전문경영인(창업자),벤처기업,IT,제조업,정상운영,2023-10,1,0백만원,-96.0
S0195,H026,합작설립,교수창업,벤처기업,해당없음, 제 조 업 ,정상운영,2019-08,5,"1,491백만원",6.0
S0196,H040,단독설립,전문경영인(파트너기업겸직파견등),연구소기업,BT,정보통신업,정상운영,2020-01,4,0백만원,-21.0
S0197,H052,단독설립,학생창업,벤처기업,IT,정보통신업,정상운영,2010-02,14,,-147.0
S0198,H084,단독설립,학생창업,해당없음,IT,제조업,정상운영,2023-06,1,0백만원,-23.0
S0199,H048,지분편입(지분매수),교수창업,벤처기업,IT,제조업,정상운영,2020-06,4,"1,084백만원",-21.0
S0200,H057,지분편입(지분매수),기타,해당없음,BT,도매및소매업,정상운영,2017-01,7,0백만원,-87.0
S0201,H067,합작설립,교수창업,해당없음,IT,전문과학및기술서비스업,정상운영,2018-03,6,0백만원,-28.0
S0202,H058,단독설립,학생창업,연구소기업,BT,전문과학및기술서비스업,정상운영,2018-10,6,0백만원,-28.0
S0203,H016,합작설립,전문경영인(창업자),벤처기업,BT,전문과학및기술서비스업,정상운영,2020-12,4,"1,711백만원",-17.0
S0204,H032,합작설립,기타,연구소기업,BT,제조업,정상운영,2008-11,16,"1,196백만원",-84.0
S0205,H029,지분편입(지분매수),교수창업,연구소기업,IT,전문과학및기술서비스업,정상운영,2020-02,4,"1,039백만원",-9.0
S0206,H009,지분편입(지분매수),기타,연구소기업, iT ,정보통신업,정상운영,2022-07,2,0백만원,
S0207,H044,지분편입(유상증자),학생창업,해당없음,해당없음,제조업,정상운영,2020-09,4,780백만원,
S0208,H003,지분편입(지분매수),교수창업,해당없음,IT, 제 조 업 ,정상운영,2022-12,2,0백만원,-32.0
S0209,H076,단독설립,학생창업,해당없음,ET,정보통신업,정상운영,2015-02,9,"1,349백만원",-68.0
S0210,H071,지분편입(지분매수),기타,해당없음,IT,제조업,정상운영,2020-06,4,935백만원,-139.0
S0211,H030,단독설립,학생창업,연구소기업,IT,정보통신업,정상운영,2022-11,2,0백만원,-28.0
S0212,H076,단독설립,학생창업,연구소기업,NT,제조업,폐업(청산),2022-12,2,,
S0213,H029,지분편입(지분매수),교수창업,해당없음,IT,전문과학및기술서비스업,투자회수(전액),2019-05,5,0백만원,0.0
S0214,H001,지분편입(지분매수),전문경영인(파트너기업겸직파견등),해당없음,BT,정보통신업,정상운영,2020-07,4,0백만원,-129.0
S0215,H010,단독설립,무응답,해당없음,BT,정보통신업,정상운영,2015-07,9,0백만원,-134.0
S0216,H081,지분편입(지분매수),교수창업,연구소기업,ET,제조업,정상운영,2016-01,8,"1,170백만원",-117.0
S0217,H008,합작설립,전문경영인(창업자),해당없음,IT,도매및소매업,정상운영,2014-03,10,"1,845백만원",-120.0
S0218,H030,합작설립,전문경영인(창업자),이노비즈기업,BT,정보통신업,정상운영,2023-12,1,0백만원,-65.0
S0219,H009,지분편입(지분매수),학생창업,연구소기업,NT,도매및소매업,정상운영,2019-05,5,745백만원,151.0
S0220,H005,합작설립,전문경영인(창업자),기타,해당없음,전문과학및기술서비스업,정상운영,2021-12,3,0백만원,-65.0
S0221,H043,단독설립,학생창업,해당없음,해당없음,도매및소매업,정상운영,2022-11,2,"1,986백만원",
S0222,H010,지분편입(지분매수),교수창업,해당없음,IT,제조업,정상운영,2018-12,6,"1,218백만원",-48.0
S0223,H066,단독설립,무응답,연구소기업,ET,제조업,정상운영,2019-02,5,0백만원,-47.0
S0224,H031,지분편입(지분매수),전문경영인(파트너기업겸직파견등),연구소기업,해당없음,제조업,정상운영,2021-07,3,29백만원,-82.0
S0225,H036,단독설립,교수창업,벤처기업,IT,제조업,정상운영,2022-02,2,0백만원,-86.0
S0226,H063,단독설립,교수창업,벤처기업,ET,제조업,정상운영,2017-04,7,"1,997백만원",-36.0
S0227,H028,단독설립,기타,벤처기업,IT,제조업,정상운영,2021-10,3,791백만원,-80.0
S0228,H070,지분편입(유상증자),무응답,해당없음,CT,제조업,정상운영,2023-05,1,0백만원,-44.0
S0229,H017,지분편입(지분매수),전문경영인(창업자),해당없음,해당없음,제조업,정상운영,2022-05,2,0백만원,-3.0
S0230,H074,합작설립,전문경영인(창업자),벤처기업,IT, 제 조 업 ,정상운영,2013-10,11,,-69.0
S0231,H074,합작설립,전문경영인(파트너기업겸직파견등),해당없음,BT,제조업,정상운영,2021-09,3,247백만원,156.0
S0232,H061,합작설립,학생창업,연구소기업,BT,교육서비스업,정상운영,2022-09,2,0백만원,-130.0
S0233,H032,지분편입(지분매수),기타,연구소기업,BT,제조업,정상운영,2021-04,3,"1,140백만원",-10.0
S0234,H061,단독설립,교수창업,연구소기업,BT, 제 조 업 ,정상운영,2017-12,7,"2,263백만원",119.0
S0235,H053,단독설립,교수창업,연구소기업,BT,기타,정상운영,2021-01,3,0백만원,-90.0
S0236,H025,지분편입(지분매수),교수창업,벤처기업,IT,정보통신업,투자회수(전액),2019-06,5,0백만원,0.0
S0237,H013,단독설립,교수창업,벤처기업,BT,정보통신업,정상운영,2021-10,3,0백만원,-139.0
S0238,H013,단독설립,교수창업,연구소기업,IT,제조업,정상운영,2023-08,1,0백만원,-39.0
S0239,H056,합작설립,교수창업,연구소기업,BT,제조업,정상운영,2019-04,5,0백만원,
S0240,H046,합작설립,학생창업,해당없음,해당없음,정보통신업,정상운영,2018-07,6,0백만원,-7.0
S0241,H055,합작설립,학생창업,벤처기업,ET,기타,정상운영,2017-05,7,"1,529백만원",-92.0
S0242,H053,단독설립,학생창업,해당없음,IT,제조업,정상운영,2023-12,1,"1,269백만원",106.0
S0243,H060,단독설립,기타,벤처기업,IT,전문과학및기술서비스업,휴업,2020-12,4,0백만원,0.0
S0244,H007,단독설립,전문경영인(창업자),해당없음,해당없음,전문과학및기술서비스업,정상운영,2023-03,1,714백만원,9.0
S0245,H084,지분편입(지분매수),교수창업,연구소기업,해당없음,전문과학및기술서비스업,정상운영,2020-05,4,0백만원,-8.0
S0246,H083,합작설립,학생창업,벤처기업,ET,정보통신업,정상운영,2018-09,6,0백만원,-78.0
S0247,H013,단독설립,전문경영인(창업자),연구소기업, iT ,도매및소매업,정상운영,2022-11,2,"1,784백만원",73.0
S0248,H008,단독설립,기타,연구소기업,IT,제조업,정상운영,2021-01,3,,-10.0
S0249,H052,단독설립,전문경영인(창업자),해당없음,NT,제조업,투자회수(전액),2022-10,2,0백만원,
S0250,H044,단독설립,기타,연구소기업,IT,정보통신업,정상운영,2018-07,6,"1,453백만원",-57.0
S0251,H014,지분편입(지분매수),무응답,해당없음,IT,제조업,정상운영,2021-03,3,0백만원,
S0252,H032,지분편입(지분매수),학생창업,연구소기업, iT ,제조업,정상운영,2012-11,12,,-78.0
S0253,H025,단독설립,학생창업,연구소기업,IT,전문과학및기술서비스업,정상운영,2017-05,7,,-105.0
S0254,H025,단독설립,교수창업,해당없음,BT,정보통신업,정상운영,2017-05,7,,-2.0
S0255,H069,지분편입(지분매수),전문경영인(파트너기업겸직파견등),해당없음,BT,정보통신업,폐업(청산),2023-01,1,,0.0
S0256,H058,단독설립,교수창업,해당없음,IT,전문과학및기술서비스업,정상운영,2014-07,10,0백만원,-142.0
S0257,H018,지분편입(지분매수),전문경영인(창업자),해당없음,BT,정보통신업,폐업(청산),2019-04,5,0백만원,0.0
S0258,H055,지분편입(지분매수),학생창업,연구소기업,BT,정보통신업,정상운영,2020-01,4,"1,825백만원",83.0
S0259,H024,합작설립,전문경영인(창업자),연구소기업,BT,정보통신업,정상운영,2008-07,16,0백만원,-115.0
S0260,H036,지분편입(유상증자),교수창업,해당없음,NT,전문과학및기술서비스업,정상운영,2010-11,14,,-98.0
S0261,H060,지분편입(유상증자),교수창업,해당없음,IT,정보통신업,정상운영,2021-03,3,0백만원,-78.0
S0262,H032,단독설립,교수창업,연구소기업,ET,제조업,폐업(청산),2023-05,1,0백만원,0.0
S0263,H010,합작설립,학생창업,연구소기업,NT,전문과학및기술서비스업,정상운영,2021-05,3,,-27.0
S0264,H057,지분편입(지분매수),학생창업,해당없음,BT,제조업,정상운영,2019-08,5,0백만원,-99.0
S0265,H071,단독설립,기타,연구소기업, iT ,정보통신업,정상운영,2019-10,5,"1,661백만원",-66.0
S0266,H013,합작설립,학생창업,연구소기업,ET,전문과학및기술서비스업,정상운영,2008-11,16,0백만원,-126.0
S0267,H007,지분편입(지분매수),교수창업,벤처기업,해당없음,정보통신업,정상운영,2019-06,5,0백만원,-54.0
S0268,H084,단독설립,전문경영인(파트너기업겸직파견등),벤처기업,ET,제조업,정상운영,2022-02,2,0백만원,-56.0
S0269,H070,합작설립,학생창업,해당없음,IT,제조업,정상운영,2021-04,3,224백만원,65.0
S0270,H002,합작설립,전문경영인(창업자),벤처기업,BT,제조업,정상운영,2018-04,6,"1,274백만원",72.0
S0271,H012,단독설립,교수창업,해당없음,IT,전문과학및기술서비스업,정상운영,2017-01,7,0백만원,
S0272,H031,지분편입(유상증자),교수창업,연구소기업,IT,제조업,정상운영,2022-12,2,"2,258백만원",-149.0
S0273,H022,단독설립,전문경영인(파트너기업겸직파견등),연구소기업,IT,정보통신업,정상운영,2021-06,3,"2,183백만원",-99.0
S0274,H053,단독설립,교수창업,연구소기업,BT,정보통신업,정상운영,2016-04,8,0백만원,-145.0
S0275,H063,단독설립,기타,해당없음,ET,제조업,정상운영,2023-02,1,0백만원,
S0276,H062,단독설립,교수창업,신기술창업전문회사,BT,정보통신업,정상운영,2018-10,6,0백만원,-12.0
S0277,H028,지분편입(지분매수),기타,해당없음,해당없음,전문과학및기술서비스업,정상운영,2021-05,3,0백만원,-41.0
S0278,H052,합작설립,기타,벤처기업,BT,전문과학및기술서비스업,정상운영,2017-12,7,0백만원,-130.0
S0279,H008,지분편입(유상증자),전문경영인(창업자),해당없음,IT,제조업,정상운영,2023-12,1,"1,605백만원",13.0
S0280,H022,지분편입(지분매수),전문경영인(창업자),연구소기업,IT, 제 조 업 ,정상운영,2019-10,5,405백만원,-111.0
S0281,H049,단독설립,학생창업,연구소기업,BT,전문과학및기술서비스업,정상운영,2017-08,7,"1,604백만원",-34.0
S0282,H001,합작설립,전문경영인(창업자),연구소기업, iT ,전문과학및기술서비스업,정상운영,2023-10,1,0백만원,
S0283,H050,단독설립,전문경영인(파트너기업겸직파견등),해당없음,해당없음,전문과학및기술서비스업,정상운영,2012-07,12,,75.0
S0284,H034,지분편입(지분매수),기타,해당없음,IT,교육서비스업,투자회수(전액),2023-11,1,0백만원,0.0
S0285,H059,지분편입(지분매수),전문경영인(창업자),연구소기업,BT,전문과학및기술서비스업,정상운영,2017-10,7,246백만원,-145.0
S0286,H037,지분편입(지분매수),전문경영인(파트너기업겸직파견등),해당없음,NT,전문과학및기술서비스업,정상운영,2023-06,1,0백만원,-55.0
S0287,H055,단독설립,학생창업,해당없음,BT,전문과학및기술서비스업,정상운영,2022-09,2,"1,850백만원",75.0
S0288,H072,지분편입(지분매수),교수창업,연구소기업,BT,정보통신업,정상운영,2018-07,6,"1,515백만원",
S0289,H063,단독설립,전문경영인(창업자),연구소기업,IT,제조업,정상운영,2023-08,1,"1,631백만원",-60.0
S0290,H020,지분편입(지분매수),전문경영인(파트너기업겸직파견등),해당없음,BT,정보통신업,정상운영,2015-09,9,0백만원,-33.0
S0291,H025,지분편입(지분매수),기타,연구소기업, iT ,전문과학및기술서비스업,정상운영,2023-01,1,,7.0
S0292,H038,단독설립,기타,해당없음,BT,전문과학및기술서비스업,정상운영,2021-06,3,"1,284백만원",-61.0
S0293,H028,지분편입(지분매수),전문경영인(파트너기업겸직파견등),해당없음,BT,제조업,정상운영,2019-06,5,"1,459백만원",6.0
S0294,H008,지분편입(지분매수),기타,해당없음, iT ,제조업,정상운영,2015-06,9,,-76.0
S0295,H075,지분편입(지분매수),학생창업,해당없음,해당없음,제조업,정상운영,2021-06,3,0백만원,-60.0
S0296,H070,합작설립,교수창업,해당없음,해당없음,제조업,정상운영,2022-08,2,"1,853백만원",-83.0
S0297,H008,지분편입(지분매수),교수창업,연구소기업,IT,제조업,정상운영,2022-03,2,881백만원,
S0298,H041,단독설립,학생창업,벤처기업,IT,전문과학및기술서비스업,정상운영,2022-08,2,"1,591백만원",-5.0
S0299,H008,단독설립,학생창업,벤처기업,IT,정보통신업,정상운영,2011-12,13,,
S0300,H007,단독설립,전문경영인(파트너기업겸직파견등),연구소기업,BT,제조업,정상운영,2019-08,5,0백만원,-66.0
S0301,H075,합작설립,기타,연구소기업,CT,도매및소매업,정상운영,2020-04,4,61백만원,-16.0
S0302,H062,단독설립,교수창업,벤처기업,해당없음,제조업,정상운영,2023-09,1,0백만원,-118.0
S0303,H065,단독설립,기타,해당없음,ET, 제 조 업 ,정상운영,2021-12,3,0백만원,-46.0
S0304,H068,합작설립,교수창업,해당없음,IT,전문과학및기술서비스업,정상운영,2010-03,14,,-72.0
S0305,H021,단독설립,기타,해당없음,IT,제조업,투자회수(전액),2018-11,6,0백만원,0.0
S0306,H008,지분편입(지분매수),학생창업,연구소기업,IT,전문과학및기술서비스업,정상운영,2018-07,6,0백만원,-64.0
S0307,H066,합작설립,전문경영인(창업자),이노비즈기업,NT,제조업,정상운영,2023-05,1,"1,871백만원",155.0
S0308,H011,단독설립,교수창업,연구소기업,BT,제조업,폐업(청산),2017-07,7,,0.0
S0309,H024,지분편입(유상증자),전문경영인(파트너기업겸직파견등),해당없음,IT,교육서비스업,정상운영,2018-01,6,0백만원,
S0310,H009,단독설립,교수창업,벤처기업,BT,정보통신업,투자회수(전액),2019-11,5,0백만원,0.0
S0311,H077,단독설립,전문경영인(창업자),벤처기업,NT,정보통신업,정상운영,2016-10,8,"2,202백만원",25.0
S0312,H009,지분편입(지분매수),교수창업,연구소기업, iT ,제조업,정상운영,2020-02,4,487백만원,-145.0
S0313,H031,단독설립,기타,해당없음,BT,제조업,정상운영,2020-11,4,0백만원,-64.0
S0314,H052,지분편입(지분매수),학생창업,해당없음,해당없음, 제 조 업 ,정상운영,2012-08,12,0백만원,-13.0
S0315,H016,단독설립,교수창업,이노비즈기업,IT,제조업,정상운영,2019-09,5,0백만원,
S0316,H073,지분편입(지분매수),교수창업,연구소기업,해당없음,제조업,정상운영,2023-06,1,0백만원,-78.0
S0317,H032,단독설립,무응답,해당없음,IT, 제 조 업 ,정상운영,2018-02,6,0백만원,-6.0
S0318,H075,단독설립,무응답,벤처기업,해당없음,정보통신업,정상운영,2023-04,1,0백만원,-84.0
S0319,H077,지분편입(지분매수),전문경영인(창업자),연구소기업,IT, 제 조 업 ,정상운영,2023-12,1,0백만원,-10.0
S0320,H006,지분편입(지분매수),학생창업,해당없음,NT, 제 조 업 ,정상운영,2020-09,4,0백만원,-141.0
S0321,H080,단독설립,교수창업,연구소기업,해당없음,정보통신업,정상운영,2017-06,7,0백만원,-58.0
S0322,H011,단독설립,기타,벤처기업, iT ,제조업,정상운영,2017-05,7,,-131.0
S0323,H054,단독설립,교수창업,해당없음,BT,정보통신업,정상운영,2023-05,1,514백만원,-120.0
S0324,H075,지분편입(지분매수),교수창업,연구소기업,BT,제조업,투자회수(일부),2017-06,7,0백만원,0.0
S0325,H073,지분편입(지분매수),교수창업,연구소기업,BT,전문과학및기술서비스업,정상운영,2022-08,2,84백만원,128.0
S0326,H067,지분편입(유상증자),전문경영인(파트너기업겸직파견등),연구소기업,해당없음,정보통신업,정상운영,2010-11,14,"1,426백만원",131.0
S0327,H041,단독설립,전문경영인(창업자),해당없음,IT,제조업,투자회수(전액),2008-08,16,0백만원,0.0
S0328,H034,지분편입(지분매수),기타,벤처기업,IT,전문과학및기술서비스업,정상운영,2021-01,3,0백만원,
S0329,H027,단독설립,전문경영인(창업자),연구소기업,BT,정보통신업,정상운영,2019-03,5,814백만원,-117.0
S0330,H041,단독설립,기타,연구소기업,BT,제조업,정상운영,2019-10,5,0백만원,-25.0
S0331,H031,지분편입(지분매수),전문경영인(창업자),연구소기업,BT,제조업,폐업(청산),2021-10,3,0백만원,0.0
S0332,H034,단독설립,전문경영인(창업자),해당없음,IT,제조업,정상운영,2018-03,6,0백만원,-88.0
S0333,H051,지분편입(지분매수),교수창업,해당없음,ET,제조업,정상운영,2009-10,15,0백만원,-86.0
S0334,H017,합작설립,전문경영인(파트너기업겸직파견등),연구소기업,BT,제조업,정상운영,2021-06,3,0백만원,-101.0
S0335,H083,단독설립,교수창업,연구소기업,BT,제조업,정상운영,2022-10,2,0백만원,-40.0
S0336,H039,지분편입(유상증자),교수창업,해당없음,ET,제조업,폐업(청산),2023-07,1,0백만원,0.0
S0337,H059,지분편입(유상증자),전문경영인(창업자),해당없음,BT,도매및소매업,정상운영,2016-07,8,858백만원,103.0
S0338,H041,합작설립,교수창업,해당없음,BT,제조업,정상운영,2011-01,13,0백만원,-73.0
S0339,H010,지분편입(지분매수),기타,이노비즈기업,BT,제조업,정상운영,2019-05,5,923백만원,-55.0
S0340,H002,지분편입(유상증자),학생창업,벤처기업,해당없음,정보통신업,정상운영,2018-09,6,0백만원,-119.0
S0341,H059,합작설립,전문경영인(파트너기업겸직파견등),연구소기업,IT,정보통신업,정상운영,2021-12,3,0백만원,-64.0
S0342,H080,단독설립,기타,해당없음,BT,도매및소매업,정상운영,2023-08,1,0백만원,-19.0
S0343,H073,지분편입(유상증자),학생창업,벤처기업,BT,도매및소매업,정상운영,2016-04,8,0백만원,-140.0
S0344,H013,단독설립,전문경영인(창업자),해당없음,IT,전문과학및기술서비스업,정상운영,2017-07,7,"1,400백만원",-146.0
S0345,H010,합작설립,전문경영인(파트너기업겸직파견등),해당없음,IT,전문과학및기술서비스업,정상운영,2021-09,3,0백만원,-86.0
S0346,H069,지분편입(유상증자),전문경영인(창업자),해당없음,ET,정보통신업,정상운영,2018-03,6,0백만원,
S0347,H028,단독설립,교수창업,해당없음,IT,전문과학및기술서비스업,정상운영,2020-07,4,0백만원,-48.0
S0348,H065,합작설립,전문경영인(창업자),해당없음,BT,도매및소매업,정상운영,2018-10,6,0백만원,-98.0
S0349,H034,지분편입(지분매수),교수창업,해당없음,해당없음,정보통신업,정상운영,2017-02,7,0백만원,-41.0
S0350,H017,단독설립,교수창업,연구소기업,BT,제조업,투자회수(일부),2023-02,1,0백만원,0.0
S0351,H045,단독설립,학생창업,해당없음,BT,제조업,정상운영,2023-07,1,,-133.0
S0352,H009,단독설립,학생창업,벤처기업,IT,정보통신업,정상운영,2020-04,4,0백만원,
S0353,H032,단독설립,무응답,해당없음,IT,도매및소매업,정상운영,2023-04,1,0백만원,-15.0
S0354,H048,단독설립,교수창업,연구소기업,BT,정보통신업,정상운영,2018-02,6,268백만원,-93.0
S0355,H037,단독설립,교수창업,벤처기업,NT,정보통신업,정상운영,2016-10,8,,-88.0
S0356,H021,단독설립,전문경영인(창업자),연구소기업,IT,기타,정상운영,2020-05,4,0백만원,-114.0
S0357,H057,합작설립,교수창업,연구소기업,BT,정보통신업,정상운영,2020-03,4,889백만원,-130.0
S0358,H070,지분편입(유상증자),교수창업,해당없음,BT,정보통신업,정상운영,2018-03,6,0백만원,-102.0
S0359,H039,합작설립,교수창업,벤처기업,BT,정보통신업,정상운영,2017-12,7,0백만원,-129.0
S0360,H079,단독설립,교수창업,해당없음,CT, 제 조 업 ,정상운영,2020-07,4,0백만원,-53.0
S0361,H084,단독설립,교수창업,해당없음,BT, 제 조 업 ,정상운영,2018-09,6,0백만원,-119.0
S0362,H068,단독설립,학생창업,이노비즈기업,BT,정보통신업,투자회수(전액),2023-07,1,0백만원,0.0
S0363,H002,단독설립,교수창업,해당없음,BT,전문과학및기술서비스업,정상운영,2021-06,3,0백만원,-69.0
S0364,H071,지분편입(지분매수),학생창업,연구소기업,ET,전문과학및기술서비스업,정상운영,2019-04,5,0백만원,-64.0
S0365,H039,지분편입(지분매수),학생창업,해당없음,해당없음,정보통신업,정상운영,2022-07,2,"1,370백만원",105.0
S0366,H014,단독설립,학생창업,해당없음,해당없음,전문과학및기술서비스업,정상운영,2019-10,5,0백만원,-104.0
S0367,H018,합작설립,학생창업,연구소기업,IT,정보통신업,정상운영,2017-05,7,,-28.0
S0368,H034,지분편입(유상증자),기타,연구소기업,ET,제조업,휴업,2023-06,1,,0.0
S0369,H015,단독설립,학생창업,연구소기업,ET,도매및소매업,정상운영,2018-06,6,"2,266백만원",-82.0
S0370,H014,단독설립,학생창업,해당없음,BT,정보통신업,정상운영,2018-11,6,"1,592백만원",-70.0
S0371,H071,합작설립,전문경영인(창업자),신기술창업전문회사,ET,교육서비스업,정상운영,2013-02,11,396백만원,-19.0
S0372,H020,단독설립,전문경영인(창업자),벤처기업,BT,교육서비스업,투자회수(전액),2018-11,6,0백만원,
S0373,H035,합작설립,교수창업,해당없음,BT,정보통신업,정상운영,2020-11,4,0백만원,
S0374,H037,합작설립,교수창업,해당없음,NT,정보통신업,정상운영,2020-11,4,"2,048백만원",-144.0
S0375,H078,단독설립,전문경영인(파트너기업겸직파견등),해당없음,NT,제조업,정상운영,2022-11,2,0백만원,-78.0
S0376,H027,합작설립,교수창업,연구소기업,CT,정보통신업,정상운영,2017-06,7,0백만원,-5.0
S0377,H044,단독설립,교수창업,벤처기업,BT,전문과학및기술서비스업,정상운영,2019-09,5,"2,218백만원",117.0
S0378,H027,단독설립,전문경영인(창업자),벤처기업, iT ,전문과학및기술서비스업,정상운영,2019-09,5,273백만원,-14.0
S0379,H082,단독설립,학생창업,해당없음,IT,전문과학및기술서비스업,정상운영,2023-09,1,,-121.0
S0380,H034,지분편입(지분매수),기타,해당없음,BT,제조업,정상운영,2023-07,1,0백만원,-135.0
S0381,H065,단독설립,기타,벤처기업,BT,전문과학및기술서비스업,정상운영,2023-04,1,0백만원,-22.0
S0382,H063,지분편입(지분매수),교수창업,연구소기업,IT,전문과학및기술서비스업,정상운영,2019-07,5,0백만원,-140.0
S0383,H033,지분편입(지분매수),교수창업,연구소기업,NT,정보통신업,투자회수(전액),2021-08,3,0백만원,0.0
S0384,H007,단독설립,기타,연구소기업,IT,제조업,정상운영,2019-08,5,,-136.0
S0385,H012,지분편입(지분매수),학생창업,기타,해당없음,제조업,정상운영,2021-05,3,"2,063백만원",-107.0
S0386,H082,합작설립,교수창업,해당없음,해당없음,정보통신업,정상운영,2021-08,3,943백만원,-129.0
S0387,H055,단독설립,전문경영인(창업자),연구소기업,BT,정보통신업,투자회수(일부),2017-03,7,0백만원,0.0
S0388,H036,지분편입(지분매수),전문경영인(창업자),벤처기업,NT, 제 조 업 ,정상운영,2021-03,3,0백만원,-59.0
S0389,H006,합작설립,기타,벤처기업,IT,기타,정상운영,2010-07,14,"1,283백만원",
S0390,H001,단독설립,교수창업,연구소기업,IT,전문과학및기술서비스업,정상운영,2021-05,3,"1,722백만원",-126.0
S0391,H043,지분편입(지분매수),학생창업,벤처기업,ET,전문과학및기술서비스업,정상운영,2019-01,5,0백만원,-82.0
S0392,H017,합작설립,전문경영인(창업자),연구소기업,IT,정보통신업,정상운영,2018-09,6,"2,054백만원",83.0
S0393,H082,단독설립,전문경영인(창업자),연구소기업,IT,기타,정상운영,2023-06,1,,-43.0
S0394,H034,단독설립,교수창업,해당없음,NT,제조업,정상운영,2019-08,5,0백만원,-119.0
S0395,H021,지분편입(지분매수),교수창업,해당없음,해당없음, 제 조 업 ,정상운영,2022-11,2,0백만원,-92.0
S0396,H057,단독설립,교수창업,벤처기업,해당없음,정보통신업,정상운영,2018-03,6,0백만원,
S0397,H071,단독설립,기타,연구소기업,NT,제조업,정상운영,2019-11,5,"99,999,999,999원",-52.0
S0398,H055,단독설립,학생창업,연구소기업,BT,제조업,정상운영,2022-02,2,0백만원,-16.0
S0399,H072,지분편입(유상증자),전문경영인(파트너기업겸직파견등),해당없음,BT,제조업,정상운영,2011-07,13,0백만원,-98.0
S0400,H002,단독설립,학생창업,연구소기업,BT, 제 조 업 ,정상운영,2018-10,6,,-88.0
S0401,H015,단독설립,교수창업,벤처기업,해당없음,정보통신업,정상운영,2022-11,2,0백만원,-127.0
S0402,H010,지분편입(지분매수),교수창업,벤처기업,IT,전문과학및기술서비스업,정상운영,2023-07,1,"1,336백만원",
S0403,H020,합작설립,학생창업,벤처기업,BT,전문과학및기술서비스업,정상운영,2016-07,8,,-33.0
S0404,H070,지분편입(지분매수),교수창업,해당없음,IT,제조업,정상운영,2019-07,5,285백만원,-69.0
S0405,H005,단독설립,전문경영인(파트너기업겸직파견등),벤처기업,ET,정보통신업,정상운영,2022-04,2,0백만원,-19.0
S0406,H048,지분편입(지분매수),교수창업,연구소기업,BT,제조업,정상운영,2022-11,2,"2,173백만원",109.0
S0407,H075,단독설립,교수창업,해당없음,IT,제조업,정상운영,2017-01,7,"2,216백만원",-101.0
S0408,H071,단독설립,교수창업,벤처기업,BT,정보통신업,정상운영,2023-10,1,,-65.0
S0409,H019,지분편입(지분매수),전문경영인(파트너기업겸직파견등),해당없음,IT,제조업,정상운영,2016-04,8,,
S0410,H056,지분편입(유상증자),교수창업,벤처기업,IT,정보통신업,투자회수(일부),2008-03,16,0백만원,
S0411,H017,합작설립,교수창업,해당없음,해당없음, 제 조 업 ,정상운영,2021-10,3,0백만원,-66.0
S0412,H006,지분편입(지분매수),교수창업,해당없음,IT,정보통신업,정상운영,2018-10,6,0백만원,-108.0
S0413,H040,지분편입(유상증자),교수창업,해당없음,ET,제조업,정상운영,2013-09,11,0백만원,-60.0
S0414,H047,단독설립,기타,벤처기업,IT,제조업,정상운영,2017-02,7,0백만원,-9.0
S0415,H006,지분편입(지분매수),전문경영인(창업자),해당없음,IT,제조업,정상운영,2009-10,15,0백만원,-42.0
S0416,H046,지분편입(지분매수),교수창업,연구소기업,BT,제조업,정상운영,2011-10,13,"1,846백만원",109.0
S0417,H027,합작설립,교수창업,연구소기업,BT,정보통신업,정상운영,2018-12,6,0백만원,-44.0
S0418,H032,단독설립,전문경영인(파트너기업겸직파견등),벤처기업,해당없음,제조업,정상운영,2018-07,6,0백만원,-15.0
S0419,H014,단독설립,교수창업,해당없음,NT,전문과학및기술서비스업,정상운영,2023-01,1,0백만원,-11.0
S0420,H046,합작설립,무응답,연구소기업,IT,제조업,정상운영,2023-06,1,0백만원,-138.0
S0421,H072,단독설립,전문경영인(파트너기업겸직파견등),연구소기업,BT,제조업,정상운영,2022-10,2,0백만원,-109.0
S0422,H053,단독설립,교수창업,연구소기업,BT,기타,휴업,2020-04,4,0백만원,0.0
S0423,H080,단독설립,전문경영인(창업자),해당없음,BT,정보통신업,정상운영,2022-03,2,,-146.0
S0424,H020,단독설립,학생창업,벤처기업,BT,교육서비스업,투자회수(전액),2016-10,8,0백만원,0.0
S0425,H031,지분편입(유상증자),학생창업,벤처기업,해당없음,제조업,정상운영,2020-11,4,"2,278백만원",-131.0
S0426,H021,지분편입(지분매수),교수창업,벤처기업,BT,전문과학및기술서비스업,정상운영,2019-08,5,0백만원,
S0427,H023,합작설립,교수창업,해당없음,해당없음,정보통신업,정상운영,2019-11,5,,-123.0
S0428,H053,단독설립,교수창업,연구소기업,해당없음,정보통신업,폐업(청산),2021-02,3,0백만원,0.0
S0429,H004,지분편입(지분매수),교수창업,해당없음,IT,제조업,정상운영,2017-06,7,0백만원,-128.0
S0430,H023,합작설립,학생창업,해당없음,IT, 제 조 업 ,정상운영,2018-01,6,0백만원,-132.0
S0431,H043,지분편입(지분매수),교수창업,연구소기업,BT, 제 조 업 ,정상운영,2019-12,5,0백만원,-87.0
S0432,H053,단독설립,교수창업,연구소기업,BT, 제 조 업 ,정상운영,2023-10,1,"1,334백만원",-34.0
S0433,H032,합작설립,교수창업,연구소기업,BT,제조업,정상운영,2017-11,7,0백만원,-60.0
S0434,H035,합작설립,전문경영인(창업자),이노비즈기업,BT,정보통신업,정상운영,2023-07,1,0백만원,-45.0
S0435,H021,지분편입(지분매수),학생창업,연구소기업,ET,제조업,정상운영,2020-09,4,0백만원,-109.0
S0436,H014,지분편입(지분매수),기타,해당없음, iT ,제조업,정상운영,2021-09,3,258백만원,-144.0
S0437,H049,지분편입(지분매수),무응답,해당없음,BT,정보통신업,정상운영,2021-04,3,616백만원,-67.0
S0438,H005,지분편입(지분매수),교수창업,해당없음,IT,정보통신업,정상운영,2021-03,3,0백만원,-9.0
S0439,H061,지분편입(지분매수),기타,신기술창업전문회사,BT,제조업,정상운영,2018-08,6,16백만원,
S0440,H029,합작설립,전문경영인(파트너기업겸직파견등),벤처기업,BT,정보통신업,폐업(청산),2019-06,5,0백만원,0.0
S0441,H026,지분편입(지분매수),학생창업,벤처기업,CT,제조업,정상운영,2017-12,7,0백만원,-42.0
S0442,H059,지분편입(지분매수),기타,연구소기업,NT,정보통신업,정상운영,2021-04,3,0백만원,-139.0
S0443,H045,단독설립,교수창업,벤처기업,IT,제조업,정상운영,2017-03,7,578백만원,-56.0
S0444,H040,합작설립,교수창업,벤처기업,IT,전문과학및기술서비스업,정상운영,2019-08,5,0백만원,-95.0
S0445,H030,합작설립,기타,벤처기업,BT,제조업,투자회수(전액),2011-12,13,0백만원,0.0
S0446,H029,단독설립,교수창업,해당없음,해당없음,제조업,정상운영,2023-04,1,0백만원,-2.0
S0447,H004,합작설립,교수창업,연구소기업,BT,도매및소매업,정상운영,2023-06,1,0백만원,-121.0
S0448,H025,합작설립,교수창업,연구소기업,IT,제조업,정상운영,2023-03,1,199백만원,-78.0
S0449,H052,단독설립,교수창업,벤처기업,BT,정보통신업,정상운영,2019-05,5,"1,270백만원",-131.0
S0450,H043,단독설립,학생창업,벤처기업,BT,제조업,정상운영,2013-02,11,0백만원,-44.0
S0451,H036,단독설립,무응답,해당없음, iT ,제조업,정상운영,2016-01,8,0백만원,-147.0
S0452,H009,단독설립,교수창업,연구소기업,BT,제조업,정상운영,2023-04,1,0백만원,
S0453,H036,합작설립,전문경영인(창업자),해당없음,IT,제조업,정상운영,2020-10,4,0백만원,-67.0
S0454,H045,단독설립,교수창업,해당없음,BT,제조업,정상운영,2022-08,2,0백만원,-69.0
S0455,H083,지분편입(지분매수),교수창업,해당없음,해당없음,정보통신업,정상운영,2016-08,8,0백만원,-54.0
S0456,H066,단독설립,학생창업,벤처기업,BT, 제 조 업 ,정상운영,2017-04,7,"1,619백만원",50.0
S0457,H052,단독설립,교수창업,연구소기업,IT,정보통신업,정상운영,2023-11,1,0백만원,-56.0
S0458,H069,지분편입(지분매수),교수창업,연구소기업, iT ,정보통신업,정상운영,2011-10,13,,-5.0
S0459,H043,합작설립,교수창업,연구소기업,BT,제조업,투자회수(전액),2012-08,12,0백만원,0.0
S0460,H004,지분편입(지분매수),교수창업,해당없음,BT,정보통신업,정상운영,2023-04,1,209백만원,-36.0
S0461,H015,지분편입(지분매수),학생창업,해당없음,IT,전문과학및기술서비스업,폐업(청산),2019-03,5,0백만원,0.0
S0462,H034,단독설립,교수창업,해당없음,BT,제조업,정상운영,2012-08,12,851백만원,-91.0
S0463,H023,지분편입(지분매수),교수창업,연구소기업,IT,정보통신업,정상운영,2022-09,2,0백만원,-98.0
S0464,H075,합작설립,교수창업,해당없음, iT ,제조업,정상운영,2021-11,3,104백만원,-104.0
S0465,H034,단독설립,무응답,벤처기업, iT ,정보통신업,정상운영,2020-02,4,0백만원,-144.0
S0466,H005,합작설립,전문경영인(파트너기업겸직파견등),해당없음,해당없음, 제 조 업 ,정상운영,2017-10,7,0백만원,-113.0
S0467,H014,단독설립,기타,신기술창업전문회사,BT,제조업,정상운영,2017-06,7,0백만원,-147.0
S0468,H077,단독설립,전문경영인(창업자),해당없음,NT,전문과학및기술서비스업,정상운영,2015-03,9,428백만원,-28.0
S0469,H056,단독설립,교수창업,연구소기업,해당없음,정보통신업,정상운영,2022-04,2,804백만원,-15.0
S0470,H045,단독설립,전문경영인(파트너기업겸직파견등),해당없음,IT,정보통신업,정상운영,2016-08,8,0백만원,-137.0
S0471,H041,지분편입(유상증자),교수창업,연구소기업,IT,제조업,정상운영,2023-12,1,0백만원,-91.0
S0472,H056,지분편입(지분매수),전문경영인(창업자),해당없음,BT,정보통신업,정상운영,2016-02,8,"1,742백만원",
S0473,H078,지분편입(유상증자),전문경영인(파트너기업겸직파견등),벤처기업,NT,전문과학및기술서비스업,정상운영,2022-01,2,,-133.0
S0474,H066,지분편입(지분매수),전문경영인(창업자),연구소기업,BT,제조업,정상운영,2023-12,1,0백만원,-93.0
S0475,H015,합작설립,교수창업,벤처기업,IT,정보통신업,정상운영,2023-01,1,0백만원,-119.0
S0476,H050,지분편입(지분매수),교수창업,해당없음,해당없음,제조업,정상운영,2017-11,7,"1,818백만원",34.0
S0477,H074,단독설립,교수창업,연구소기업,IT,정보통신업,정상운영,2012-11,12,0백만원,-124.0
S0478,H025,단독설립,학생창업,연구소기업,IT,전문과학및기술서비스업,정상운영,2014-07,10,808백만원,-139.0
S0479,H033,단독설립,교수창업,해당없음,BT,전문과학및기술서비스업,정상운영,2023-09,1,,52.0
S0480,H006,지분편입(지분매수),교수창업,연구소기업,해당없음,제조업,정상운영,2020-08,4,0백만원,-107.0
S0481,H056,단독설립,전문경영인(창업자),해당없음,BT,제조업,정상운영,2022-07,2,0백만원,-67.0
S0482,H001,단독설립,학생창업,연구소기업,NT,제조업,정상운영,2018-02,6,"1,566백만원",-93.0
S0483,H067,단독설립,학생창업,연구소기업,IT, 제 조 업 ,정상운영,2018-07,6,0백만원,-52.0
S0484,H069,지분편입(유상증자),전문경영인(창업자),해당없음, iT ,제조업,정상운영,2017-05,7,328백만원,-68.0
S0485,H026,합작설립,전문경영인(창업자),해당없음,해당없음,정보통신업,정상운영,2018-12,6,106백만원,-61.0
S0486,H047,지분편입(유상증자),전문경영인(창업자),연구소기업,IT,제조업,정상운영,2011-09,13,,-139.0
S0487,H056,단독설립,교수창업,해당없음,IT,전문과학및기술서비스업,정상운영,2019-02,5,0백만원,-99.0
S0488,H009,지분편입(유상증자),전문경영인(창업자),연구소기업,NT,교육서비스업,정상운영,2017-12,7,0백만원,-21.0
S0489,H043,지분편입(지분매수),기타,해당없음,BT,전문과학및기술서비스업,정상운영,2023-10,1,0백만원,-18.0
S0490,H080,지분편입(지분매수),기타,해당없음,NT,정보통신업,정상운영,2010-11,14,0백만원,-70.0
S0491,H041,합작설립,무응답,연구소기업,IT,제조업,정상운영,2022-09,2,0백만원,-142.0
S0492,H016,단독설립,전문경영인(창업자),벤처기업,BT,정보통신업,정상운영,2023-12,1,104백만원,-60.0
S0493,H039,단독설립,학생창업,신기술창업전문회사,IT,정보통신업,정상운영,2023-01,1,"1,761백만원",148.0
S0494,H065,지분편입(지분매수),학생창업,연구소기업,BT,정보통신업,정상운영,2022-08,2,"2,231백만원",-130.0
S0495,H040,지분편입(지분매수),기타,해당없음,해당없음,제조업,투자회수(일부),2017-08,7,0백만원,
S0496,H053,지분편입(지분매수),교수창업,벤처기업,BT,전문과학및기술서비스업,정상운영,2013-12,11,"1,477백만원",142.0
S0497,H042,지분편입(지분매수),교수창업,벤처기업,IT,제조업,정상운영,2023-01,1,"1,728백만원",72.0
S0498,H052,합작설립,학생창업,해당없음,IT,제조업,정상운영,2020-05,4,0백만원,-3.0
S0499,H038,합작설립,전문경영인(창업자),연구소기업,해당없음,도매및소매업,정상운영,2022-07,2,0백만원,-57.0
S0500,H071,단독설립,교수창업,연구소기업,NT,제조업,정상운영,2019-12,5,907백만원,-10.0
S0501,H017,지분편입(지분매수),기타,연구소기업,BT,정보통신업,정상운영,2016-01,8,0백만원,-117.0
S0502,H025,단독설립,기타,해당없음,BT,정보통신업,정상운영,2019-06,5,0백만원,
S0503,H054,지분편입(지분매수),전문경영인(파트너기업겸직파견등),신기술창업전문회사,BT,제조업,투자회수(전액),2021-07,3,0백만원,
S0504,H049,지분편입(지분매수),교수창업,해당없음,해당없음,정보통신업,정상운영,2020-12,4,0백만원,-77.0
S0505,H023,지분편입(지분매수),교수창업,연구소기업,IT, 제 조 업 ,정상운영,2012-09,12,0백만원,-45.0
S0506,H079,단독설립,교수창업,연구소기업,해당없음, 제 조 업 ,정상운영,2020-11,4,0백만원,-73.0
S0507,H073,단독설립,교수창업,해당없음,IT,정보통신업,정상운영,2018-11,6,0백만원,
S0508,H039,합작설립,교수창업,해당없음,IT,정보통신업,정상운영,2017-08,7,"1,059백만원",-50.0
S0509,H052,지분편입(지분매수),교수창업,해당없음,BT,정보통신업,정상운영,2022-07,2,0백만원,-81.0
S0510,H071,단독설립,학생창업,벤처기업,BT,제조업,정상운영,2019-02,5,0백만원,-119.0
S0511,H001,지분편입(유상증자),교수창업,연구소기업,NT,제조업,정상운영,2023-02,1,418백만원,66.0
S0512,H039,단독설립,전문경영인(창업자),벤처기업,IT,전문과학및기술서비스업,정상운영,2023-03,1,0백만원,-7.0
S0513,H037,단독설립,교수창업,해당없음,해당없음,교육서비스업,정상운영,2008-05,16,0백만원,-51.0
S0514,H027,지분편입(지분매수),교수창업,연구소기업,BT,제조업,폐업(청산),2018-10,6,0백만원,0.0
S0515,H056,단독설립,교수창업,해당없음,IT,기타,정상운영,2008-02,16,,-1.0
S0516,H075,지분편입(지분매수),학생창업,벤처기업,BT,정보통신업,정상운영,2023-12,1,822백만원,89.0
S0517,H078,합작설립,교수창업,연구소기업,IT,정보통신업,정상운영,2016-03,8,"2,072백만원",-20.0
S0518,H084,단독설립,전문경영인(창업자),해당없음,ET,제조업,정상운영,2021-06,3,"2,200백만원",
S0519,H042,지분편입(유상증자),교수창업,해당없음,BT,정보통신업,정상운영,2015-07,9,0백만원,-123.0
S0520,H060,지분편입(지분매수),전문경영인(창업자),벤처기업,해당없음,전문과학및기술서비스업,정상운영,2016-11,8,0백만원,-65.0
S0521,H057,단독설립,기타,벤처기업,해당없음,전문과학및기술서비스업,정상운영,2023-06,1,0백만원,-123.0
S0522,H057,지분편입(지분매수),학생창업,연구소기업,BT,제조업,정상운영,2018-03,6,0백만원,-108.0
S0523,H028,지분편입(유상증자),전문경영인(파트너기업겸직파견등),벤처기업,IT,전문과학및기술서비스업,정상운영,2016-04,8,0백만원,-36.0
S0524,H066,지분편입(지분매수),교수창업,연구소기업,해당없음,전문과학및기술서비스업,정상운영,2022-08,2,0백만원,-129.0
S0525,H061,단독설립,교수창업,이노비즈기업,BT,전문과학및기술서비스업,정상운영,2023-04,1,0백만원,-125.0
S0526,H022,단독설립,교수창업,연구소기업, iT ,정보통신업,정상운영,2016-05,8,655백만원,-78.0
S0527,H011,합작설립,교수창업,벤처기업,해당없음,정보통신업,정상운영,2022-02,2,"2,170백만원",115.0
S0528,H037,단독설립,교수창업,연구소기업,IT,제조업,정상운영,2022-06,2,0백만원,-38.0
S0529,H066,단독설립,전문경영인(창업자),해당없음,IT,제조업,정상운영,2019-11,5,779백만원,-41.0
S0530,H082,단독설립,전문경영인(창업자),해당없음,BT,전문과학및기술서비스업,정상운영,2023-12,1,0백만원,
S0531,H080,단독설립,학생창업,해당없음,IT,제조업,정상운영,2016-02,8,,
S0532,H043,단독설립,기타,해당없음,BT,제조업,정상운영,2021-08,3,0백만원,-131.0
S0533,H012,지분편입(유상증자),학생창업,벤처기업,NT,제조업,정상운영,2023-12,1,0백만원,-128.0
S0534,H031,지분편입(지분매수),교수창업,연구소기업,IT,도매및소매업,정상운영,2019-08,5,0백만원,-109.0
S0535,H040,지분편입(지분매수),교수창업,연구소기업,IT,제조업,정상운영,2023-04,1,0백만원,-130.0
S0536,H029,단독설립,교수창업,해당없음,IT,제조업,정상운영,2021-05,3,,-17.0
S0537,H026,합작설립,교수창업,벤처기업,BT,정보통신업,정상운영,2023-06,1,0백만원,-27.0
S0538,H019,합작설립,교수창업,해당없음,IT,제조업,정상운영,2016-05,8,549백만원,-104.0
S0539,H004,합작설립,전문경영인(창업자),벤처기업,해당없음,제조업,정상운영,2016-12,8,0백만원,-61.0
S0540,H006,합작설립,전문경영인(파트너기업겸직파견등),해당없음,ET,제조업,정상운영,2023-08,1,0백만원,-100.0
S0541,H032,지분편입(지분매수),교수창업,연구소기업,BT,정보통신업,정상운영,2019-06,5,0백만원,-59.0
S0542,H061,단독설립,교수창업,연구소기업,해당없음,전문과학및기술서비스업,정상운영,2021-08,3,0백만원,-74.0
S0543,H079,단독설립,교수창업,연구소기업,IT, 제 조 업 ,투자회수(전액),2018-12,6,0백만원,0.0
S0544,H010,지분편입(유상증자),기타,연구소기업,ET,정보통신업,정상운영,2022-05,2,,-63.0
S0545,H059,지분편입(지분매수),전문경영인(파트너기업겸직파견등),해당없음,BT,도매및소매업,정상운영,2017-10,7,,-116.0
S0546,H054,지분편입(지분매수),교수창업,해당없음,해당없음,정보통신업,정상운영,2020-05,4,0백만원,-145.0
S0547,H081,단독설립,교수창업,해당없음,BT,도매및소매업,정상운영,2023-10,1,0백만원,-136.0
S0548,H074,단독설립,교수창업,연구소기업,BT,제조업,정상운영,2017-01,7,0백만원,-40.0
S0549,H025,지분편입(지분매수),전문경영인(파트너기업겸직파견등),연구소기업,ET,정보통신업,정상운영,2019-03,5,280백만원,2.0
S0550,H050,합작설립,기타,해당없음,BT,제조업,정상운영,2017-03,7,0백만원,-117.0
S0551,H064,지분편입(유상증자),전문경영인(파트너기업겸직파견등),해당없음,NT,제조업,정상운영,2017-09,7,0백만원,-144.0
S0552,H052,단독설립,학생창업,해당없음,BT,정보통신업,폐업(청산),2019-05,5,0백만원,0.0
S0553,H032,지분편입(유상증자),교수창업,연구소기업, iT ,제조업,정상운영,2023-01,1,0백만원,-37.0
S0554,H019,단독설립,전문경영인(창업자),연구소기업,해당없음,제조업,정상운영,2017-04,7,"1,196백만원",41.0
S0555,H084,합작설립,교수창업,연구소기업,ET,제조업,정상운영,2020-06,4,0백만원,-50.0
S0556,H001,합작설립,교수창업,연구소기업,BT,전문과학및기술서비스업,정상운영,2018-10,6,173백만원,20.0
S0557,H014,단독설립,학생창업,벤처기업,IT,제조업,정상운영,2018-06,6,461백만원,-28.0
S0558,H055,지분편입(유상증자),교수창업,해당없음,ET,제조업,정상운영,2020-12,4,0백만원,-82.0
S0559,H029,지분편입(지분매수),전문경영인(창업자),벤처기업,IT,정보통신업,정상운영,2023-05,1,0백만원,-44.0
S0560,H023,단독설립,전문경영인(창업자),해당없음,해당없음,정보통신업,정상운영,2019-05,5,0백만원,-124.0
S0561,H067,단독설립,교수창업,해당없음,BT,제조업,정상운영,2023-12,1,0백만원,-143.0
S0562,H060,합작설립,교수창업,연구소기업,IT,정보통신업,정상운영,2019-03,5,0백만원,-55.0
S0563,H007,합작설립,교수창업,해당없음,BT,제조업,정상운영,2009-10,15,"1,251백만원",6.0
S0564,H072,단독설립,학생창업,연구소기업,IT,제조업,정상운영,2017-11,7,0백만원,-39.0
S0565,H032,단독설립,전문경영인(파트너기업겸직파견등),해당없음,BT,제조업,정상운영,2016-05,8,0백만원,
S0566,H016,단독설립,학생창업,연구소기업, iT ,정보통신업,정상운영,2019-08,5,0백만원,-63.0
S0567,H059,단독설립,전문경영인(파트너기업겸직파견등),해당없음,CT,제조업,정상운영,2021-12,3,"2,153백만원",-54.0
S0568,H018,단독설립,교수창업,해당없음, iT ,전문과학및기술서비스업,정상운영,2020-08,4,0백만원,-116.0
S0569,H060,지분편입(지분매수),전문경영인(파트너기업겸직파견등),해당없음,ET,정보통신업,정상운영,2021-11,3,"2,084백만원",-114.0
S0570,H068,지분편입(지분매수),기타,벤처기업,CT,정보통신업,폐업(청산),2013-05,11,0백만원,
S0571,H072,지분편입(지분매수),교수창업,연구소기업,NT,전문과학및기술서비스업,정상운영,2017-03,7,"1,342백만원",-110.0
S0572,H077,단독설립,전문경영인(창업자),해당없음,IT,제조업,정상운영,2020-12,4,185백만원,-116.0
S0573,H041,단독설립,교수창업,연구소기업,BT,제조업,정상운영,2016-12,8,0백만원,-9.0
S0574,H057,단독설립,전문경영인(창업자),연구소기업,해당없음,정보통신업,정상운영,2014-03,10,850백만원,-127.0
S0575,H079,지분편입(유상증자),학생창업,연구소기업,IT,정보통신업,정상운영,2018-03,6,0백만원,-98.0
S0576,H065,지분편입(지분매수),교수창업,해당없음,IT,전문과학및기술서비스업,정상운영,2022-10,2,0백만원,-90.0
S0577,H055,단독설립,무응답,해당없음,해당없음,제조업,정상운영,2022-05,2,195백만원,-84.0
S0578,H071,단독설립,교수창업,해당없음,BT,제조업,정상운영,2016-07,8,0백만원,-133.0
S0579,H058,지분편입(지분매수),전문경영인(파트너기업겸직파견등),연구소기업,IT,전문과학및기술서비스업,폐업(청산),2023-05,1,0백만원,0.0
S0580,H021,단독설립,교수창업,해당없음,IT,전문과학및기술서비스업,폐업(청산),2018-11,6,0백만원,0.0
S0581,H061,지분편입(지분매수),전문경영인(창업자),연구소기업,BT,제조업,정상운영,2011-04,13,"1,403백만원",-106.0
S0582,H058,단독설립,교수창업,연구소기업,IT,전문과학및기술서비스업,정상운영,2020-01,4,"1,241백만원",9.0
S0583,H034,지분편입(지분매수),학생창업,이노비즈기업,ET,전문과학및기술서비스업,정상운영,2021-04,3,,-115.0
S0584,H032,지분편입(유상증자),교수창업,해당없음,ET,제조업,정상운영,2019-10,5,"1,256백만원",-100.0
S0585,H082,합작설립,무응답,벤처기업,IT,교육서비스업,정상운영,2018-05,6,358백만원,-101.0
S0586,H036,지분편입(지분매수),교수창업,연구소기업,해당없음,제조업,정상운영,2017-03,7,712백만원,19.0
S0587,H067,합작설립,전문경영인(파트너기업겸직파견등),벤처기업, iT ,정보통신업,정상운영,2018-10,6,0백만원,-119.0
S0588,H063,단독설립,교수창업,해당없음,BT,정보통신업,정상운영,2022-01,2,0백만원,-118.0
S0589,H081,단독설립,전문경영인(파트너기업겸직파견등),벤처기업,해당없음,전문과학및기술서비스업,정상운영,2020-05,4,0백만원,
S0590,H031,단독설립,교수창업,해당없음,해당없음,제조업,정상운영,2015-06,9,0백만원,-14.0
S0591,H036,지분편입(지분매수),전문경영인(창업자),해당없음,IT,제조업,정상운영,2016-12,8,0백만원,-120.0
S0592,H057,지분편입(지분매수),교수창업,연구소기업,IT,제조업,정상운영,2019-09,5,170백만원,-100.0
S0593,H010,지분편입(유상증자),교수창업,해당없음,IT,제조업,정상운영,2021-12,3,0백만원,-114.0
S0594,H037,지분편입(지분매수),전문경영인(창업자),연구소기업,IT,정보통신업,정상운영,2017-09,7,0백만원,-69.0
S0595,H031,지분편입(지분매수),교수창업,연구소기업,IT,전문과학및기술서비스업,정상운영,2022-07,2,"1,981백만원",-40.0
S0596,H035,단독설립,무응답,연구소기업,IT,전문과학및기술서비스업,정상운영,2016-08,8,669백만원,57.0
S0597,H043,지분편입(지분매수),학생창업,해당없음,ET,정보통신업,정상운영,2023-10,1,"1,593백만원",-10.0
S0598,H041,단독설립,전문경영인(창업자),연구소기업,BT,정보통신업,정상운영,2022-03,2,0백만원,-16.0
S0599,H070,단독설립,전문경영인(파트너기업겸직파견등),연구소기업,IT,교육서비스업,투자회수(전액),2022-06,2,0백만원,
S0600,H011,합작설립,교수창업,해당없음,해당없음,제조업,정상운영,2019-11,5,,134.0
S0601,H018,단독설립,학생창업,연구소기업,BT,제조업,투자회수(전액),2016-03,8,0백만원,0.0
S0602,H020,지분편입(지분매수),전문경영인(파트너기업겸직파견등),벤처기업,BT,전문과학및기술서비스업,정상운영,2019-10,5,"1,227백만원",-81.0
S0603,H030,단독설립,교수창업,벤처기업,IT,전문과학및기술서비스업,정상운영,2021-09,3,0백만원,-150.0
S0604,H050,단독설립,전문경영인(창업자),해당없음,IT,제조업,정상운영,2021-06,3,883백만원,-58.0
S0605,H020,합작설립,학생창업,연구소기업,ET,정보통신업,정상운영,2023-09,1,"1,848백만원",67.0
S0606,H028,지분편입(지분매수),교수창업,벤처기업,ET,정보통신업,정상운영,2018-06,6,,42.0
S0607,H009,합작설립,전문경영인(파트너기업겸직파견등),벤처기업, iT ,도매및소매업,정상운영,2020-07,4,0백만원,-43.0
S0608,H054,단독설립,무응답,해당없음,IT,제조업,정상운영,2011-08,13,"1,766백만원",124.0
S0609,H053,합작설립,학생창업,해당없음,NT,제조업,정상운영,2018-11,6,989백만원,71.0
S0610,H043,지분편입(지분매수),교수창업,벤처기업,ET,제조업,정상운영,2018-03,6,"1,171백만원",62.0
S0611,H070,지분편입(유상증자),학생창업,해당없음,IT,제조업,정상운영,2022-09,2,"1,820백만원",128.0
S0612,H060,단독설립,학생창업,해당없음,ET,정보통신업,정상운영,2023-08,1,0백만원,-92.0
S0613,H054,단독설립,무응답,연구소기업,IT,전문과학및기술서비스업,정상운영,2020-03,4,0백만원,-5.0
S0614,H008,단독설립,교수창업,해당없음,해당없음,제조업,정상운영,2019-08,5,373백만원,-15.0
S0615,H027,단독설립,교수창업,해당없음,IT,제조업,정상운영,2022-07,2,770백만원,
S0616,H054,지분편입(지분매수),전문경영인(파트너기업겸직파견등),벤처기업,BT,정보통신업,정상운영,2017-01,7,0백만원,
S0617,H050,지분편입(지분매수),교수창업,벤처기업,IT,제조업,정상운영,2016-11,8,0백만원,-38.0
S0618,H075,지분편입(지분매수),교수창업,해당없음,BT,전문과학및기술서비스업,정상운영,2017-02,7,"1,389백만원",125.0
S0619,H003,합작설립,전문경영인(창업자),해당없음,IT,제조업,정상운영,2021-06,3,0백만원,-85.0
S0620,H074,지분편입(지분매수),전문경영인(창업자),연구소기업,IT,제조업,정상운영,2018-04,6,"2,160백만원",-118.0
S0621,H049,단독설립,교수창업,연구소기업,CT,제조업,정상운영,2021-05,3,"2,037백만원",-81.0
S0622,H062,합작설립,교수창업,해당없음,IT,도매및소매업,정상운영,2017-04,7,0백만원,-9.0
S0623,H001,단독설립,교수창업,해당없음,BT,정보통신업,정상운영,2020-04,4,0백만원,-128.0
S0624,H046,합작설립,기타,해당없음,BT, 제 조 업 ,정상운영,2019-03,5,"1,634백만원",-59.0
S0625,H039,합작설립,전문경영인(창업자),해당없음,IT,제조업,정상운영,2019-05,5,973백만원,-146.0
S0626,H050,지분편입(지분매수),교수창업,해당없음,IT,정보통신업,정상운영,2019-10,5,,
S0627,H054,단독설립,교수창업,연구소기업,IT,제조업,정상운영,2020-12,4,0백만원,-20.0
S0628,H069,단독설립,학생창업,연구소기업,IT,정보통신업,정상운영,2022-02,2,"1,448백만원",-16.0
S0629,H070,단독설립,기타,연구소기업,NT,도매및소매업,투자회수(일부),2019-11,5,0백만원,0.0
S0630,H078,합작설립,교수창업,벤처기업,IT,제조업,정상운영,2023-04,1,0백만원,-73.0
S0631,H029,합작설립,교수창업,해당없음, iT ,정보통신업,정상운영,2023-06,1,,-59.0
S0632,H063,단독설립,교수창업,벤처기업,NT, 제 조 업 ,정상운영,2020-08,4,"1,449백만원",88.0
S0633,H029,지분편입(유상증자),교수창업,연구소기업,BT,제조업,정상운영,2017-08,7,,-26.0
S0634,H035,단독설립,교수창업,벤처기업,해당없음,전문과학및기술서비스업,정상운영,2016-10,8,822백만원,-126.0
S0635,H056,단독설립,전문경영인(창업자),벤처기업,IT,전문과학및기술서비스업,정상운영,2022-11,2,205백만원,-116.0
S0636,H063,합작설립,교수창업,연구소기업,BT,정보통신업,정상운영,2019-01,5,56백만원,-97.0
S0637,H004,단독설립,전문경영인(창업자),해당없음,IT,전문과학및기술서비스업,정상운영,2013-12,11,"1,197백만원",-76.0
S0638,H050,단독설립,교수창업,해당없음,IT,제조업,정상운영,2021-09,3,0백만원,-144.0
S0639,H044,단독설립,학생창업,연구소기업,ET,정보통신업,정상운영,2019-04,5,0백만원,-129.0
S0640,H052,지분편입(지분매수),학생창업,해당없음,BT, 제 조 업 ,정상운영,2020-12,4,"1,030백만원",-61.0
S0641,H022,지분편입(지분매수),교수창업,해당없음,해당없음,제조업,정상운영,2023-04,1,0백만원,-136.0
S0642,H060,단독설립,교수창업,해당없음,IT,제조업,정상운영,2016-06,8,,-114.0
S0643,H017,지분편입(지분매수),학생창업,벤처기업,IT,제조업,정상운영,2020-11,4,,-102.0
S0644,H080,단독설립,교수창업,연구소기업,해당없음,정보통신업,정상운영,2023-01,1,0백만원,
S0645,H069,지분편입(유상증자),전문경영인(파트너기업겸직파견등),해당없음,해당없음,정보통신업,정상운영,2022-07,2,"2,222백만원",25.0
S0646,H004,합작설립,학생창업,해당없음,ET,제조업,정상운영,2018-11,6,0백만원,-84.0
S0647,H051,단독설립,교수창업,해당없음,IT,정보통신업,정상운영,2019-02,5,727백만원,153.0
S0648,H076,단독설립,기타,해당없음,BT,제조업,정상운영,2018-06,6,0백만원,-67.0
S0649,H073,단독설립,교수창업,해당없음,CT,정보통신업,정상운영,2019-09,5,0백만원,-89.0
S0650,H004,단독설립,교수창업,벤처기업,IT, 제 조 업 ,정상운영,2018-02,6,,-102.0
S0651,H011,지분편입(유상증자),무응답,벤처기업,BT,도매및소매업,정상운영,2013-05,11,,
S0652,H083,지분편입(지분매수),학생창업,해당없음,IT,제조업,정상운영,2023-09,1,0백만원,-121.0
S0653,H055,지분편입(지분매수),학생창업,해당없음,BT,전문과학및기술서비스업,정상운영,2021-09,3,0백만원,-123.0
S0654,H018,합작설립,전문경영인(창업자),연구소기업,ET,제조업,정상운영,2016-12,8,0백만원,-41.0
S0655,H060,합작설립,교수창업,연구소기업,IT,제조업,정상운영,2019-09,5,0백만원,-1.0
S0656,H024,지분편입(지분매수),교수창업,벤처기업,IT,정보통신업,정상운영,2018-02,6,0백만원,-94.0
S0657,H007,단독설립,교수창업,연구소기업,해당없음,제조업,정상운영,2016-01,8,216백만원,-109.0
S0658,H034,합작설립,학생창업,연구소기업,IT,제조업,정상운영,2018-08,6,545백만원,-53.0
S0659,H049,단독설립,전문경영인(창업자),해당없음,IT,전문과학및기술서비스업,정상운영,2020-10,4,,140.0
S0660,H042,지분편입(유상증자),교수창업,연구소기업,해당없음,제조업,정상운영,2021-09,3,42백만원,-121.0
S0661,H028,지분편입(지분매수),학생창업,연구소기업,BT,정보통신업,정상운영,2009-04,15,"1,618백만원",137.0
S0662,H059,지분편입(지분매수),학생창업,해당없음,BT,전문과학및기술서비스업,정상운영,2020-04,4,0백만원,-149.0
S0663,H042,단독설립,전문경영인(창업자),연구소기업,NT,도매및소매업,정상운영,2023-05,1,0백만원,-67.0
S0664,H044,지분편입(지분매수),교수창업,벤처기업,IT,제조업,정상운영,2021-12,3,149백만원,103.0
S0665,H049,지분편입(지분매수),교수창업,연구소기업,BT,정보통신업,휴업,2017-03,7,0백만원,0.0
S0666,H036,단독설립,교수창업,연구소기업,IT,정보통신업,정상운영,2022-12,2,33백만원,-110.0
S0667,H054,단독설립,전문경영인(파트너기업겸직파견등),연구소기업,IT,제조업,정상운영,2018-11,6,0백만원,-15.0
S0668,H033,단독설립,전문경영인(파트너기업겸직파견등),연구소기업,BT,도매및소매업,정상운영,2020-04,4,"2,052백만원",2.0
S0669,H011,지분편입(지분매수),교수창업,연구소기업,IT,정보통신업,정상운영,2016-04,8,0백만원,-26.0
S0670,H061,합작설립,교수창업,해당없음,IT,정보통신업,투자회수(일부),2022-12,2,0백만원,0.0
S0671,H003,지분편입(지분매수),전문경영인(파트너기업겸직파견등),해당없음,NT,전문과학및기술서비스업,정상운영,2018-12,6,,-23.0
S0672,H070,단독설립,학생창업,해당없음, iT ,전문과학및기술서비스업,정상운영,2015-08,9,0백만원,-51.0
S0673,H007,단독설립,기타,해당없음,해당없음,도매및소매업,정상운영,2022-03,2,107백만원,89.0
S0674,H045,지분편입(지분매수),교수창업,연구소기업,BT,도매및소매업,정상운영,2022-01,2,0백만원,-74.0
S0675,H029,단독설립,교수창업,연구소기업,해당없음,제조업,정상운영,2019-10,5,,-21.0
S0676,H084,지분편입(유상증자),학생창업,연구소기업,IT,제조업,정상운영,2016-05,8,0백만원,-31.0
S0677,H009,합작설립,교수창업,연구소기업,ET,제조업,투자회수(전액),2016-09,8,0백만원,0.0
S0678,H084,지분편입(지분매수),교수창업,해당없음,BT,제조업,정상운영,2012-05,12,0백만원,-72.0
S0679,H006,지분편입(지분매수),교수창업,벤처기업,BT,전문과학및기술서비스업,정상운영,2021-02,3,0백만원,-118.0
S0680,H004,단독설립,전문경영인(파트너기업겸직파견등),기타,BT,전문과학및기술서비스업,정상운영,2022-12,2,,-132.0
S0681,H032,단독설립,교수창업,해당없음,NT,정보통신업,정상운영,2021-04,3,119백만원,78.0
S0682,H026,지분편입(지분매수),전문경영인(파트너기업겸직파견등),벤처기업,BT,전문과학및기술서비스업,정상운영,2019-12,5,0백만원,-11.0
S0683,H003,단독설립,학생창업,해당없음,IT,제조업,정상운영,2018-02,6,"2,041백만원",
S0684,H080,단독설립,학생창업,연구소기업,BT,제조업,정상운영,2021-03,3,0백만원,-45.0
S0685,H020,단독설립,교수창업,벤처기업,ET,제조업,정상운영,2017-09,7,0백만원,-93.0
S0686,H031,합작설립,기타,벤처기업,IT,제조업,정상운영,2021-05,3,0백만원,-30.0
S0687,H017,합작설립,교수창업,해당없음,BT,정보통신업,폐업(청산),2020-01,4,0백만원,0.0
S0688,H061,단독설립,전문경영인(창업자),해당없음,해당없음,전문과학및기술서비스업,정상운영,2023-04,1,0백만원,-90.0
S0689,H015,단독설립,교수창업,연구소기업,IT,제조업,정상운영,2020-04,4,"2,172백만원",-142.0
S0690,H073,합작설립,교수창업,해당없음,ET,제조업,정상운영,2023-04,1,"2,256백만원",148.0
S0691,H028,지분편입(지분매수),교수창업,연구소기업,해당없음,전문과학및기술서비스업,정상운영,2019-10,5,"1,476백만원",118.0
S0692,H060,단독설립,교수창업,연구소기업,BT,정보통신업,정상운영,2021-10,3,0백만원,-69.0
S0693,H033,단독설립,교수창업,해당없음,ET,제조업,정상운영,2017-08,7,0백만원,-111.0
S0694,H048,지분편입(지분매수),교수창업,연구소기업,IT,교육서비스업,정상운영,2023-08,1,0백만원,-86.0
S0695,H022,단독설립,교수창업,해당없음, iT ,정보통신업,정상운영,2016-02,8,,-122.0
S0696,H078,합작설립,전문경영인(창업자),해당없음,IT,제조업,정상운영,2023-09,1,,-95.0
S0697,H078,단독설립,무응답,벤처기업,BT,제조업,정상운영,2023-01,1,0백만원,-7.0
S0698,H015,지분편입(유상증자),전문경영인(창업자),해당없음,해당없음,전문과학및기술서비스업,정상운영,2017-06,7,387백만원,-62.0
S0699,H021,단독설립,교수창업,연구소기업,BT,제조업,정상운영,2019-11,5,0백만원,
S0700,H040,단독설립,전문경영인(창업자),벤처기업,BT,정보통신업,정상운영,2012-02,12,0백만원,-66.0
S0701,H014,합작설립,교수창업,연구소기업,IT,정보통신업,정상운영,2015-04,9,0백만원,-119.0
S0702,H075,단독설립,교수창업,벤처기업,IT,제조업,정상운영,2022-08,2,0백만원,-70.0
S0703,H004,지분편입(유상증자),학생창업,해당없음,IT,정보통신업,정상운영,2019-02,5,,-98.0
S0704,H040,단독설립,학생창업,연구소기업,IT,제조업,정상운영,2022-08,2,0백만원,-82.0
S0705,H074,단독설립,학생창업,연구소기업,IT,제조업,정상운영,2018-02,6,0백만원,-49.0
S0706,H049,지분편입(지분매수),전문경영인(창업자),연구소기업, iT ,전문과학및기술서비스업,정상운영,2017-08,7,,-94.0
S0707,H051,단독설립,전문경영인(파트너기업겸직파견등),벤처기업,IT, 제 조 업 ,정상운영,2022-04,2,0백만원,
S0708,H026,단독설립,교수창업,연구소기업,CT,정보통신업,정상운영,2021-02,3,0백만원,-146.0
S0709,H010,지분편입(지분매수),전문경영인(창업자),해당없음,ET,제조업,정상운영,2022-09,2,0백만원,-62.0
S0710,H076,단독설립,학생창업,연구소기업,IT,제조업,정상운영,2017-10,7,0백만원,-88.0
S0711,H081,지분편입(지분매수),학생창업,해당없음,IT,교육서비스업,정상운영,2023-04,1,0백만원,
S0712,H032,지분편입(지분매수),학생창업,해당없음,해당없음,전문과학및기술서비스업,정상운영,2023-10,1,0백만원,-27.0
S0713,H014,단독설립,교수창업,연구소기업,BT,제조업,정상운영,2022-08,2,"1,045백만원",76.0
S0714,H039,합작설립,학생창업,연구소기업,BT,정보통신업,정상운영,2019-05,5,0백만원,
S0715,H077,지분편입(유상증자),학생창업,연구소기업,IT,제조업,정상운영,2020-10,4,0백만원,-148.0
S0716,H016,지분편입(지분매수),전문경영인(창업자),연구소기업,IT,도매및소매업,정상운영,2019-01,5,,-141.0
S0717,H073,단독설립,기타,벤처기업,NT,제조업,정상운영,2018-10,6,0백만원,-22.0
S0718,H006,지분편입(지분매수),학생창업,해당없음,IT,제조업,정상운영,2023-07,1,0백만원,-88.0
S0719,H045,지분편입(지분매수),교수창업,연구소기업,IT,제조업,정상운영,2021-02,3,"1,162백만원",
S0720,H069,합작설립,학생창업,연구소기업,IT,기타,정상운영,2020-12,4,,-89.0
S0721,H055,지분편입(지분매수),기타,연구소기업, iT ,제조업,정상운영,2021-08,3,448백만원,
S0722,H048,합작설립,전문경영인(창업자),연구소기업,NT,전문과학및기술서비스업,투자회수(전액),2016-11,8,0백만원,0.0
S0723,H009,합작설립,전문경영인(창업자),연구소기업,BT,정보통신업,정상운영,2018-04,6,"1,974백만원",63.0
S0724,H065,단독설립,교수창업,벤처기업,IT,정보통신업,정상운영,2018-10,6,187백만원,-3.0
S0725,H083,단독설립,전문경영인(창업자),해당없음,BT,정보통신업,정상운영,2021-11,3,754백만원,-91.0
S0726,H044,지분편입(지분매수),학생창업,연구소기업,IT,전문과학및기술서비스업,정상운영,2023-10,1,666백만원,83.0
S0727,H002,지분편입(유상증자),교수창업,연구소기업,ET,제조업,정상운영,2021-08,3,0백만원,-132.0
S0728,H054,지분편입(지분매수),학생창업,벤처기업,IT,정보통신업,폐업(청산),2019-01,5,0백만원,0.0
S0729,H063,지분편입(지분매수),전문경영인(창업자),벤처기업,IT,제조업,투자회수(전액),2021-05,3,0백만원,
S0730,H014,단독설립,전문경영인(창업자),연구소기업,BT,정보통신업,정상운영,2019-07,5,"99,999,999,999원",76.0
S0731,H056,단독설립,교수창업,연구소기업,BT,전문과학및기술서비스업,정상운영,2019-10,5,94백만원,
S0732,H047,단독설립,무응답,벤처기업,BT,제조업,투자회수(전액),2018-05,6,0백만원,0.0
S0733,H082,지분편입(지분매수),기타,해당없음,IT,전문과학및기술서비스업,정상운영,2021-08,3,0백만원,-2.0
S0734,H059,지분편입(지분매수),교수창업,해당없음,CT,제조업,정상운영,2018-11,6,518백만원,28.0
S0735,H020,지분편입(지분매수),전문경영인(창업자),벤처기업,IT,전문과학및기술서비스업,정상운영,2019-03,5,"1,981백만원",88.0
S0736,H056,지분편입(지분매수),기타,기타,BT,전문과학및기술서비스업,정상운영,2017-06,7,739백만원,-104.0
S0737,H023,합작설립,학생창업,벤처기업,BT,제조업,정상운영,2022-09,2,"2,228백만원",-25.0
S0738,H067,합작설립,전문경영인(창업자),해당없음,IT,전문과학및기술서비스업,정상운영,2017-08,7,"2,080백만원",146.0
S0739,H084,합작설립,교수창업,연구소기업,ET,도매및소매업,정상운영,2008-09,16,140백만원,
S0740,H035,합작설립,교수창업,해당없음,IT,제조업,정상운영,2022-05,2,0백만원,-62.0
S0741,H079,지분편입(지분매수),전문경영인(파트너기업겸직파견등),벤처기업,해당없음,정보통신업,정상운영,2023-11,1,0백만원,
S0742,H069,단독설립,교수창업,벤처기업,BT,정보통신업,폐업(청산),2021-05,3,,0.0
S0743,H062,합작설립,교수창업,해당없음,ET, 제 조 업 ,정상운영,2018-05,6,,10.0
S0744,H060,단독설립,교수창업,해당없음,해당없음,제조업,정상운영,2012-09,12,"1,147백만원",14.0
S0745,H056,지분편입(유상증자),교수창업,벤처기업,IT,정보통신업,정상운영,2014-04,10,0백만원,-18.0
S0746,H076,합작설립,기타,연구소기업,BT,제조업,정상운영,2016-06,8,848백만원,
S0747,H035,지분편입(지분매수),전문경영인(창업자),해당없음,BT,제조업,정상운영,2017-05,7,"1,849백만원",6.0
S0748,H042,합작설립,전문경영인(창업자),연구소기업,IT,정보통신업,정상운영,2009-11,15,323백만원,17.0
S0749,H032,지분편입(지분매수),교수창업,연구소기업,IT,전문과학및기술서비스업,정상운영,2023-09,1,"2,127백만원",-116.0
S0750,H012,지분편입(지분매수),전문경영인(창업자),해당없음,IT,정보통신업,정상운영,2020-09,4,344백만원,-60.0
S0751,H036,단독설립,무응답,연구소기업,BT,정보통신업,정상운영,2022-05,2,0백만원,-107.0
S0752,H058,지분편입(지분매수),교수창업,연구소기업,ET,전문과학및기술서비스업,정상운영,2016-11,8,174백만원,-12.0
S0753,H032,단독설립,기타,연구소기업,BT,제조업,정상운영,2023-08,1,,-95.0
S0754,H060,단독설립,교수창업,해당없음,IT,제조업,정상운영,2018-02,6,0백만원,-95.0
S0755,H073,지분편입(지분매수),전문경영인(창업자),벤처기업,IT, 제 조 업 ,정상운영,2023-03,1,0백만원,-94.0
S0756,H079,합작설립,학생창업,벤처기업,BT,제조업,정상운영,2017-08,7,,-97.0
S0757,H049,단독설립,학생창업,기타,IT,제조업,정상운영,2020-01,4,0백만원,-126.0
S0758,H044,단독설립,기타,신기술창업전문회사,IT,정보통신업,정상운영,2022-06,2,39백만원,
S0759,H004,지분편입(유상증자),전문경영인(창업자),벤처기업,BT,정보통신업,정상운영,2021-09,3,0백만원,-18.0
S0760,H064,합작설립,학생창업,벤처기업,IT,제조업,정상운영,2012-08,12,944백만원,-48.0
S0761,H042,단독설립,기타,해당없음,해당없음,정보통신업,폐업(청산),2018-08,6,0백만원,0.0
S0762,H024,지분편입(유상증자),전문경영인(파트너기업겸직파견등),신기술창업전문회사,BT,제조업,정상운영,2020-03,4,179백만원,-61.0
S0763,H063,지분편입(유상증자),학생창업,해당없음,IT,전문과학및기술서비스업,폐업(청산),2011-03,13,0백만원,0.0
S0764,H028,단독설립,학생창업,해당없음,해당없음,제조업,정상운영,2020-02,4,0백만원,-20.0
S0765,H046,합작설립,학생창업,벤처기업,해당없음,도매및소매업,정상운영,2018-07,6,0백만원,-97.0
S0766,H034,지분편입(유상증자),전문경영인(창업자),연구소기업,IT,전문과학및기술서비스업,정상운영,2023-11,1,0백만원,-96.0
S0767,H044,지분편입(지분매수),교수창업,해당없음,해당없음,제조업,정상운영,2013-05,11,"2,059백만원",11.0
S0768,H036,단독설립,전문경영인(파트너기업겸직파견등),해당없음,IT,제조업,정상운영,2022-02,2,,-127.0
S0769,H077,합작설립,전문경영인(창업자),해당없음,BT,정보통신업,정상운영,2019-08,5,70백만원,139.0
S0770,H036,단독설립,전문경영인(파트너기업겸직파견등),연구소기업,BT,제조업,정상운영,2018-06,6,0백만원,-63.0
S0771,H072,합작설립,교수창업,해당없음,BT,정보통신업,정상운영,2023-11,1,0백만원,-128.0
S0772,H002,지분편입(유상증자),교수창업,벤처기업,ET,전문과학및기술서비스업,정상운영,2020-11,4,0백만원,-86.0
S0773,H067,지분편입(유상증자),교수창업,벤처기업,BT,제조업,정상운영,2010-09,14,0백만원,-43.0
S0774,H025,단독설립,교수창업,해당없음,NT,제조업,정상운영,2016-03,8,388백만원,24.0
S0775,H011,합작설립,교수창업,연구소기업,IT,제조업,정상운영,2020-04,4,0백만원,-112.0
S0776,H031,지분편입(지분매수),교수창업,해당없음,해당없음,정보통신업,정상운영,2023-02,1,171백만원,153.0
S0777,H053,지분편입(지분매수),교수창업,해당없음,해당없음,도매및소매업,정상운영,2019-04,5,397백만원,-17.0
S0778,H063,단독설립,전문경영인(창업자),벤처기업,BT,교육서비스업,정상운영,2021-04,3,"1,132백만원",-117.0
S0779,H072,단독설립,전문경영인(파트너기업겸직파견등),연구소기업,BT, 제 조 업 ,정상운영,2018-05,6,399백만원,123.0
S0780,H031,단독설립,학생창업,벤처기업,해당없음,전문과학및기술서비스업,정상운영,2021-09,3,0백만원,-62.0
S0781,H061,지분편입(유상증자),교수창업,해당없음,BT,정보통신업,정상운영,2019-05,5,0백만원,-4.0
S0782,H083,지분편입(지분매수),학생창업,연구소기업,IT,제조업,정상운영,2020-06,4,658백만원,148.0
S0783,H063,지분편입(유상증자),교수창업,해당없음,BT,제조업,정상운영,2021-09,3,0백만원,-146.0
S0784,H058,지분편입(유상증자),학생창업,해당없음,ET,도매및소매업,정상운영,2016-08,8,"1,431백만원",-59.0
S0785,H003,단독설립,교수창업,연구소기업,NT,제조업,정상운영,2018-02,6,370백만원,21.0
S0786,H012,단독설립,교수창업,해당없음,BT,제조업,정상운영,2020-11,4,0백만원,
S0787,H038,지분편입(지분매수),교수창업,벤처기업, iT ,제조업,정상운영,2016-05,8,,25.0
S0788,H029,합작설립,전문경영인(창업자),벤처기업,ET,제조업,정상운영,2022-10,2,0백만원,-110.0
S0789,H052,단독설립,교수창업,연구소기업,IT,정보통신업,정상운영,2019-04,5,0백만원,-144.0
S0790,H032,지분편입(지분매수),교수창업,벤처기업, iT ,제조업,정상운영,2021-10,3,"1,804백만원",-92.0
S0791,H040,합작설립,학생창업,연구소기업,IT,제조업,투자회수(전액),2023-11,1,0백만원,0.0
S0792,H075,단독설립,학생창업,연구소기업,BT,전문과학및기술서비스업,휴업,2009-03,15,0백만원,0.0
S0793,H048,합작설립,전문경영인(창업자),해당없음,IT,정보통신업,정상운영,2023-06,1,0백만원,-6.0
S0794,H061,단독설립,교수창업,연구소기업,IT,정보통신업,정상운영,2020-03,4,0백만원,-123.0
S0795,H071,단독설립,교수창업,연구소기업,IT,전문과학및기술서비스업,정상운영,2018-04,6,215백만원,33.0
S0796,H068,단독설립,학생창업,벤처기업, iT ,교육서비스업,정상운영,2019-07,5,0백만원,
S0797,H045,지분편입(지분매수),전문경영인(창업자),해당없음,IT,전문과학및기술서비스업,정상운영,2023-03,1,119백만원,149.0
S0798,H055,단독설립,기타,해당없음,해당없음,전문과학및기술서비스업,정상운영,2008-03,16,0백만원,-25.0
S0799,H071,단독설립,기타,연구소기업,BT,제조업,정상운영,2011-10,13,864백만원,
S0800,H043,지분편입(지분매수),교수창업,벤처기업,IT,정보통신업,정상운영,2023-11,1,486백만원,21.0
S0801,H046,지분편입(지분매수),교수창업,연구소기업,BT, 제 조 업 ,정상운영,2023-03,1,0백만원,-138.0
S0802,H059,단독설립,전문경영인(창업자),연구소기업,IT,제조업,정상운영,2017-06,7,"1,973백만원",-70.0
S0803,H035,지분편입(지분매수),전문경영인(파트너기업겸직파견등),해당없음,BT,도매및소매업,정상운영,2019-09,5,"1,395백만원",31.0
S0804,H040,단독설립,기타,벤처기업,BT,정보통신업,정상운영,2021-08,3,391백만원,84.0
S0805,H033,단독설립,전문경영인(창업자),해당없음,ET,제조업,정상운영,2020-11,4,0백만원,-75.0
S0806,H030,합작설립,전문경영인(창업자),벤처기업,BT,제조업,정상운영,2018-10,6,67백만원,
S0807,H016,지분편입(지분매수),교수창업,연구소기업,IT,전문과학및기술서비스업,투자회수(전액),2023-07,1,0백만원,0.0
S0808,H025,지분편입(지분매수),전문경영인(창업자),벤처기업,BT,정보통신업,정상운영,2023-12,1,752백만원,-46.0
S0809,H041,합작설립,전문경영인(파트너기업겸직파견등),벤처기업,IT,정보통신업,정상운영,2021-05,3,0백만원,-125.0
S0810,H016,단독설립,학생창업,벤처기업,IT,제조업,정상운영,2019-04,5,,
S0811,H069,단독설립,교수창업,해당없음,IT,제조업,정상운영,2022-05,2,0백만원,-89.0
S0812,H024,단독설립,전문경영인(창업자),해당없음,BT,제조업,정상운영,2017-08,7,0백만원,-87.0
S0813,H025,단독설립,전문경영인(파트너기업겸직파견등),연구소기업,BT,전문과학및기술서비스업,정상운영,2019-05,5,0백만원,-85.0
S0814,H028,단독설립,교수창업,해당없음,IT,전문과학및기술서비스업,정상운영,2019-06,5,0백만원,-110.0
S0815,H062,지분편입(지분매수),학생창업,해당없음,BT, 제 조 업 ,정상운영,2018-03,6,"1,359백만원",-67.0
S0816,H036,단독설립,전문경영인(창업자),연구소기업,NT,제조업,정상운영,2016-05,8,,
S0817,H076,합작설립,전문경영인(창업자),벤처기업,NT,제조업,정상운영,2015-06,9,0백만원,-108.0
S0818,H068,지분편입(지분매수),기타,벤처기업,IT,정보통신업,정상운영,2022-12,2,,-12.0
S0819,H077,단독설립,기타,해당없음,IT,정보통신업,정상운영,2015-06,9,"1,278백만원",-104.0
S0820,H037,단독설립,무응답,벤처기업,BT,정보통신업,정상운영,2021-12,3,,-72.0
S0821,H013,지분편입(지분매수),학생창업,해당없음,NT,제조업,기타,2008-06,16,0백만원,0.0
S0822,H025,지분편입(유상증자),기타,벤처기업,BT,도매및소매업,정상운영,2023-08,1,"2,004백만원",-23.0
S0823,H038,지분편입(지분매수),교수창업,해당없음,IT, 제 조 업 ,투자회수(전액),2019-05,5,0백만원,0.0
S0824,H030,단독설립,전문경영인(파트너기업겸직파견등),연구소기업,NT,제조업,정상운영,2020-07,4,0백만원,-72.0
S0825,H047,합작설립,교수창업,연구소기업,BT,전문과학및기술서비스업,정상운영,2023-10,1,689백만원,
S0826,H023,지분편입(지분매수),교수창업,연구소기업,ET,제조업,정상운영,2009-07,15,0백만원,
S0827,H039,지분편입(지분매수),기타,해당없음, iT ,제조업,정상운영,2018-07,6,"1,058백만원",-85.0
S0828,H002,지분편입(지분매수),전문경영인(파트너기업겸직파견등),벤처기업,IT,기타,정상운영,2014-01,10,0백만원,-68.0
S0829,H069,지분편입(지분매수),학생창업,연구소기업,NT, 제 조 업 ,정상운영,2014-07,10,0백만원,-126.0
S0830,H017,단독설립,학생창업,연구소기업,BT,제조업,정상운영,2021-01,3,0백만원,-97.0
S0831,H036,단독설립,전문경영인(창업자),벤처기업,IT,전문과학및기술서비스업,폐업(청산),2021-07,3,0백만원,0.0
S0832,H006,합작설립,교수창업,해당없음,ET,전문과학및기술서비스업,정상운영,2020-06,4,911백만원,-44.0
S0833,H007,지분편입(지분매수),교수창업,벤처기업,IT,전문과학및기술서비스업,정상운영,2011-11,13,0백만원,-57.0
S0834,H071,합작설립,교수창업,해당없음,NT,전문과학및기술서비스업,정상운영,2013-03,11,"1,044백만원",-67.0
S0835,H038,합작설립,전문경영인(파트너기업겸직파견등),연구소기업,BT,제조업,정상운영,2021-08,3,"1,963백만원",-20.0
S0836,H017,합작설립,교수창업,벤처기업,BT,제조업,정상운영,2021-05,3,0백만원,-65.0
S0837,H082,지분편입(지분매수),전문경영인(창업자),연구소기업,BT,제조업,정상운영,2023-01,1,"1,255백만원",136.0
S0838,H063,단독설립,교수창업,연구소기업,IT,제조업,정상운영,2023-12,1,0백만원,-33.0
S0839,H014,합작설립,학생창업,연구소기업,해당없음,정보통신업,정상운영,2023-04,1,0백만원,-39.0
S0840,H002,단독설립,교수창업,벤처기업,IT,교육서비스업,정상운영,2022-04,2,0백만원,-22.0
S0841,H074,합작설립,교수창업,연구소기업,IT,정보통신업,정상운영,2021-11,3,"1,268백만원",-148.0
S0842,H037,지분편입(지분매수),전문경영인(창업자),벤처기업,IT, 제 조 업 ,정상운영,2022-12,2,523백만원,-148.0
S0843,H061,단독설립,기타,해당없음,BT,정보통신업,정상운영,2023-05,1,"2,172백만원",-10.0
S0844,H062,지분편입(유상증자),교수창업,해당없음,BT,제조업,정상운영,2021-05,3,0백만원,-79.0
S0845,H057,단독설립,기타,연구소기업,CT,정보통신업,정상운영,2012-06,12,"1,834백만원",61.0
S0846,H044,합작설립,학생창업,연구소기업,해당없음,제조업,정상운영,2019-01,5,,-78.0
S0847,H024,합작설립,교수창업,연구소기업, iT ,정보통신업,정상운영,2017-06,7,"1,422백만원",-117.0
S0848,H007,지분편입(지분매수),학생창업,해당없음,NT,제조업,정상운영,2021-07,3,0백만원,-130.0
S0849,H033,단독설립,교수창업,벤처기업,ET,정보통신업,정상운영,2016-07,8,"1,438백만원",-139.0
S0850,H062,단독설립,전문경영인(창업자),벤처기업,BT,도매및소매업,정상운영,2023-06,1,0백만원,
S0851,H015,단독설립,교수창업,벤처기업,IT,교육서비스업,투자회수(일부),2011-09,13,0백만원,
S0852,H009,지분편입(지분매수),교수창업,해당없음,IT,제조업,정상운영,2016-09,8,0백만원,-42.0
S0853,H052,지분편입(지분매수),전문경영인(창업자),벤처기업,해당없음,제조업,정상운영,2017-12,7,0백만원,-149.0
S0854,H063,지분편입(지분매수),교수창업,연구소기업,NT,도매및소매업,정상운영,2021-04,3,0백만원,-78.0
S0855,H010,합작설립,전문경영인(창업자),해당없음,NT,제조업,정상운영,2022-04,2,625백만원,-32.0
S0856,H074,합작설립,기타,연구소기업,BT,정보통신업,정상운영,2018-10,6,0백만원,-120.0
S0857,H081,지분편입(지분매수),교수창업,벤처기업,해당없음,제조업,정상운영,2020-09,4,"2,049백만원",9.0
S0858,H007,단독설립,기타,연구소기업,해당없음,전문과학및기술서비스업,정상운영,2016-08,8,56백만원,47.0
S0859,H020,단독설립,학생창업,기타,IT,제조업,정상운영,2023-05,1,"1,852백만원",33.0
S0860,H020,합작설립,교수창업,해당없음,NT,제조업,정상운영,2020-02,4,0백만원,-47.0
S0861,H073,단독설립,교수창업,해당없음,BT,기타,정상운영,2022-02,2,0백만원,-37.0
S0862,H039,지분편입(지분매수),기타,연구소기업,BT,제조업,투자회수(전액),2019-04,5,0백만원,0.0
S0863,H011,단독설립,교수창업,벤처기업,해당없음, 제 조 업 ,정상운영,2022-03,2,844백만원,
S0864,H032,단독설립,교수창업,해당없음,해당없음, 제 조 업 ,정상운영,2019-06,5,0백만원,-133.0
S0865,H016,지분편입(유상증자),학생창업,연구소기업,IT,정보통신업,정상운영,2023-12,1,"1,269백만원",-8.0
S0866,H072,지분편입(지분매수),기타,벤처기업,해당없음,전문과학및기술서비스업,정상운영,2023-08,1,0백만원,-126.0
S0867,H054,단독설립,전문경영인(파트너기업겸직파견등),해당없음,BT,제조업,정상운영,2023-12,1,0백만원,-45.0
S0868,H078,단독설립,교수창업,해당없음,CT,전문과학및기술서비스업,투자회수(일부),2019-10,5,0백만원,0.0
S0869,H077,지분편입(유상증자),전문경영인(창업자),해당없음,NT,제조업,정상운영,2016-08,8,0백만원,-113.0
S0870,H080,합작설립,교수창업,벤처기업,IT,정보통신업,정상운영,2022-01,2,0백만원,-56.0
S0871,H029,지분편입(지분매수),전문경영인(파트너기업겸직파견등),해당없음,BT,정보통신업,정상운영,2016-11,8,0백만원,-3.0
S0872,H067,지분편입(지분매수),전문경영인(창업자),벤처기업,BT,정보통신업,정상운영,2023-07,1,291백만원,48.0
S0873,H049,합작설립,전문경영인(창업자),해당없음,해당없음,교육서비스업,정상운영,2017-12,7,0백만원,-3.0
S0874,H058,단독설립,전문경영인(창업자),연구소기업,BT,정보통신업,정상운영,2019-12,5,"2,257백만원",-35.0
S0875,H057,지분편입(유상증자),학생창업,연구소기업,IT,제조업,정상운영,2019-08,5,0백만원,-80.0
S0876,H039,지분편입(지분매수),전문경영인(파트너기업겸직파견등),연구소기업,IT,기타,정상운영,2021-04,3,0백만원,-135.0
S0877,H076,지분편입(유상증자),교수창업,해당없음,BT,정보통신업,정상운영,2020-05,4,0백만원,-20.0
S0878,H055,단독설립,교수창업,해당없음,IT,도매및소매업,정상운영,2023-10,1,"2,197백만원",-61.0
S0879,H040,단독설립,교수창업,연구소기업,IT,전문과학및기술서비스업,정상운영,2018-10,6,0백만원,
S0880,H073,단독설립,교수창업,연구소기업,IT,정보통신업,정상운영,2022-07,2,0백만원,-40.0
S0881,H080,합작설립,전문경영인(파트너기업겸직파견등),벤처기업, iT ,전문과학및기술서비스업,정상운영,2023-01,1,0백만원,-10.0
S0882,H008,지분편입(지분매수),학생창업,기타,IT,제조업,정상운영,2017-02,7,0백만원,-146.0
S0883,H079,지분편입(지분매수),무응답,해당없음,해당없음,제조업,정상운영,2016-01,8,0백만원,-42.0
S0884,H013,단독설립,학생창업,연구소기업,IT,제조업,정상운영,2016-11,8,0백만원,-69.0
S0885,H027,지분편입(지분매수),교수창업,연구소기업,BT,교육서비스업,투자회수(전액),2012-06,12,0백만원,0.0
S0886,H081,지분편입(유상증자),기타,연구소기업,IT,전문과학및기술서비스업,폐업(청산),2019-05,5,0백만원,0.0
S0887,H028,지분편입(유상증자),학생창업,벤처기업,해당없음,제조업,정상운영,2022-09,2,0백만원,-121.0
S0888,H034,지분편입(지분매수),학생창업,연구소기업,IT,정보통신업,정상운영,2020-06,4,224백만원,-119.0
S0889,H011,단독설립,전문경영인(파트너기업겸직파견등),연구소기업,CT,제조업,정상운영,2019-08,5,0백만원,-144.0
S0890,H021,지분편입(유상증자),교수창업,연구소기업,IT,정보통신업,정상운영,2018-05,6,0백만원,-114.0
S0891,H031,지분편입(지분매수),전문경영인(창업자),연구소기업,IT,전문과학및기술서비스업,정상운영,2013-02,11,234백만원,-46.0
S0892,H023,지분편입(지분매수),전문경영인(창업자),연구소기업,해당없음,제조업,정상운영,2017-08,7,0백만원,-14.0
S0893,H071,단독설립,교수창업,해당없음, iT ,제조업,정상운영,2023-03,1,0백만원,-148.0
S0894,H010,단독설립,학생창업,해당없음,IT,전문과학및기술서비스업,폐업(청산),2017-12,7,,0.0
S0895,H021,지분편입(지분매수),교수창업,연구소기업,IT,제조업,정상운영,2019-02,5,0백만원,-149.0
S0896,H001,단독설립,기타,벤처기업,IT,제조업,정상운영,2018-06,6,163백만원,-4.0
S0897,H053,합작설립,기타,연구소기업,IT,정보통신업,정상운영,2020-12,4,"2,216백만원",-116.0
S0898,H058,단독설립,교수창업,해당없음,IT,기타,정상운영,2022-07,2,"1,386백만원",-52.0
S0899,H077,지분편입(지분매수),학생창업,벤처기업,해당없음,제조업,정상운영,2022-03,2,431백만원,-99.0
S0900,H061,단독설립,기타,해당없음, iT ,정보통신업,정상운영,2018-03,6,0백만원,-25.0
S0901,H038,지분편입(지분매수),기타,연구소기업,IT,제조업,정상운영,2015-10,9,0백만원,-3.0
S0902,H005,합작설립,교수창업,벤처기업,ET,제조업,정상운영,2014-05,10,316백만원,26.0
S0903,H030,단독설립,교수창업,연구소기업,BT,전문과학및기술서비스업,정상운영,2020-10,4,621백만원,-141.0
S0904,H037,지분편입(유상증자),전문경영인(창업자),벤처기업,IT,제조업,정상운영,2018-04,6,,-109.0
S0905,H037,합작설립,교수창업,벤처기업,IT,제조업,정상운영,2020-09,4,0백만원,-144.0
S0906,H059,단독설립,교수창업,연구소기업,IT,전문과학및기술서비스업,정상운영,2023-02,1,"1,120백만원",36.0
S0907,H010,단독설립,학생창업,연구소기업,BT,제조업,정상운영,2019-08,5,"1,249백만원",-4.0
S0908,H030,지분편입(유상증자),전문경영인(창업자),연구소기업,BT,전문과학및기술서비스업,정상운영,2022-04,2,734백만원,127.0
S0909,H034,단독설립,교수창업,해당없음,BT,전문과학및기술서비스업,정상운영,2012-06,12,0백만원,-144.0
S0910,H081,단독설립,전문경영인(창업자),벤처기업,BT,제조업,투자회수(전액),2021-10,3,"99,999,999,999원",0.0
S0911,H076,단독설립,기타,연구소기업,BT,전문과학및기술서비스업,정상운영,2022-09,2,0백만원,-67.0
S0912,H026,단독설립,교수창업,해당없음,해당없음,정보통신업,정상운영,2020-11,4,0백만원,-11.0
S0913,H055,단독설립,교수창업,벤처기업,IT,제조업,정상운영,2017-05,7,337백만원,-148.0
S0914,H015,지분편입(지분매수),기타,벤처기업,BT,제조업,정상운영,2020-09,4,816백만원,44.0
S0915,H070,단독설립,교수창업,연구소기업,BT,제조업,정상운영,2016-09,8,0백만원,-29.0
S0916,H029,단독설립,전문경영인(파트너기업겸직파견등),벤처기업,NT,제조업,정상운영,2020-05,4,0백만원,-132.0
S0917,H083,지분편입(유상증자),교수창업,벤처기업,BT,전문과학및기술서비스업,정상운영,2023-12,1,0백만원,-101.0
S0918,H020,합작설립,교수창업,벤처기업,IT,정보통신업,정상운영,2019-01,5,0백만원,-127.0
S0919,H035,합작설립,교수창업,신기술창업전문회사,BT,도매및소매업,정상운영,2017-03,7,0백만원,-119.0
S0920,H019,지분편입(지분매수),교수창업,연구소기업,BT,정보통신업,폐업(청산),2018-02,6,0백만원,0.0
S0921,H010,지분편입(지분매수),전문경영인(파트너기업겸직파견등),벤처기업,해당없음,전문과학및기술서비스업,정상운영,2021-12,3,"2,122백만원",40.0
S0922,H008,단독설립,전문경영인(창업자),벤처기업,BT,제조업,정상운영,2020-12,4,0백만원,-21.0
S0923,H022,단독설립,교수창업,연구소기업,ET,제조업,정상운영,2017-12,7,265백만원,12.0
S0924,H040,지분편입(지분매수),전문경영인(창업자),연구소기업,NT,기타,정상운영,2019-06,5,0백만원,-59.0
S0925,H077,지분편입(지분매수),전문경영인(창업자),연구소기업,IT,전문과학및기술서비스업,정상운영,2021-06,3,"2,077백만원",137.0
S0926,H073,단독설립,학생창업,연구소기업,IT,정보통신업,정상운영,2023-08,1,485백만원,-137.0
S0927,H037,지분편입(지분매수),교수창업,연구소기업,IT,제조업,정상운영,2019-12,5,,-98.0
S0928,H057,합작설립,전문경영인(파트너기업겸직파견등),벤처기업,IT,정보통신업,정상운영,2021-04,3,"1,109백만원",-15.0
S0929,H016,지분편입(유상증자),전문경영인(창업자),연구소기업,해당없음,제조업,정상운영,2018-03,6,0백만원,-95.0
S0930,H060,단독설립,기타,해당없음,BT,정보통신업,정상운영,2018-06,6,,-126.0
S0931,H039,단독설립,무응답,연구소기업,BT,제조업,정상운영,2020-08,4,,-72.0
S0932,H052,단독설립,교수창업,해당없음,IT,교육서비스업,정상운영,2019-04,5,"2,125백만원",-138.0
S0933,H035,지분편입(유상증자),전문경영인(창업자),벤처기업,BT,전문과학및기술서비스업,투자회수(전액),2019-08,5,0백만원,0.0
S0934,H065,단독설립,교수창업,연구소기업,IT,정보통신업,정상운영,2019-06,5,646백만원,-38.0
S0935,H070,합작설립,전문경영인(창업자),해당없음,IT, 제 조 업 ,폐업(청산),2019-06,5,0백만원,0.0
S0936,H064,지분편입(지분매수),학생창업,벤처기업,BT,제조업,정상운영,2016-04,8,"1,466백만원",-46.0
S0937,H057,단독설립,무응답,벤처기업,IT,정보통신업,정상운영,2021-11,3,0백만원,-82.0
S0938,H011,지분편입(유상증자),학생창업,해당없음,BT,전문과학및기술서비스업,정상운영,2020-12,4,,-63.0
S0939,H077,단독설립,전문경영인(창업자),벤처기업,해당없음,정보통신업,정상운영,2018-05,6,739백만원,114.0
S0940,H006,지분편입(지분매수),교수창업,벤처기업,IT,제조업,정상운영,2023-05,1,"2,151백만원",-69.0
S0941,H056,지분편입(지분매수),교수창업,해당없음,BT,전문과학및기술서비스업,정상운영,2022-10,2,"1,862백만원",-123.0
S0942,H042,합작설립,전문경영인(창업자),벤처기업,BT,정보통신업,정상운영,2018-12,6,,-129.0
S0943,H078,지분편입(지분매수),교수창업,벤처기업,ET,정보통신업,정상운영,2023-01,1,,-41.0
S0944,H033,단독설립,학생창업,연구소기업,BT,제조업,정상운영,2012-03,12,0백만원,-35.0
S0945,H004,단독설립,무응답,연구소기업,해당없음,기타,정상운영,2017-02,7,849백만원,93.0
S0946,H012,지분편입(유상증자),교수창업,해당없음,BT,제조업,정상운영,2017-11,7,"1,176백만원",70.0
S0947,H030,합작설립,교수창업,벤처기업,IT,제조업,정상운영,2019-07,5,0백만원,-33.0
S0948,H074,단독설립,교수창업,연구소기업,IT,제조업,정상운영,2017-07,7,0백만원,-125.0
S0949,H076,합작설립,전문경영인(창업자),연구소기업,CT,제조업,정상운영,2019-07,5,"1,838백만원",115.0
S0950,H003,단독설립,전문경영인(파트너기업겸직파견등),벤처기업,IT,기타,정상운영,2018-08,6,399백만원,-103.0
S0951,H035,단독설립,교수창업,연구소기업,BT,정보통신업,정상운영,2023-01,1,0백만원,
S0952,H074,단독설립,교수창업,연구소기업,IT,제조업,정상운영,2020-09,4,"1,580백만원",-115.0
S0953,H006,단독설립,교수창업,연구소기업,NT,제조업,정상운영,2011-01,13,"1,910백만원",2.0
S0954,H023,단독설립,기타,벤처기업,IT,정보통신업,정상운영,2013-09,11,0백만원,-75.0
S0955,H061,단독설립,교수창업,벤처기업,BT,정보통신업,정상운영,2019-06,5,0백만원,-103.0
S0956,H067,지분편입(지분매수),전문경영인(창업자),연구소기업,NT,전문과학및기술서비스업,정상운영,2018-01,6,0백만원,-86.0
S0957,H084,단독설립,전문경영인(파트너기업겸직파견등),연구소기업,IT,제조업,정상운영,2009-10,15,"1,126백만원",-20.0
S0958,H057,지분편입(지분매수),교수창업,해당없음,IT, 제 조 업 ,정상운영,2017-07,7,0백만원,-91.0
S0959,H036,합작설립,교수창업,신기술창업전문회사,해당없음,전문과학및기술서비스업,정상운영,2022-01,2,25백만원,-121.0
S0960,H024,단독설립,전문경영인(창업자),해당없음,BT,제조업,정상운영,2009-09,15,0백만원,-106.0
S0961,H075,단독설립,교수창업,연구소기업,IT,정보통신업,정상운영,2019-06,5,"1,435백만원",-84.0
S0962,H056,단독설립,전문경영인(창업자),해당없음,IT,제조업,정상운영,2013-09,11,0백만원,-32.0
S0963,H082,지분편입(지분매수),교수창업,해당없음,해당없음,정보통신업,정상운영,2010-08,14,104백만원,-54.0
S0964,H063,지분편입(지분매수),학생창업,벤처기업,IT,정보통신업,정상운영,2023-05,1,"1,225백만원",19.0
S0965,H012,지분편입(지분매수),전문경영인(창업자),연구소기업,BT,정보통신업,정상운영,2021-10,3,,-91.0
S0966,H061,지분편입(지분매수),무응답,벤처기업,해당없음,정보통신업,정상운영,2019-06,5,0백만원,-70.0
S0967,H045,합작설립,전문경영인(창업자),연구소기업,IT,정보통신업,정상운영,2018-11,6,872백만원,-91.0
S0968,H053,합작설립,전문경영인(창업자),연구소기업,BT,정보통신업,정상운영,2022-02,2,0백만원,-139.0
S0969,H043,단독설립,기타,해당없음,IT,제조업,정상운영,2021-12,3,"1,190백만원",-75.0
S0970,H042,지분편입(지분매수),학생창업,해당없음,BT, 제 조 업 ,정상운영,2016-02,8,0백만원,-118.0
S0971,H014,지분편입(지분매수),교수창업,해당없음,BT,제조업,정상운영,2020-10,4,0백만원,-72.0
S0972,H021,지분편입(지분매수),교수창업,벤처기업,BT,정보통신업,정상운영,2015-02,9,858백만원,-12.0
S0973,H043,지분편입(지분매수),전문경영인(창업자),벤처기업,IT,전문과학및기술서비스업,정상운영,2014-09,10,,-36.0
S0974,H053,단독설립,교수창업,벤처기업,IT,정보통신업,정상운영,2009-02,15,0백만원,-41.0
S0975,H064,지분편입(지분매수),교수창업,해당없음,BT,기타,정상운영,2017-09,7,671백만원,-33.0
S0976,H037,지분편입(유상증자),전문경영인(파트너기업겸직파견등),해당없음,BT,제조업,정상운영,2019-03,5,0백만원,-85.0
S0977,H052,지분편입(지분매수),전문경영인(창업자),해당없음,IT,제조업,투자회수(일부),2009-09,15,0백만원,0.0
S0978,H071,단독설립,전문경영인(파트너기업겸직파견등),연구소기업,IT,제조업,정상운영,2019-02,5,"1,611백만원",-82.0
S0979,H005,단독설립,학생창업,벤처기업, iT ,정보통신업,정상운영,2010-10,14,"1,889백만원",-86.0
S0980,H059,지분편입(지분매수),기타,연구소기업,BT,제조업,정상운영,2023-08,1,0백만원,-80.0
S0981,H012,단독설립,기타,벤처기업,CT,전문과학및기술서비스업,정상운영,2022-10,2,0백만원,-76.0
S0982,H041,지분편입(유상증자),전문경영인(창업자),해당없음,IT,제조업,정상운영,2018-11,6,566백만원,-13.0
S0983,H033,단독설립,교수창업,벤처기업,ET,전문과학및기술서비스업,정상운영,2023-04,1,"1,311백만원",-122.0
S0984,H042,단독설립,무응답,해당없음,BT,전문과학및기술서비스업,정상운영,2021-02,3,0백만원,-15.0
S0985,H015,단독설립,교수창업,연구소기업,BT,교육서비스업,정상운영,2014-11,10,0백만원,-138.0
S0986,H052,단독설립,기타,벤처기업,BT,제조업,투자회수(전액),2023-07,1,,0.0
S0987,H066,합작설립,기타,연구소기업,IT,제조업,정상운영,2021-05,3,0백만원,-55.0
S0988,H001,지분편입(지분매수),교수창업,해당없음,IT,전문과학및기술서비스업,정상운영,2022-08,2,0백만원,-132.0
S0989,H070,단독설립,전문경영인(창업자),연구소기업,ET,정보통신업,정상운영,2023-08,1,0백만원,-120.0
S0990,H060,합작설립,전문경영인(창업자),벤처기업,IT,정보통신업,정상운영,2009-12,15,0백만원,-130.0
S0991,H053,단독설립,교수창업,연구소기업,ET,제조업,정상운영,2016-03,8,,-44.0
S0992,H007,합작설립,전문경영인(창업자),해당없음,BT,제조업,정상운영,2023-11,1,146백만원,-93.0
S0993,H025,합작설립,교수창업,연구소기업,BT,제조업,정상운영,2022-06,2,0백만원,-60.0
S0994,H067,지분편입(유상증자),전문경영인(창업자),연구소기업,NT,정보통신업,정상운영,2021-02,3,750백만원,-69.0
S0995,H047,지분편입(지분매수),교수창업,연구소기업,IT,제조업,투자회수(전액),2016-03,8,0백만원,0.0
S0996,H080,합작설립,무응답,연구소기업, iT ,기타,정상운영,2022-11,2,0백만원,
S0997,H064,지분편입(지분매수),학생창업,연구소기업,ET,정보통신업,정상운영,2015-10,9,"1,864백만원",152.0
S0998,H081,합작설립,교수창업,해당없음,해당없음,전문과학및기술서비스업,정상운영,2018-06,6,0백만원,-78.0
S0999,H057,합작설립,교수창업,연구소기업,IT,제조업,정상운영,2021-08,3,,
S1000,H007,지분편입(지분매수),교수창업,해당없음,ET,제조업,정상운영,2018-09,6,643백만원,125.0
S1001,H027,단독설립,전문경영인(파트너기업겸직파견등),해당없음,ET,정보통신업,정상운영,2020-12,4,,-53.0
S1002,H035,합작설립,전문경영인(파트너기업겸직파견등),해당없음,NT,제조업,정상운영,2023-12,1,0백만원,
S1003,H071,단독설립,교수창업,연구소기업,해당없음,제조업,정상운영,2019-07,5,"1,351백만원",3.0
S1004,H017,합작설립,전문경영인(창업자),연구소기업,BT,제조업,정상운영,2021-01,3,0백만원,-143.0
S1005,H037,단독설립,전문경영인(창업자),해당없음,해당없음,정보통신업,정상운영,2023-07,1,,-67.0
S1006,H057,단독설립,전문경영인(창업자),연구소기업,NT,제조업,투자회수(전액),2020-10,4,0백만원,0.0
S1007,H063,합작설립,학생창업,해당없음,IT,정보통신업,휴업,2023-05,1,0백만원,0.0
S1008,H016,지분편입(지분매수),무응답,벤처기업,해당없음,제조업,정상운영,2019-01,5,0백만원,-37.0
S1009,H004,단독설립,교수창업,연구소기업,해당없음, 제 조 업 ,정상운영,2019-10,5,353백만원,-52.0
S1010,H081,합작설립,교수창업,해당없음,BT,도매및소매업,정상운영,2018-07,6,0백만원,-11.0
S1011,H078,단독설립,교수창업,연구소기업,ET,전문과학및기술서비스업,정상운영,2021-01,3,,114.0
S1012,H031,합작설립,학생창업,해당없음,ET,정보통신업,정상운영,2017-01,7,"1,917백만원",-76.0
S1013,H021,단독설립,학생창업,벤처기업,ET,제조업,정상운영,2019-04,5,0백만원,-7.0
S1014,H040,합작설립,전문경영인(창업자),연구소기업,IT,기타,정상운영,2022-06,2,0백만원,-92.0
S1015,H071,합작설립,전문경영인(창업자),해당없음,IT,전문과학및기술서비스업,폐업(청산),2016-07,8,0백만원,0.0
S1016,H002,지분편입(지분매수),전문경영인(파트너기업겸직파견등),벤처기업,CT,제조업,정상운영,2021-03,3,"1,526백만원",-132.0
S1017,H071,지분편입(지분매수),학생창업,해당없음,BT,제조업,정상운영,2017-05,7,"1,706백만원",-49.0
S1018,H053,단독설립,전문경영인(창업자),벤처기업,IT,전문과학및기술서비스업,정상운영,2018-04,6,,
S1019,H012,지분편입(지분매수),학생창업,해당없음,NT,정보통신업,정상운영,2017-10,7,0백만원,-36.0
S1020,H029,합작설립,무응답,연구소기업,IT,교육서비스업,정상운영,2022-11,2,"2,146백만원",-109.0
S1021,H015,지분편입(지분매수),학생창업,해당없음,BT,전문과학및기술서비스업,정상운영,2020-06,4,"1,300백만원",113.0
S1022,H060,단독설립,전문경영인(창업자),해당없음,해당없음,전문과학및기술서비스업,정상운영,2022-09,2,"2,050백만원",-99.0
S1023,H016,단독설립,교수창업,벤처기업,IT,제조업,정상운영,2018-08,6,"1,023백만원",-118.0
S1024,H083,합작설립,기타,벤처기업,BT,제조업,정상운영,2023-11,1,,-115.0
S1025,H020,지분편입(지분매수),기타,해당없음,BT,제조업,정상운영,2008-11,16,"1,509백만원",133.0
S1026,H064,단독설립,교수창업,연구소기업,ET,제조업,정상운영,2020-04,4,,-122.0
S1027,H038,지분편입(지분매수),전문경영인(창업자),벤처기업,IT,전문과학및기술서비스업,정상운영,2019-10,5,0백만원,-21.0
S1028,H066,단독설립,교수창업,해당없음,IT,정보통신업,정상운영,2019-06,5,"2,028백만원",25.0
S1029,H035,지분편입(지분매수),학생창업,벤처기업,BT, 제 조 업 ,정상운영,2017-12,7,0백만원,
S1030,H054,합작설립,교수창업,해당없음,IT,제조업,정상운영,2022-10,2,373백만원,
S1031,H062,지분편입(지분매수),교수창업,해당없음,IT,전문과학및기술서비스업,정상운영,2018-03,6,0백만원,-71.0
S1032,H061,합작설립,교수창업,연구소기업,IT,교육서비스업,정상운영,2019-04,5,"1,717백만원",-102.0
S1033,H032,합작설립,교수창업,이노비즈기업,IT,제조업,정상운영,2021-03,3,0백만원,-26.0
S1034,H059,단독설립,전문경영인(창업자),벤처기업,ET,전문과학및기술서비스업,정상운영,2019-04,5,0백만원,-98.0
S1035,H071,합작설립,무응답,해당없음,NT,제조업,정상운영,2017-05,7,992백만원,-83.0
S1036,H019,단독설립,기타,해당없음,BT,기타,정상운영,2018-03,6,0백만원,-52.0
S1037,H050,단독설립,교수창업,해당없음,NT,정보통신업,정상운영,2017-02,7,0백만원,-93.0
S1038,H025,단독설립,교수창업,벤처기업,IT,제조업,정상운영,2023-01,1,"1,319백만원",24.0
S1039,H077,지분편입(유상증자),전문경영인(파트너기업겸직파견등),연구소기업,IT,정보통신업,정상운영,2017-09,7,0백만원,-31.0
S1040,H066,단독설립,전문경영인(창업자),해당없음,BT,정보통신업,정상운영,2018-10,6,"1,805백만원",-55.0
S1041,H018,단독설립,무응답,연구소기업,IT,제조업,정상운영,2020-01,4,"1,819백만원",-125.0
S1042,H009,지분편입(지분매수),학생창업,해당없음,IT,제조업,투자회수(전액),2019-03,5,0백만원,
S1043,H036,합작설립,교수창업,연구소기업,해당없음,제조업,정상운영,2019-09,5,643백만원,
S1044,H054,지분편입(지분매수),교수창업,연구소기업,IT,제조업,정상운영,2021-06,3,513백만원,114.0
S1045,H044,단독설립,교수창업,연구소기업,ET,정보통신업,정상운영,2023-02,1,,4.0
S1046,H065,단독설립,전문경영인(창업자),해당없음,BT,전문과학및기술서비스업,정상운영,2019-06,5,,83.0
S1047,H035,단독설립,교수창업,벤처기업,IT,정보통신업,정상운영,2021-06,3,"2,070백만원",
S1048,H001,합작설립,교수창업,연구소기업,IT,도매및소매업,폐업(청산),2021-04,3,0백만원,0.0
S1049,H037,단독설립,학생창업,연구소기업,해당없음,제조업,정상운영,2020-11,4,"99,999,999,999원",-68.0
S1050,H039,단독설립,학생창업,벤처기업,ET,정보통신업,정상운영,2021-04,3,0백만원,-106.0
S1051,H076,지분편입(지분매수),학생창업,연구소기업,BT,전문과학및기술서비스업,정상운영,2020-04,4,0백만원,
S1052,H075,지분편입(지분매수),기타,연구소기업,IT,정보통신업,정상운영,2020-05,4,,-30.0
S1053,H063,단독설립,학생창업,연구소기업,ET, 제 조 업 ,정상운영,2022-03,2,0백만원,-82.0
S1054,H020,지분편입(유상증자),교수창업,연구소기업,IT,제조업,투자회수(일부),2019-07,5,0백만원,0.0
S1055,H058,단독설립,교수창업,벤처기업,BT,기타,정상운영,2017-05,7,0백만원,
S1056,H069,단독설립,학생창업,연구소기업,IT,제조업,정상운영,2018-04,6,"1,126백만원",-108.0
S1057,H062,단독설립,전문경영인(파트너기업겸직파견등),벤처기업,BT,전문과학및기술서비스업,정상운영,2020-04,4,256백만원,
S1058,H045,합작설립,교수창업,해당없음,IT,전문과학및기술서비스업,정상운영,2020-06,4,,-74.0
S1059,H043,합작설립,교수창업,해당없음,IT,정보통신업,투자회수(일부),2023-01,1,0백만원,0.0
S1060,H071,단독설립,기타,연구소기업,해당없음,제조업,정상운영,2017-03,7,,-108.0
S1061,H070,지분편입(유상증자),교수창업,해당없음,BT,제조업,정상운영,2023-08,1,293백만원,-149.0
S1062,H049,합작설립,학생창업,연구소기업,IT,정보통신업,정상운영,2009-02,15,642백만원,-17.0
S1063,H059,지분편입(지분매수),교수창업,연구소기업,IT,정보통신업,정상운영,2023-07,1,0백만원,-11.0
S1064,H042,지분편입(지분매수),학생창업,연구소기업,IT, 제 조 업 ,정상운영,2023-01,1,0백만원,
S1065,H025,단독설립,교수창업,해당없음,BT,정보통신업,정상운영,2022-08,2,"2,173백만원",-81.0
S1066,H031,단독설립,전문경영인(창업자),연구소기업,BT,전문과학및기술서비스업,정상운영,2019-12,5,0백만원,-70.0
S1067,H074,단독설립,학생창업,해당없음,ET,제조업,정상운영,2016-12,8,0백만원,-95.0
S1068,H050,단독설립,교수창업,연구소기업,NT,제조업,정상운영,2023-04,1,0백만원,-92.0
S1069,H030,합작설립,전문경영인(창업자),기타,IT,정보통신업,정상운영,2018-07,6,428백만원,
S1070,H053,합작설립,기타,해당없음,BT,제조업,정상운영,2019-01,5,738백만원,-38.0
S1071,H006,합작설립,무응답,해당없음,IT, 제 조 업 ,정상운영,2019-08,5,"1,858백만원",-75.0
S1072,H041,지분편입(지분매수),기타,연구소기업,해당없음,정보통신업,정상운영,2022-08,2,0백만원,-44.0
S1073,H061,지분편입(지분매수),교수창업,연구소기업,IT, 제 조 업 ,정상운영,2018-07,6,0백만원,-62.0
S1074,H049,합작설립,교수창업,벤처기업, iT ,정보통신업,정상운영,2019-04,5,0백만원,-24.0
S1075,H050,지분편입(지분매수),기타,해당없음,NT,제조업,정상운영,2018-04,6,0백만원,-29.0
S1076,H084,합작설립,학생창업,벤처기업,BT,전문과학및기술서비스업,정상운영,2022-07,2,"2,130백만원",-63.0
S1077,H020,합작설립,교수창업,벤처기업,해당없음,전문과학및기술서비스업,폐업(청산),2016-10,8,0백만원,0.0
S1078,H064,지분편입(유상증자),교수창업,연구소기업,해당없음,정보통신업,정상운영,2023-02,1,79백만원,60.0
S1079,H005,단독설립,교수창업,기타,IT,전문과학및기술서비스업,정상운영,2019-02,5,,145.0
S1080,H017,단독설립,전문경영인(창업자),연구소기업,BT,제조업,폐업(청산),2014-03,10,0백만원,0.0
S1081,H065,합작설립,기타,벤처기업,BT,전문과학및기술서비스업,정상운영,2019-09,5,0백만원,-22.0
S1082,H076,합작설립,학생창업,해당없음,IT,제조업,정상운영,2019-10,5,939백만원,
S1083,H043,단독설립,교수창업,연구소기업,해당없음,제조업,정상운영,2018-12,6,"1,792백만원",
S1084,H013,지분편입(지분매수),교수창업,벤처기업,BT,정보통신업,정상운영,2017-09,7,"1,004백만원",-102.0
S1085,H057,합작설립,교수창업,벤처기업,IT,제조업,정상운영,2017-02,7,0백만원,
S1086,H013,지분편입(지분매수),전문경영인(파트너기업겸직파견등),벤처기업,BT,전문과학및기술서비스업,정상운영,2021-03,3,"1,470백만원",147.0
S1087,H068,단독설립,무응답,해당없음,IT,제조업,정상운영,2023-04,1,0백만원,-5.0
S1088,H059,지분편입(지분매수),기타,연구소기업,ET,정보통신업,정상운영,2015-02,9,0백만원,-10.0
S1089,H002,단독설립,전문경영인(파트너기업겸직파견등),해당없음,IT,제조업,정상운영,2023-08,1,0백만원,-54.0
S1090,H019,지분편입(지분매수),전문경영인(파트너기업겸직파견등),이노비즈기업,IT,정보통신업,정상운영,2022-12,2,0백만원,-56.0
S1091,H053,지분편입(지분매수),전문경영인(창업자),벤처기업,IT,정보통신업,정상운영,2011-10,13,,-50.0
S1092,H084,합작설립,학생창업,해당없음,IT,제조업,정상운영,2020-06,4,0백만원,-100.0
S1093,H020,단독설립,교수창업,해당없음,IT,정보통신업,정상운영,2021-12,3,0백만원,-62.0
S1094,H010,단독설립,전문경영인(창업자),연구소기업,ET,제조업,정상운영,2017-06,7,0백만원,-144.0
S1095,H061,단독설립,기타,연구소기업,BT,정보통신업,정상운영,2015-07,9,0백만원,-73.0
S1096,H034,지분편입(유상증자),학생창업,신기술창업전문회사,BT,전문과학및기술서비스업,정상운영,2018-04,6,0백만원,-75.0
S1097,H044,지분편입(지분매수),전문경영인(창업자),해당없음,BT,기타,정상운영,2013-04,11,232백만원,-110.0
S1098,H080,지분편입(지분매수),전문경영인(창업자),해당없음,BT,제조업,정상운영,2018-02,6,0백만원,-20.0
S1099,H051,단독설립,교수창업,신기술창업전문회사,BT,전문과학및기술서비스업,정상운영,2022-09,2,0백만원,-114.0
S1100,H084,지분편입(지분매수),교수창업,연구소기업,IT,제조업,정상운영,2023-06,1,0백만원,-94.0
S1101,H011,단독설립,교수창업,벤처기업, iT ,전문과학및기술서비스업,정상운영,2021-08,3,0백만원,-13.0
S1102,H043,단독설립,교수창업,기타,BT,제조업,정상운영,2021-05,3,638백만원,-124.0
S1103,H069,합작설립,학생창업,연구소기업,BT,제조업,정상운영,2018-09,6,"1,085백만원",-114.0
S1104,H049,합작설립,교수창업,신기술창업전문회사, iT ,제조업,정상운영,2021-02,3,"2,029백만원",-100.0
S1105,H041,지분편입(유상증자),전문경영인(창업자),벤처기업,ET,제조업,정상운영,2020-08,4,0백만원,-99.0
S1106,H081,지분편입(지분매수),전문경영인(창업자),벤처기업,IT,전문과학및기술서비스업,정상운영,2021-01,3,555백만원,-103.0
S1107,H063,합작설립,교수창업,연구소기업,해당없음,전문과학및기술서비스업,정상운영,2012-01,12,0백만원,-49.0
S1108,H070,단독설립,교수창업,해당없음,IT,정보통신업,정상운영,2022-07,2,0백만원,-19.0
S1109,H005,단독설립,교수창업,해당없음,BT,전문과학및기술서비스업,정상운영,2017-07,7,"1,768백만원",-91.0
S1110,H080,지분편입(지분매수),학생창업,해당없음,IT,제조업,휴업,2010-07,14,0백만원,0.0
S1111,H009,단독설립,기타,벤처기업, iT ,제조업,정상운영,2016-02,8,0백만원,-1.0
S1112,H031,지분편입(지분매수),교수창업,연구소기업,IT,제조업,정상운영,2022-06,2,,15.0
S1113,H081,단독설립,교수창업,벤처기업,IT, 제 조 업 ,정상운영,2021-06,3,,-6.0
S1114,H037,단독설립,교수창업,연구소기업,IT,전문과학및기술서비스업,정상운영,2023-05,1,,-15.0
S1115,H030,합작설립,교수창업,연구소기업,IT, 제 조 업 ,정상운영,2021-02,3,0백만원,-88.0
S1116,H012,합작설립,전문경영인(창업자),벤처기업,BT,제조업,정상운영,2018-07,6,"1,741백만원",-89.0
S1117,H056,지분편입(지분매수),교수창업,해당없음,NT,제조업,정상운영,2023-11,1,"1,861백만원",-78.0
S1118,H013,단독설립,교수창업,벤처기업,BT,도매및소매업,정상운영,2018-05,6,0백만원,-19.0
S1119,H082,단독설립,교수창업,기타,ET,제조업,정상운영,2017-04,7,458백만원,83.0
S1120,H013,지분편입(유상증자),무응답,해당없음,CT, 제 조 업 ,정상운영,2019-12,5,"1,946백만원",68.0
S1121,H057,단독설립,전문경영인(창업자),해당없음,NT,교육서비스업,정상운영,2022-02,2,590백만원,-31.0
S1122,H022,단독설립,기타,벤처기업,BT,전문과학및기술서비스업,정상운영,2021-11,3,"1,066백만원",8.0
S1123,H039,단독설립,전문경영인(창업자),벤처기업,BT,제조업,정상운영,2018-11,6,"1,262백만원",-75.0
S1124,H004,지분편입(지분매수),교수창업,연구소기업,IT,기타,정상운영,2008-07,16,448백만원,
S1125,H006,단독설립,전문경영인(창업자),연구소기업,BT,전문과학및기술서비스업,정상운영,2009-08,15,260백만원,-129.0
S1126,H042,단독설립,전문경영인(창업자),해당없음,해당없음, 제 조 업 ,정상운영,2019-01,5,0백만원,-102.0
S1127,H008,단독설립,학생창업,벤처기업,IT,전문과학및기술서비스업,정상운영,2017-05,7,369백만원,7.0
S1128,H038,단독설립,전문경영인(창업자),벤처기업,IT,정보통신업,정상운영,2022-12,2,,-96.0
S1129,H046,단독설립,전문경영인(창업자),해당없음,IT,정보통신업,정상운영,2018-11,6,"1,852백만원",-20.0
S1130,H048,합작설립,교수창업,해당없음,CT,제조업,정상운영,2015-06,9,0백만원,-42.0
S1131,H056,지분편입(지분매수),교수창업,연구소기업,ET,도매및소매업,정상운영,2023-01,1,,
S1132,H019,지분편입(지분매수),전문경영인(창업자),연구소기업,BT,제조업,정상운영,2022-03,2,0백만원,-82.0
S1133,H032,단독설립,교수창업,해당없음,IT,제조업,투자회수(전액),2019-04,5,0백만원,0.0
S1134,H068,단독설립,교수창업,연구소기업,IT,전문과학및기술서비스업,정상운영,2008-03,16,637백만원,73.0
S1135,H053,지분편입(지분매수),교수창업,해당없음,BT,전문과학및기술서비스업,정상운영,2023-10,1,0백만원,-54.0
S1136,H073,지분편입(지분매수),교수창업,해당없음,IT,정보통신업,정상운영,2022-01,2,"2,051백만원",60.0
S1137,H024,지분편입(지분매수),무응답,연구소기업,IT,정보통신업,정상운영,2017-03,7,0백만원,-134.0
S1138,H022,지분편입(지분매수),교수창업,연구소기업,IT,정보통신업,정상운영,2018-09,6,,-95.0
S1139,H023,지분편입(지분매수),학생창업,해당없음,IT,제조업,정상운영,2022-03,2,,-49.0
S1140,H011,단독설립,교수창업,벤처기업,IT,정보통신업,정상운영,2018-03,6,0백만원,-31.0
S1141,H079,단독설립,교수창업,해당없음,IT,교육서비스업,정상운영,2016-12,8,"1,554백만원",-95.0
S1142,H049,단독설립,교수창업,해당없음,해당없음,정보통신업,정상운영,2013-08,11,"2,208백만원",83.0
S1143,H080,단독설립,전문경영인(창업자),벤처기업,BT,제조업,정상운영,2017-01,7,0백만원,-29.0
S1144,H031,지분편입(지분매수),교수창업,해당없음, iT ,정보통신업,정상운영,2018-01,6,,-73.0
S1145,H064,합작설립,교수창업,해당없음,IT,정보통신업,정상운영,2019-10,5,0백만원,
S1146,H075,합작설립,교수창업,해당없음,IT,정보통신업,정상운영,2022-04,2,0백만원,-139.0
S1147,H019,단독설립,교수창업,연구소기업,BT,정보통신업,정상운영,2012-12,12,0백만원,-42.0
S1148,H030,지분편입(지분매수),전문경영인(창업자),신기술창업전문회사,BT,정보통신업,정상운영,2019-11,5,0백만원,
S1149,H060,단독설립,학생창업,해당없음,IT,제조업,정상운영,2018-05,6,"2,088백만원",120.0
S1150,H082,단독설립,교수창업,해당없음,BT,정보통신업,정상운영,2018-06,6,653백만원,18.0
S1151,H033,지분편입(지분매수),교수창업,연구소기업,IT,전문과학및기술서비스업,정상운영,2020-10,4,824백만원,96.0
S1152,H059,단독설립,전문경영인(파트너기업겸직파견등),벤처기업,IT,정보통신업,폐업(청산),2021-07,3,,0.0
S1153,H033,단독설립,교수창업,이노비즈기업,IT,제조업,정상운영,2023-03,1,744백만원,46.0
S1154,H002,단독설립,교수창업,연구소기업,BT,정보통신업,정상운영,2018-07,6,"1,449백만원",128.0
S1155,H060,지분편입(지분매수),전문경영인(창업자),연구소기업,BT,제조업,정상운영,2018-03,6,"1,563백만원",-143.0
S1156,H037,단독설립,학생창업,벤처기업,해당없음,전문과학및기술서비스업,투자회수(일부),2023-03,1,0백만원,0.0
S1157,H070,단독설립,전문경영인(창업자),연구소기업,BT,전문과학및기술서비스업,정상운영,2016-09,8,0백만원,
S1158,H021,지분편입(지분매수),학생창업,해당없음,IT,정보통신업,정상운영,2021-03,3,0백만원,
S1159,H010,합작설립,무응답,해당없음,BT,제조업,정상운영,2019-12,5,0백만원,-73.0
S1160,H057,단독설립,전문경영인(창업자),연구소기업,ET,제조업,정상운영,2019-11,5,"1,903백만원",
S1161,H045,단독설립,교수창업,해당없음,IT,제조업,정상운영,2016-03,8,0백만원,-106.0
S1162,H076,단독설립,전문경영인(창업자),해당없음,해당없음,정보통신업,정상운영,2018-06,6,,-39.0
S1163,H039,합작설립,교수창업,연구소기업,IT, 제 조 업 ,정상운영,2020-02,4,0백만원,
S1164,H082,지분편입(지분매수),기타,연구소기업,IT,제조업,정상운영,2021-03,3,"99,999,999,999원",-126.0
S1165,H055,단독설립,전문경영인(창업자),해당없음,BT,전문과학및기술서비스업,정상운영,2019-01,5,0백만원,
S1166,H033,단독설립,교수창업,해당없음,BT,제조업,정상운영,2019-08,5,0백만원,-120.0
S1167,H059,지분편입(지분매수),전문경영인(창업자),해당없음,IT,정보통신업,정상운영,2020-04,4,26백만원,-89.0
S1168,H039,단독설립,교수창업,연구소기업,IT,정보통신업,폐업(청산),2018-05,6,0백만원,0.0
S1169,H026,합작설립,교수창업,연구소기업,CT,정보통신업,정상운영,2019-07,5,"1,137백만원",
S1170,H050,지분편입(지분매수),교수창업,연구소기업,IT,전문과학및기술서비스업,정상운영,2020-11,4,209백만원,-7.0
S1171,H062,합작설립,학생창업,기타,BT,도매및소매업,정상운영,2013-06,11,357백만원,
S1172,H014,합작설립,전문경영인(창업자),신기술창업전문회사, iT ,정보통신업,정상운영,2022-05,2,,-4.0
S1173,H031,단독설립,기타,벤처기업,BT,제조업,투자회수(전액),2023-10,1,0백만원,0.0
S1174,H049,단독설립,기타,신기술창업전문회사,IT, 제 조 업 ,정상운영,2023-06,1,"1,982백만원",54.0
S1175,H074,단독설립,교수창업,해당없음,IT,도매및소매업,정상운영,2018-01,6,0백만원,-60.0
S1176,H046,단독설립,학생창업,연구소기업,BT,전문과학및기술서비스업,정상운영,2023-01,1,395백만원,-67.0
S1177,H074,단독설립,학생창업,연구소기업,BT,제조업,정상운영,2017-06,7,740백만원,-46.0
S1178,H038,합작설립,기타,연구소기업,NT,전문과학및기술서비스업,정상운영,2018-01,6,0백만원,-84.0
S1179,H038,지분편입(지분매수),교수창업,해당없음,IT,제조업,정상운영,2018-08,6,0백만원,-142.0
S1180,H003,지분편입(지분매수),학생창업,연구소기업,IT,기타,정상운영,2023-01,1,0백만원,-88.0
S1181,H051,단독설립,학생창업,해당없음,해당없음, 제 조 업 ,정상운영,2022-12,2,"99,999,999,999원",80.0
S1182,H036,합작설립,교수창업,연구소기업,BT,제조업,정상운영,2020-03,4,0백만원,-141.0
S1183,H002,합작설립,무응답,해당없음,BT,제조업,정상운영,2010-07,14,34백만원,-47.0
S1184,H073,지분편입(지분매수),교수창업,벤처기업,BT,제조업,정상운영,2021-01,3,0백만원,-90.0
S1185,H007,지분편입(지분매수),교수창업,연구소기업,IT,제조업,정상운영,2015-09,9,0백만원,-73.0
S1186,H078,단독설립,교수창업,해당없음,BT,제조업,정상운영,2020-07,4,0백만원,
S1187,H064,합작설립,학생창업,연구소기업,IT,제조업,정상운영,2023-10,1,0백만원,-12.0
S1188,H037,합작설립,기타,해당없음,해당없음,제조업,정상운영,2017-12,7,,-138.0
S1189,H030,지분편입(지분매수),교수창업,해당없음,BT,제조업,정상운영,2021-09,3,0백만원,
S1190,H078,지분편입(지분매수),전문경영인(창업자),벤처기업,ET,전문과학및기술서비스업,정상운영,2021-03,3,0백만원,-109.0
S1191,H046,단독설립,전문경영인(파트너기업겸직파견등),벤처기업,BT,정보통신업,정상운영,2017-03,7,0백만원,
S1192,H029,지분편입(지분매수),전문경영인(창업자),해당없음,ET,제조업,정상운영,2011-02,13,213백만원,92.0
S1193,H082,단독설립,전문경영인(창업자),해당없음,BT,정보통신업,정상운영,2019-01,5,832백만원,38.0
S1194,H025,단독설립,전문경영인(파트너기업겸직파견등),이노비즈기업,BT,정보통신업,정상운영,2019-06,5,,-9.0
S1195,H080,지분편입(지분매수),교수창업,벤처기업,ET, 제 조 업 ,정상운영,2019-04,5,223백만원,112.0
S1196,H033,지분편입(지분매수),교수창업,연구소기업,BT,제조업,정상운영,2008-02,16,0백만원,-87.0
S1197,H018,지분편입(유상증자),학생창업,벤처기업,IT,제조업,정상운영,2023-07,1,86백만원,109.0
S1198,H081,단독설립,학생창업,해당없음,NT,정보통신업,정상운영,2021-02,3,0백만원,-57.0
S1199,H013,단독설립,교수창업,연구소기업,IT,제조업,폐업(청산),2018-02,6,0백만원,
S1200,H081,합작설립,전문경영인(파트너기업겸직파견등),해당없음,해당없음,정보통신업,정상운영,2008-08,16,0백만원,-25.0
S1201,H083,합작설립,무응답,해당없음,BT,제조업,정상운영,2023-08,1,0백만원,-113.0
S1202,H006,단독설립,학생창업,해당없음,BT,제조업,폐업(청산),2018-07,6,0백만원,0.0
S1203,H040,합작설립,교수창업,벤처기업,BT,정보통신업,정상운영,2023-09,1,0백만원,
S1204,H057,지분편입(지분매수),교수창업,해당없음,BT,제조업,정상운영,2018-08,6,0백만원,-43.0
S1205,H005,단독설립,전문경영인(창업자),해당없음,IT,정보통신업,정상운영,2023-03,1,"1,843백만원",-73.0
S1206,H075,단독설립,기타,해당없음,BT,제조업,정상운영,2022-10,2,"1,181백만원",-28.0
S1207,H047,지분편입(지분매수),전문경영인(파트너기업겸직파견등),벤처기업,IT,제조업,정상운영,2021-11,3,911백만원,-1.0
S1208,H017,단독설립,학생창업,해당없음,IT,정보통신업,정상운영,2021-01,3,0백만원,-13.0
S1209,H012,합작설립,전문경영인(창업자),해당없음,IT,정보통신업,정상운영,2013-05,11,"1,944백만원",-46.0
S1210,H038,지분편입(지분매수),교수창업,연구소기업,해당없음,전문과학및기술서비스업,정상운영,2023-08,1,0백만원,-20.0
S1211,H042,지분편입(지분매수),교수창업,벤처기업,BT,정보통신업,정상운영,2019-08,5,0백만원,-33.0
S1212,H054,지분편입(지분매수),전문경영인(창업자),벤처기업,IT,전문과학및기술서비스업,정상운영,2022-05,2,13백만원,36.0
S1213,H023,단독설립,교수창업,벤처기업,ET,제조업,정상운영,2012-03,12,0백만원,-144.0
S1214,H026,단독설립,전문경영인(파트너기업겸직파견등),벤처기업,BT,제조업,정상운영,2022-06,2,0백만원,
S1215,H017,단독설립,학생창업,연구소기업,IT,제조업,정상운영,2019-11,5,0백만원,-23.0
S1216,H070,지분편입(지분매수),기타,해당없음,BT,전문과학및기술서비스업,정상운영,2023-09,1,"99,999,999,999원",
S1217,H047,지분편입(지분매수),교수창업,연구소기업,NT,전문과학및기술서비스업,정상운영,2022-06,2,0백만원,
S1218,H068,지분편입(지분매수),교수창업,벤처기업,해당없음,제조업,정상운영,2020-10,4,0백만원,-70.0
S1219,H065,합작설립,교수창업,해당없음,BT,제조업,정상운영,2023-11,1,0백만원,
S1220,H035,단독설립,교수창업,해당없음, iT ,제조업,정상운영,2021-12,3,0백만원,-11.0
S1221,H022,지분편입(지분매수),교수창업,기타, iT ,정보통신업,정상운영,2020-02,4,22백만원,48.0
S1222,H033,합작설립,전문경영인(창업자),연구소기업,해당없음,정보통신업,정상운영,2016-08,8,,-62.0
S1223,H062,지분편입(지분매수),기타,벤처기업,BT,전문과학및기술서비스업,정상운영,2022-08,2,,
S1224,H038,단독설립,교수창업,해당없음,IT,제조업,정상운영,2021-12,3,0백만원,-54.0
S1225,H044,단독설립,교수창업,해당없음,NT,제조업,정상운영,2018-10,6,420백만원,124.0
S1226,H015,단독설립,전문경영인(파트너기업겸직파견등),연구소기업,BT,정보통신업,정상운영,2020-04,4,"1,216백만원",103.0
S1227,H060,지분편입(유상증자),학생창업,기타,ET,정보통신업,정상운영,2019-03,5,,-121.0
S1228,H010,지분편입(지분매수),교수창업,해당없음,IT,제조업,정상운영,2018-04,6,"2,156백만원",134.0
S1229,H019,단독설립,전문경영인(창업자),벤처기업,BT,제조업,투자회수(전액),2011-09,13,,0.0
S1230,H029,단독설립,교수창업,해당없음,BT,정보통신업,정상운영,2021-03,3,0백만원,-43.0
S1231,H051,합작설립,교수창업,해당없음,IT,정보통신업,정상운영,2023-03,1,"1,795백만원",137.0
S1232,H072,합작설립,무응답,벤처기업,해당없음,제조업,정상운영,2020-04,4,0백만원,-91.0
S1233,H047,합작설립,학생창업,벤처기업,NT,기타,정상운영,2018-11,6,"2,254백만원",
S1234,H012,단독설립,전문경영인(창업자),해당없음,BT,전문과학및기술서비스업,정상운영,2018-02,6,0백만원,-8.0
S1235,H051,지분편입(지분매수),기타,연구소기업,해당없음,정보통신업,정상운영,2023-12,1,0백만원,-99.0
S1236,H002,단독설립,전문경영인(창업자),연구소기업,IT,전문과학및기술서비스업,정상운영,2021-02,3,0백만원,
S1237,H034,합작설립,교수창업,벤처기업,ET,전문과학및기술서비스업,정상운영,2018-12,6,"1,130백만원",83.0
S1238,H069,지분편입(유상증자),학생창업,연구소기업,BT,전문과학및기술서비스업,휴업,2022-07,2,0백만원,
S1239,H016,단독설립,전문경영인(창업자),연구소기업,IT,전문과학및기술서비스업,정상운영,2019-05,5,0백만원,-25.0
S1240,H059,단독설립,교수창업,연구소기업,IT,제조업,정상운영,2023-10,1,0백만원,-48.0
S1241,H048,단독설립,교수창업,연구소기업,IT,제조업,정상운영,2022-02,2,838백만원,88.0
S1242,H034,지분편입(지분매수),학생창업,연구소기업,ET,정보통신업,정상운영,2023-04,1,621백만원,111.0
S1243,H075,지분편입(지분매수),전문경영인(파트너기업겸직파견등),벤처기업,IT,정보통신업,폐업(청산),2023-04,1,0백만원,0.0
S1244,H049,합작설립,교수창업,연구소기업,BT,교육서비스업,정상운영,2020-05,4,0백만원,-63.0
S1245,H082,단독설립,교수창업,연구소기업,BT,전문과학및기술서비스업,정상운영,2017-03,7,0백만원,-18.0
S1246,H048,지분편입(유상증자),교수창업,벤처기업,NT,제조업,투자회수(전액),2020-12,4,0백만원,0.0
S1247,H014,지분편입(지분매수),교수창업,벤처기업,NT,정보통신업,정상운영,2023-11,1,234백만원,-114.0
S1248,H030,단독설립,학생창업,신기술창업전문회사,IT,정보통신업,정상운영,2021-05,3,0백만원,-118.0
S1249,H061,단독설립,학생창업,해당없음,BT,전문과학및기술서비스업,정상운영,2008-06,16,0백만원,-68.0
S1250,H004,단독설립,교수창업,연구소기업,IT,제조업,정상운영,2016-12,8,857백만원,-60.0
S1251,H080,단독설립,전문경영인(창업자),벤처기업,CT,정보통신업,정상운영,2021-08,3,0백만원,-109.0
S1252,H072,합작설립,교수창업,해당없음,BT, 제 조 업 ,정상운영,2019-11,5,14백만원,92.0
S1253,H042,단독설립,학생창업,벤처기업,해당없음,정보통신업,정상운영,2021-10,3,159백만원,-91.0
S1254,H079,지분편입(지분매수),무응답,연구소기업,IT,제조업,정상운영,2021-09,3,"1,828백만원",-80.0
S1255,H029,단독설립,기타,연구소기업,IT,정보통신업,정상운영,2018-09,6,0백만원,-10.0
S1256,H083,단독설립,학생창업,연구소기업,IT,제조업,정상운영,2023-10,1,0백만원,
S1257,H009,단독설립,기타,해당없음, iT ,제조업,정상운영,2021-05,3,0백만원,-119.0
S1258,H082,합작설립,기타,연구소기업,BT,전문과학및기술서비스업,정상운영,2018-03,6,0백만원,-143.0
S1259,H060,단독설립,교수창업,벤처기업,IT,제조업,정상운영,2018-06,6,0백만원,
S1260,H039,합작설립,교수창업,연구소기업, iT ,전문과학및기술서비스업,정상운영,2008-07,16,0백만원,-108.0
S1261,H084,합작설립,학생창업,연구소기업,ET,제조업,정상운영,2018-06,6,"1,879백만원",-4.0
S1262,H053,지분편입(지분매수),기타,해당없음,IT,전문과학및기술서비스업,정상운영,2023-11,1,0백만원,-90.0
S1263,H015,단독설립,기타,해당없음,CT,정보통신업,정상운영,2022-03,2,0백만원,-35.0
S1264,H018,합작설립,교수창업,해당없음,NT,교육서비스업,정상운영,2016-10,8,"1,899백만원",-39.0
S1265,H006,단독설립,교수창업,벤처기업,NT,전문과학및기술서비스업,폐업(청산),2021-12,3,0백만원,0.0
S1266,H005,단독설립,교수창업,기타,IT, 제 조 업 ,정상운영,2009-01,15,0백만원,-70.0
S1267,H039,지분편입(지분매수),무응답,연구소기업,IT,전문과학및기술서비스업,정상운영,2021-12,3,0백만원,-113.0
S1268,H064,단독설립,교수창업,해당없음, iT ,전문과학및기술서비스업,정상운영,2017-07,7,0백만원,-120.0
S1269,H015,단독설립,교수창업,연구소기업,IT,정보통신업,정상운영,2015-11,9,0백만원,-24.0
S1270,H013,단독설립,교수창업,벤처기업,IT,정보통신업,정상운영,2011-01,13,"99,999,999,999원",-7.0
S1271,H031,지분편입(지분매수),교수창업,해당없음,IT,전문과학및기술서비스업,폐업(청산),2022-04,2,0백만원,0.0
S1272,H069,단독설립,전문경영인(창업자),연구소기업,IT,제조업,정상운영,2020-03,4,0백만원,-75.0
S1273,H018,지분편입(지분매수),기타,해당없음,IT,정보통신업,정상운영,2019-01,5,"99,999,999,999원",-100.0
S1274,H050,합작설립,전문경영인(창업자),해당없음,IT,제조업,정상운영,2017-03,7,"2,253백만원",141.0
S1275,H059,단독설립,기타,연구소기업,NT,기타,정상운영,2012-11,12,0백만원,-133.0
S1276,H048,단독설립,전문경영인(파트너기업겸직파견등),연구소기업,IT,기타,정상운영,2022-01,2,0백만원,-60.0
S1277,H070,단독설립,전문경영인(파트너기업겸직파견등),연구소기업,ET,정보통신업,폐업(청산),2011-04,13,0백만원,0.0
S1278,H054,단독설립,학생창업,해당없음,IT, 제 조 업 ,정상운영,2017-03,7,0백만원,-12.0
S1279,H076,지분편입(지분매수),학생창업,해당없음,BT,제조업,투자회수(일부),2017-07,7,0백만원,0.0
S1280,H020,합작설립,교수창업,해당없음,IT,정보통신업,정상운영,2015-06,9,0백만원,-78.0
S1281,H054,합작설립,교수창업,연구소기업,BT,제조업,정상운영,2023-01,1,0백만원,-101.0
S1282,H084,합작설립,교수창업,벤처기업,NT,제조업,정상운영,2018-10,6,,-88.0
S1283,H013,합작설립,전문경영인(창업자),연구소기업,IT,전문과학및기술서비스업,정상운영,2023-08,1,"1,667백만원",93.0
S1284,H063,지분편입(지분매수),전문경영인(창업자),연구소기업,BT,정보통신업,정상운영,2022-08,2,"1,424백만원",123.0
S1285,H079,지분편입(지분매수),전문경영인(창업자),해당없음,BT,정보통신업,정상운영,2019-06,5,0백만원,-77.0
S1286,H053,단독설립,교수창업,해당없음,BT,전문과학및기술서비스업,정상운영,2021-04,3,672백만원,4.0
S1287,H036,단독설립,교수창업,신기술창업전문회사,IT,전문과학및기술서비스업,정상운영,2021-11,3,0백만원,-143.0
S1288,H005,단독설립,교수창업,벤처기업,IT,기타,정상운영,2022-10,2,0백만원,-143.0
S1289,H048,지분편입(유상증자),기타,해당없음,IT,제조업,정상운영,2016-07,8,"1,164백만원",116.0
S1290,H028,지분편입(지분매수),전문경영인(파트너기업겸직파견등),해당없음,IT,정보통신업,정상운영,2021-08,3,134백만원,155.0
S1291,H057,지분편입(지분매수),전문경영인(창업자),벤처기업,BT,제조업,정상운영,2020-04,4,0백만원,-11.0
S1292,H057,단독설립,교수창업,벤처기업,NT,정보통신업,정상운영,2019-08,5,0백만원,-104.0
S1293,H031,지분편입(지분매수),전문경영인(파트너기업겸직파견등),연구소기업,IT,정보통신업,정상운영,2019-10,5,956백만원,143.0
S1294,H047,단독설립,교수창업,해당없음,BT,정보통신업,정상운영,2016-05,8,"1,659백만원",-120.0
S1295,H013,합작설립,교수창업,연구소기업,BT,제조업,정상운영,2019-09,5,563백만원,-118.0
S1296,H048,지분편입(지분매수),학생창업,해당없음,BT,기타,정상운영,2019-08,5,0백만원,-77.0
S1297,H070,단독설립,전문경영인(파트너기업겸직파견등),벤처기업, iT ,제조업,정상운영,2014-02,10,"1,733백만원",-85.0
S1298,H083,지분편입(유상증자),교수창업,해당없음,ET,제조업,정상운영,2020-12,4,0백만원,-45.0
S1299,H046,단독설립,학생창업,연구소기업,해당없음,정보통신업,정상운영,2020-05,4,494백만원,98.0
S1300,H008,지분편입(지분매수),전문경영인(창업자),연구소기업,IT,전문과학및기술서비스업,정상운영,2008-11,16,"2,036백만원",56.0
S1301,H051,지분편입(유상증자),교수창업,벤처기업,IT,정보통신업,정상운영,2019-09,5,"2,035백만원",-15.0
S1302,H036,단독설립,전문경영인(창업자),벤처기업,BT,정보통신업,정상운영,2021-06,3,"1,211백만원",69.0
S1303,H025,지분편입(지분매수),전문경영인(창업자),연구소기업,해당없음,제조업,정상운영,2022-06,2,0백만원,-95.0
S1304,H016,단독설립,교수창업,벤처기업,해당없음,정보통신업,정상운영,2017-03,7,0백만원,-65.0
S1305,H059,지분편입(유상증자),교수창업,벤처기업,BT,정보통신업,정상운영,2008-05,16,0백만원,-48.0
S1306,H012,단독설립,교수창업,벤처기업,IT,제조업,폐업(청산),2022-06,2,0백만원,0.0
S1307,H028,단독설립,전문경영인(창업자),해당없음,IT,제조업,정상운영,2011-08,13,"1,187백만원",81.0
S1308,H083,합작설립,무응답,연구소기업,IT,제조업,정상운영,2017-09,7,0백만원,-101.0
S1309,H082,지분편입(유상증자),기타,벤처기업,IT,전문과학및기술서비스업,정상운영,2023-08,1,0백만원,-98.0
S1310,H077,단독설립,전문경영인(창업자),해당없음,IT,정보통신업,정상운영,2019-11,5,"1,862백만원",-134.0
S1311,H003,지분편입(유상증자),전문경영인(파트너기업겸직파견등),벤처기업,IT, 제 조 업 ,정상운영,2019-02,5,0백만원,-2.0
S1312,H007,지분편입(지분매수),전문경영인(창업자),연구소기업,BT,제조업,폐업(청산),2023-11,1,,0.0
S1313,H043,지분편입(지분매수),교수창업,연구소기업,BT,정보통신업,정상운영,2022-06,2,"1,208백만원",-50.0
S1314,H032,단독설립,전문경영인(창업자),해당없음,IT,전문과학및기술서비스업,정상운영,2020-09,4,"1,687백만원",-150.0
S1315,H017,합작설립,교수창업,해당없음,BT,제조업,정상운영,2020-05,4,,-34.0
S1316,H073,지분편입(지분매수),교수창업,연구소기업,IT,제조업,정상운영,2021-02,3,"1,150백만원",
S1317,H027,단독설립,학생창업,벤처기업,BT,전문과학및기술서비스업,정상운영,2009-06,15,0백만원,-46.0
S1318,H009,지분편입(지분매수),전문경영인(창업자),연구소기업,BT,전문과학및기술서비스업,정상운영,2009-07,15,"2,050백만원",-64.0
S1319,H071,지분편입(지분매수),교수창업,벤처기업,IT,제조업,정상운영,2023-11,1,428백만원,-120.0
S1320,H027,지분편입(지분매수),교수창업,벤처기업,IT,제조업,정상운영,2022-01,2,0백만원,-99.0
S1321,H076,단독설립,전문경영인(창업자),연구소기업,해당없음,제조업,정상운영,2019-09,5,0백만원,-106.0
S1322,H028,지분편입(지분매수),교수창업,기타,BT,전문과학및기술서비스업,정상운영,2020-03,4,0백만원,-89.0
S1323,H030,단독설립,교수창업,연구소기업,IT,정보통신업,정상운영,2023-02,1,0백만원,-12.0
S1324,H043,단독설립,교수창업,벤처기업,IT,제조업,정상운영,2022-04,2,0백만원,-81.0
S1325,H019,단독설립,교수창업,벤처기업,BT,제조업,정상운영,2021-08,3,215백만원,
S1326,H077,합작설립,전문경영인(창업자),연구소기업,IT,정보통신업,정상운영,2023-02,1,744백만원,8.0
S1327,H001,단독설립,교수창업,신기술창업전문회사,IT,제조업,정상운영,2009-02,15,0백만원,-134.0
S1328,H036,지분편입(지분매수),교수창업,벤처기업,IT,전문과학및기술서비스업,정상운영,2018-09,6,0백만원,-14.0
S1329,H019,합작설립,교수창업,벤처기업,ET,제조업,정상운영,2015-12,9,0백만원,-48.0
S1330,H017,합작설립,교수창업,연구소기업,IT,제조업,정상운영,2021-05,3,0백만원,-54.0
S1331,H070,단독설립,기타,해당없음, iT ,전문과학및기술서비스업,정상운영,2023-03,1,"1,956백만원",-100.0
S1332,H033,지분편입(지분매수),전문경영인(파트너기업겸직파견등),해당없음,IT,제조업,정상운영,2022-06,2,674백만원,
S1333,H023,지분편입(유상증자),학생창업,벤처기업,IT,제조업,정상운영,2020-05,4,,-92.0
S1334,H015,단독설립,전문경영인(창업자),벤처기업,BT,제조업,정상운영,2017-08,7,0백만원,-125.0
S1335,H004,지분편입(유상증자),무응답,연구소기업,NT,전문과학및기술서비스업,정상운영,2015-07,9,274백만원,124.0
S1336,H017,단독설립,기타,연구소기업,IT,전문과학및기술서비스업,정상운영,2018-09,6,0백만원,-125.0
S1337,H002,지분편입(지분매수),기타,벤처기업,해당없음,제조업,정상운영,2020-02,4,"1,665백만원",30.0
S1338,H046,단독설립,기타,해당없음,IT,제조업,정상운영,2023-09,1,0백만원,-17.0
S1339,H031,지분편입(지분매수),교수창업,해당없음,IT,제조업,정상운영,2022-03,2,"1,977백만원",-18.0
S1340,H076,단독설립,전문경영인(창업자),신기술창업전문회사, iT ,정보통신업,정상운영,2011-07,13,0백만원,-6.0
S1341,H042,단독설립,학생창업,해당없음,BT,제조업,투자회수(일부),2018-09,6,0백만원,0.0
S1342,H003,지분편입(지분매수),학생창업,해당없음,BT,기타,정상운영,2022-04,2,0백만원,-9.0
S1343,H023,단독설립,교수창업,벤처기업,IT,제조업,정상운영,2018-03,6,50백만원,19.0
S1344,H034,지분편입(지분매수),전문경영인(창업자),연구소기업,BT, 제 조 업 ,정상운영,2019-11,5,0백만원,-116.0
S1345,H007,지분편입(지분매수),교수창업,연구소기업,BT, 제 조 업 ,정상운영,2018-04,6,0백만원,-12.0
S1346,H017,단독설립,교수창업,벤처기업,BT, 제 조 업 ,정상운영,2010-01,14,0백만원,-86.0
S1347,H054,합작설립,교수창업,연구소기업,IT,교육서비스업,정상운영,2010-04,14,"1,443백만원",25.0
S1348,H068,지분편입(지분매수),전문경영인(창업자),해당없음,BT,전문과학및기술서비스업,폐업(청산),2021-12,3,0백만원,0.0
S1349,H015,지분편입(유상증자),학생창업,벤처기업,BT,정보통신업,정상운영,2018-12,6,0백만원,-127.0
S1350,H009,합작설립,학생창업,해당없음,BT,제조업,정상운영,2019-06,5,,-20.0
S1351,H061,단독설립,전문경영인(창업자),해당없음,해당없음,정보통신업,정상운영,2021-09,3,"2,257백만원",-48.0
S1352,H058,단독설립,학생창업,해당없음,IT,전문과학및기술서비스업,정상운영,2012-10,12,0백만원,-116.0
S1353,H047,단독설립,전문경영인(파트너기업겸직파견등),벤처기업,BT,제조업,정상운영,2020-03,4,548백만원,2.0
S1354,H066,단독설립,교수창업,해당없음,NT,정보통신업,정상운영,2009-10,15,"1,370백만원",54.0
S1355,H076,지분편입(유상증자),전문경영인(창업자),연구소기업,해당없음,전문과학및기술서비스업,정상운영,2023-09,1,"1,025백만원",-35.0
S1356,H014,지분편입(지분매수),기타,해당없음,CT,전문과학및기술서비스업,정상운영,2023-09,1,0백만원,-107.0
S1357,H058,단독설립,학생창업,연구소기업,BT,정보통신업,정상운영,2018-01,6,"1,134백만원",
S1358,H065,단독설립,교수창업,해당없음,BT,정보통신업,정상운영,2020-09,4,"2,181백만원",-104.0
S1359,H029,단독설립,기타,해당없음,IT,전문과학및기술서비스업,정상운영,2021-06,3,0백만원,-121.0
S1360,H079,지분편입(지분매수),학생창업,해당없음,BT,제조업,정상운영,2023-09,1,"2,007백만원",-109.0
S1361,H006,단독설립,무응답,연구소기업,IT,제조업,정상운영,2017-04,7,,-20.0
S1362,H067,지분편입(지분매수),전문경영인(파트너기업겸직파견등),해당없음,IT,전문과학및기술서비스업,정상운영,2021-12,3,0백만원,-133.0
S1363,H039,합작설립,학생창업,벤처기업,NT,제조업,정상운영,2020-09,4,"1,609백만원",-121.0
S1364,H059,지분편입(지분매수),학생창업,이노비즈기업,BT,정보통신업,정상운영,2012-03,12,0백만원,
S1365,H083,지분편입(유상증자),학생창업,해당없음,NT,전문과학및기술서비스업,정상운영,2018-06,6,480백만원,-68.0
S1366,H004,합작설립,무응답,해당없음,BT,제조업,정상운영,2016-03,8,555백만원,-89.0
S1367,H008,합작설립,교수창업,연구소기업,IT,기타,정상운영,2022-02,2,0백만원,
S1368,H062,단독설립,전문경영인(창업자),벤처기업,ET,정보통신업,정상운영,2022-11,2,0백만원,-32.0
S1369,H052,단독설립,교수창업,해당없음,NT,정보통신업,정상운영,2023-03,1,0백만원,-35.0
S1370,H055,합작설립,기타,이노비즈기업,IT, 제 조 업 ,정상운영,2023-11,1,0백만원,-115.0
S1371,H014,단독설립,기타,연구소기업, iT ,정보통신업,정상운영,2022-11,2,,-53.0
S1372,H063,단독설립,학생창업,해당없음,IT,정보통신업,정상운영,2017-10,7,0백만원,-112.0
S1373,H057,단독설립,학생창업,해당없음,BT,제조업,정상운영,2011-04,13,,-15.0
S1374,H010,합작설립,교수창업,연구소기업,IT,정보통신업,정상운영,2018-12,6,0백만원,-119.0
S1375,H011,지분편입(지분매수),전문경영인(창업자),벤처기업,BT,정보통신업,정상운영,2020-03,4,0백만원,-133.0
S1376,H042,합작설립,전문경영인(창업자),해당없음,BT,정보통신업,정상운영,2021-09,3,521백만원,18.0
S1377,H078,지분편입(지분매수),교수창업,연구소기업,IT,전문과학및기술서비스업,정상운영,2013-10,11,"1,694백만원",117.0
S1378,H019,단독설립,교수창업,연구소기업,BT,전문과학및기술서비스업,정상운영,2017-07,7,970백만원,-148.0
S1379,H009,지분편입(지분매수),전문경영인(창업자),연구소기업,해당없음,정보통신업,정상운영,2023-04,1,"99,999,999,999원",
S1380,H017,단독설립,전문경영인(창업자),해당없음,ET,전문과학및기술서비스업,정상운영,2016-05,8,0백만원,
S1381,H036,지분편입(지분매수),학생창업,연구소기업,ET,전문과학및기술서비스업,폐업(청산),2008-01,16,0백만원,0.0
S1382,H080,지분편입(지분매수),교수창업,벤처기업,해당없음,전문과학및기술서비스업,정상운영,2018-07,6,0백만원,-144.0
S1383,H082,단독설립,교수창업,연구소기업,NT,정보통신업,정상운영,2020-05,4,0백만원,-3.0
S1384,H075,합작설립,교수창업,연구소기업,BT,제조업,정상운영,2023-07,1,"1,477백만원",-11.0
S1385,H071,단독설립,기타,해당없음,해당없음,전문과학및기술서비스업,정상운영,2011-09,13,"1,152백만원",
S1386,H042,지분편입(유상증자),교수창업,벤처기업,IT,정보통신업,정상운영,2020-07,4,,-50.0
S1387,H049,지분편입(지분매수),학생창업,연구소기업,해당없음,제조업,정상운영,2008-08,16,0백만원,-78.0
S1388,H077,지분편입(지분매수),기타,연구소기업,해당없음,제조업,정상운영,2019-08,5,0백만원,-56.0
S1389,H068,단독설립,학생창업,해당없음,해당없음,제조업,폐업(청산),2021-06,3,0백만원,0.0
S1390,H038,지분편입(지분매수),교수창업,벤처기업, iT ,전문과학및기술서비스업,정상운영,2023-03,1,0백만원,
S1391,H059,단독설립,전문경영인(창업자),해당없음,해당없음,제조업,정상운영,2019-12,5,"1,337백만원",-144.0
S1392,H065,합작설립,교수창업,해당없음,BT,정보통신업,정상운영,2023-05,1,"1,775백만원",-107.0
S1393,H078,단독설립,전문경영인(창업자),연구소기업,ET,전문과학및기술서비스업,정상운영,2023-01,1,0백만원,-59.0
S1394,H056,단독설립,전문경영인(파트너기업겸직파견등),연구소기업, iT ,제조업,정상운영,2023-02,1,0백만원,-139.0
S1395,H013,지분편입(지분매수),교수창업,연구소기업,BT,전문과학및기술서비스업,정상운영,2021-05,3,,-124.0
S1396,H015,지분편입(지분매수),교수창업,벤처기업,BT,전문과학및기술서비스업,휴업,2018-12,6,0백만원,
S1397,H084,지분편입(지분매수),교수창업,해당없음,ET,정보통신업,정상운영,2023-09,1,"2,006백만원",-53.0
S1398,H084,지분편입(지분매수),교수창업,연구소기업,해당없음,제조업,투자회수(전액),2022-11,2,0백만원,0.0
S1399,H071,합작설립,교수창업,해당없음,ET,정보통신업,정상운영,2022-05,2,"1,560백만원",-132.0
S1400,H028,지분편입(지분매수),전문경영인(창업자),벤처기업,IT,전문과학및기술서비스업,정상운영,2020-04,4,0백만원,-13.0
S1401,H056,단독설립,교수창업,연구소기업,IT,정보통신업,정상운영,2017-12,7,0백만원,-57.0
S1402,H058,지분편입(지분매수),교수창업,해당없음,해당없음,전문과학및기술서비스업,정상운영,2017-10,7,0백만원,
S1403,H030,단독설립,학생창업,해당없음,CT,정보통신업,투자회수(전액),2020-10,4,,0.0
S1404,H053,지분편입(지분매수),학생창업,연구소기업,BT,제조업,정상운영,2020-02,4,576백만원,52.0
S1405,H044,단독설립,기타,해당없음,NT,제조업,정상운영,2021-01,3,,-20.0
S1406,H059,단독설립,전문경영인(창업자),해당없음, iT ,제조업,정상운영,2021-07,3,0백만원,-18.0
S1407,H052,단독설립,학생창업,벤처기업,IT,전문과학및기술서비스업,정상운영,2017-03,7,"1,629백만원",141.0
S1408,H054,합작설립,전문경영인(파트너기업겸직파견등),연구소기업,BT,도매및소매업,정상운영,2018-03,6,"1,867백만원",-88.0
S1409,H013,단독설립,교수창업,연구소기업,CT,정보통신업,정상운영,2014-08,10,0백만원,-40.0
S1410,H041,단독설립,전문경영인(파트너기업겸직파견등),연구소기업,BT,정보통신업,정상운영,2022-03,2,"99,999,999,999원",-6.0
S1411,H055,합작설립,교수창업,벤처기업,BT,기타,정상운영,2020-04,4,"99,999,999,999원",-44.0
S1412,H041,단독설립,무응답,해당없음,IT,정보통신업,정상운영,2019-07,5,0백만원,-76.0
S1413,H033,단독설립,전문경영인(창업자),연구소기업,ET,제조업,정상운영,2023-03,1,,-92.0
S1414,H048,지분편입(지분매수),교수창업,연구소기업,IT,제조업,정상운영,2023-11,1,"1,694백만원",-29.0
S1415,H020,합작설립,학생창업,벤처기업,BT,도매및소매업,정상운영,2023-07,1,0백만원,-58.0
S1416,H061,지분편입(지분매수),전문경영인(창업자),벤처기업,해당없음,정보통신업,기타,2015-07,9,0백만원,0.0
S1417,H009,단독설립,무응답,해당없음,IT,정보통신업,정상운영,2017-10,7,0백만원,-124.0
S1418,H012,지분편입(지분매수),전문경영인(창업자),벤처기업,BT,도매및소매업,정상운영,2022-04,2,"1,050백만원",-37.0
S1419,H011,합작설립,전문경영인(창업자),연구소기업,BT,정보통신업,정상운영,2021-04,3,0백만원,-110.0
S1420,H012,단독설립,전문경영인(창업자),연구소기업,BT,전문과학및기술서비스업,정상운영,2021-06,3,232백만원,132.0
S1421,H056,단독설립,교수창업,연구소기업,CT,제조업,정상운영,2008-02,16,,-32.0
S1422,H013,지분편입(지분매수),전문경영인(파트너기업겸직파견등),연구소기업,IT,전문과학및기술서비스업,정상운영,2021-04,3,"1,418백만원",-145.0
S1423,H048,지분편입(지분매수),전문경영인(창업자),벤처기업,해당없음,정보통신업,정상운영,2023-05,1,0백만원,-114.0
S1424,H017,지분편입(유상증자),교수창업,연구소기업,BT,정보통신업,정상운영,2017-03,7,0백만원,-31.0
S1425,H072,단독설립,학생창업,해당없음, iT ,제조업,정상운영,2020-07,4,0백만원,-45.0
S1426,H008,지분편입(지분매수),기타,해당없음,NT,제조업,정상운영,2019-02,5,307백만원,-11.0
S1427,H076,지분편입(지분매수),전문경영인(창업자),벤처기업,NT,제조업,정상운영,2016-12,8,,115.0
S1428,H072,단독설립,전문경영인(파트너기업겸직파견등),연구소기업,ET, 제 조 업 ,정상운영,2017-12,7,634백만원,-53.0
S1429,H072,지분편입(지분매수),학생창업,벤처기업,IT,제조업,정상운영,2017-10,7,90백만원,-21.0
S1430,H043,합작설립,교수창업,해당없음,해당없음, 제 조 업 ,정상운영,2018-11,6,"2,029백만원",149.0
S1431,H016,단독설립,기타,연구소기업,IT,정보통신업,정상운영,2023-03,1,0백만원,-115.0
S1432,H053,지분편입(지분매수),학생창업,벤처기업,IT,제조업,폐업(청산),2019-04,5,0백만원,0.0
S1433,H046,지분편입(유상증자),학생창업,연구소기업,BT,제조업,정상운영,2020-08,4,0백만원,-149.0
S1434,H055,단독설립,교수창업,연구소기업,해당없음,제조업,정상운영,2018-03,6,0백만원,-69.0
S1435,H007,지분편입(지분매수),전문경영인(파트너기업겸직파견등),연구소기업,IT,전문과학및기술서비스업,정상운영,2017-11,7,"1,170백만원",146.0
S1436,H037,단독설립,학생창업,연구소기업,BT,제조업,투자회수(전액),2017-05,7,0백만원,0.0
S1437,H077,단독설립,교수창업,연구소기업,IT,전문과학및기술서비스업,정상운영,2020-06,4,0백만원,-90.0
S1438,H040,단독설립,교수창업,벤처기업,IT,정보통신업,정상운영,2020-01,4,0백만원,-148.0
S1439,H046,지분편입(지분매수),학생창업,해당없음,BT,제조업,정상운영,2021-11,3,0백만원,-32.0
S1440,H014,단독설립,전문경영인(창업자),해당없음,BT,제조업,정상운영,2016-02,8,,110.0
S1441,H074,지분편입(지분매수),전문경영인(창업자),연구소기업,해당없음,전문과학및기술서비스업,정상운영,2023-09,1,0백만원,-71.0
S1442,H065,지분편입(지분매수),교수창업,연구소기업,ET,기타,정상운영,2023-05,1,0백만원,-67.0
S1443,H028,지분편입(지분매수),교수창업,연구소기업,BT,제조업,정상운영,2022-09,2,0백만원,-65.0
S1444,H020,지분편입(지분매수),전문경영인(창업자),연구소기업,BT,도매및소매업,정상운영,2009-02,15,0백만원,-74.0
S1445,H062,지분편입(지분매수),교수창업,해당없음,BT,정보통신업,투자회수(전액),2018-11,6,0백만원,0.0
S1446,H029,단독설립,교수창업,연구소기업,BT,제조업,정상운영,2023-10,1,"99,999,999,999원",-123.0
S1447,H014,지분편입(지분매수),교수창업,연구소기업,IT,정보통신업,정상운영,2022-08,2,0백만원,-42.0
S1448,H045,단독설립,교수창업,연구소기업,BT,전문과학및기술서비스업,정상운영,2021-04,3,417백만원,-95.0
S1449,H072,지분편입(지분매수),교수창업,연구소기업,BT,제조업,정상운영,2021-11,3,0백만원,-50.0
S1450,H048,단독설립,교수창업,연구소기업,IT,정보통신업,정상운영,2019-08,5,147백만원,130.0
S1451,H015,단독설립,전문경영인(창업자),해당없음,IT,제조업,정상운영,2019-05,5,0백만원,
S1452,H036,단독설립,학생창업,해당없음,BT,제조업,정상운영,2012-02,12,0백만원,
S1453,H074,지분편입(지분매수),무응답,해당없음,IT,정보통신업,정상운영,2011-09,13,0백만원,-107.0
S1454,H029,지분편입(유상증자),무응답,해당없음, iT ,전문과학및기술서비스업,정상운영,2023-12,1,"1,540백만원",88.0
S1455,H055,단독설립,학생창업,벤처기업,NT,도매및소매업,정상운영,2023-10,1,773백만원,85.0
S1456,H072,지분편입(유상증자),전문경영인(창업자),해당없음,해당없음,제조업,정상운영,2021-08,3,0백만원,-30.0
S1457,H080,지분편입(지분매수),전문경영인(창업자),벤처기업,IT,정보통신업,정상운영,2008-03,16,0백만원,-37.0
S1458,H079,단독설립,전문경영인(창업자),해당없음,ET, 제 조 업 ,정상운영,2009-02,15,798백만원,
S1459,H083,지분편입(지분매수),무응답,연구소기업,BT,제조업,정상운영,2019-12,5,"1,445백만원",-132.0
S1460,H072,지분편입(유상증자),교수창업,연구소기업,IT,전문과학및기술서비스업,정상운영,2019-06,5,0백만원,-144.0
S1461,H004,지분편입(지분매수),전문경영인(창업자),해당없음,IT,전문과학및기술서비스업,정상운영,2017-05,7,0백만원,
S1462,H078,단독설립,교수창업,연구소기업,IT,전문과학및기술서비스업,투자회수(일부),2008-01,16,0백만원,0.0
S1463,H035,합작설립,교수창업,연구소기업, iT ,제조업,정상운영,2017-07,7,555백만원,2.0
S1464,H004,단독설립,학생창업,연구소기업,ET,교육서비스업,정상운영,2022-05,2,841백만원,31.0
S1465,H024,단독설립,교수창업,벤처기업,IT,정보통신업,정상운영,2018-02,6,0백만원,
S1466,H035,합작설립,교수창업,연구소기업,BT,제조업,정상운영,2022-11,2,405백만원,151.0
S1467,H040,단독설립,교수창업,벤처기업, iT ,전문과학및기술서비스업,정상운영,2021-08,3,0백만원,-113.0
S1468,H044,지분편입(지분매수),교수창업,해당없음,BT,전문과학및기술서비스업,정상운영,2020-07,4,,-90.0
S1469,H045,단독설립,전문경영인(파트너기업겸직파견등),연구소기업,IT,정보통신업,정상운영,2011-10,13,0백만원,-18.0
S1470,H001,지분편입(지분매수),전문경영인(창업자),연구소기업,ET,기타,정상운영,2023-03,1,633백만원,-145.0
S1471,H024,지분편입(유상증자),학생창업,해당없음,BT,전문과학및기술서비스업,정상운영,2008-12,16,0백만원,
S1472,H019,단독설립,학생창업,해당없음,ET,도매및소매업,정상운영,2017-12,7,0백만원,-139.0
S1473,H073,단독설립,학생창업,해당없음,IT,정보통신업,정상운영,2016-08,8,,13.0
S1474,H052,단독설립,기타,해당없음,IT,교육서비스업,정상운영,2010-05,14,0백만원,-146.0
S1475,H009,지분편입(지분매수),전문경영인(파트너기업겸직파견등),연구소기업,BT,정보통신업,정상운영,2014-04,10,649백만원,-13.0
S1476,H019,지분편입(유상증자),전문경영인(창업자),해당없음,BT,제조업,정상운영,2014-09,10,571백만원,139.0
S1477,H082,단독설립,교수창업,벤처기업,IT,정보통신업,정상운영,2019-02,5,321백만원,148.0
S1478,H004,단독설립,교수창업,해당없음,BT,제조업,정상운영,2021-02,3,406백만원,-44.0
S1479,H012,합작설립,교수창업,해당없음,BT,제조업,정상운영,2023-12,1,"2,132백만원",-46.0
S1480,H068,단독설립,교수창업,해당없음,IT,교육서비스업,정상운영,2018-10,6,0백만원,-148.0
S1481,H028,단독설립,전문경영인(창업자),벤처기업,BT,정보통신업,정상운영,2021-10,3,0백만원,-9.0
S1482,H049,지분편입(지분매수),전문경영인(창업자),해당없음,IT, 제 조 업 ,정상운영,2022-06,2,0백만원,
S1483,H054,합작설립,학생창업,해당없음,IT,정보통신업,정상운영,2018-04,6,"1,652백만원",3.0
S1484,H059,지분편입(지분매수),무응답,해당없음,IT,정보통신업,정상운영,2022-11,2,0백만원,-127.0
S1485,H044,단독설립,교수창업,해당없음,IT,정보통신업,정상운영,2016-08,8,"1,869백만원",154.0
S1486,H021,합작설립,교수창업,해당없음,BT,정보통신업,정상운영,2018-12,6,,-9.0
S1487,H048,지분편입(지분매수),교수창업,벤처기업, iT ,정보통신업,정상운영,2020-07,4,0백만원,-86.0
S1488,H040,지분편입(지분매수),교수창업,벤처기업,BT,제조업,정상운영,2022-07,2,"1,979백만원",-93.0
S1489,H042,지분편입(유상증자),교수창업,신기술창업전문회사,IT,정보통신업,정상운영,2020-01,4,,-47.0
S1490,H073,단독설립,학생창업,해당없음,해당없음,정보통신업,정상운영,2022-11,2,,101.0
S1491,H077,단독설립,기타,연구소기업,IT,정보통신업,정상운영,2021-02,3,428백만원,20.0
S1492,H011,지분편입(지분매수),전문경영인(창업자),벤처기업,IT,정보통신업,투자회수(전액),2017-05,7,0백만원,0.0
S1493,H007,단독설립,기타,벤처기업,BT,정보통신업,정상운영,2021-12,3,0백만원,-48.0
S1494,H020,단독설립,전문경영인(창업자),연구소기업,ET,정보통신업,정상운영,2021-12,3,0백만원,-85.0
S1495,H021,합작설립,무응답,연구소기업,IT,도매및소매업,정상운영,2019-05,5,0백만원,-80.0
S1496,H080,지분편입(지분매수),전문경영인(창업자),해당없음,IT,정보통신업,정상운영,2019-05,5,0백만원,-127.0
S1497,H007,단독설립,교수창업,연구소기업,ET,제조업,정상운영,2022-11,2,0백만원,-4.0
S1498,H011,단독설립,교수창업,벤처기업,IT,전문과학및기술서비스업,정상운영,2022-09,2,0백만원,-12.0
S1499,H035,단독설립,기타,연구소기업,IT,제조업,정상운영,2013-06,11,"1,506백만원",-56.0
S1500,H057,합작설립,기타,연구소기업,BT,정보통신업,정상운영,2019-07,5,0백만원,-74.0
S1501,H055,단독설립,교수창업,벤처기업, iT ,제조업,정상운영,2022-11,2,0백만원,-81.0
S1502,H063,단독설립,교수창업,벤처기업,IT,정보통신업,정상운영,2021-05,3,0백만원,-95.0
S1503,H078,지분편입(유상증자),전문경영인(창업자),해당없음,NT,제조업,정상운영,2018-06,6,"99,999,999,999원",
S1504,H057,단독설립,학생창업,해당없음,BT,제조업,정상운영,2016-02,8,938백만원,135.0
S1505,H054,단독설립,교수창업,벤처기업,IT,제조업,정상운영,2022-01,2,,151.0
S1506,H035,지분편입(지분매수),학생창업,벤처기업,BT,정보통신업,정상운영,2019-02,5,0백만원,-11.0
S1507,H028,단독설립,전문경영인(창업자),연구소기업,BT,정보통신업,정상운영,2018-12,6,833백만원,-3.0
S1508,H066,단독설립,무응답,해당없음,CT,전문과학및기술서비스업,정상운영,2020-08,4,"1,101백만원",-140.0
S1509,H015,지분편입(지분매수),전문경영인(파트너기업겸직파견등),연구소기업,BT,전문과학및기술서비스업,정상운영,2023-04,1,263백만원,-114.0
S1510,H045,지분편입(유상증자),전문경영인(창업자),벤처기업,BT, 제 조 업 ,정상운영,2022-10,2,"1,151백만원",-95.0
S1511,H056,지분편입(지분매수),기타,연구소기업,IT,정보통신업,투자회수(전액),2018-08,6,,0.0
S1512,H015,지분편입(지분매수),학생창업,연구소기업,IT,제조업,정상운영,2016-04,8,422백만원,-83.0
S1513,H037,지분편입(지분매수),교수창업,연구소기업,BT,제조업,정상운영,2021-10,3,"2,127백만원",132.0
S1514,H076,지분편입(지분매수),교수창업,해당없음,IT,정보통신업,정상운영,2017-07,7,"1,839백만원",-74.0
S1515,H063,지분편입(지분매수),전문경영인(창업자),해당없음,BT,전문과학및기술서비스업,정상운영,2015-11,9,0백만원,-89.0
S1516,H068,단독설립,전문경영인(파트너기업겸직파견등),해당없음,BT,제조업,정상운영,2020-05,4,0백만원,-18.0
S1517,H040,합작설립,기타,해당없음,BT,전문과학및기술서비스업,폐업(청산),2019-02,5,0백만원,0.0
S1518,H006,단독설립,교수창업,연구소기업,IT,제조업,정상운영,2020-12,4,0백만원,-46.0
S1519,H029,지분편입(유상증자),기타,벤처기업,ET,전문과학및기술서비스업,정상운영,2022-08,2,176백만원,43.0
S1520,H051,지분편입(지분매수),교수창업,연구소기업,BT,도매및소매업,폐업(청산),2023-09,1,0백만원,0.0
S1521,H077,단독설립,교수창업,연구소기업, iT ,정보통신업,정상운영,2017-10,7,0백만원,-108.0
S1522,H008,단독설립,교수창업,벤처기업,BT,기타,정상운영,2020-10,4,0백만원,
S1523,H001,지분편입(지분매수),교수창업,벤처기업,해당없음,제조업,정상운영,2020-07,4,"1,739백만원",36.0
S1524,H027,지분편입(지분매수),교수창업,해당없음,IT,전문과학및기술서비스업,정상운영,2023-10,1,0백만원,-104.0
S1525,H039,단독설립,교수창업,연구소기업,IT,정보통신업,정상운영,2016-09,8,0백만원,
S1526,H028,단독설립,교수창업,해당없음, iT ,전문과학및기술서비스업,정상운영,2014-11,10,0백만원,-44.0
S1527,H018,단독설립,기타,해당없음,해당없음,전문과학및기술서비스업,투자회수(전액),2018-07,6,0백만원,0.0
S1528,H033,지분편입(유상증자),교수창업,해당없음, iT ,제조업,정상운영,2019-01,5,0백만원,-27.0
S1529,H038,단독설립,교수창업,벤처기업,IT,제조업,정상운영,2022-10,2,0백만원,-98.0
S1530,H042,지분편입(지분매수),전문경영인(창업자),벤처기업,해당없음,제조업,정상운영,2019-02,5,0백만원,-69.0
S1531,H016,지분편입(지분매수),교수창업,신기술창업전문회사,해당없음,제조업,정상운영,2023-10,1,0백만원,-14.0
S1532,H001,합작설립,교수창업,해당없음,해당없음, 제 조 업 ,정상운영,2023-11,1,0백만원,
S1533,H064,지분편입(지분매수),학생창업,해당없음,IT,정보통신업,정상운영,2008-02,16,0백만원,-95.0
S1534,H056,단독설립,학생창업,벤처기업,BT,전문과학및기술서비스업,정상운영,2019-10,5,"1,358백만원",63.0
S1535,H023,단독설립,학생창업,해당없음,IT,정보통신업,정상운영,2021-02,3,0백만원,-4.0
S1536,H017,합작설립,무응답,해당없음,BT,전문과학및기술서비스업,정상운영,2021-02,3,,-17.0
S1537,H049,합작설립,교수창업,연구소기업,BT,정보통신업,정상운영,2021-04,3,592백만원,11.0
S1538,H069,지분편입(지분매수),교수창업,벤처기업,BT,정보통신업,정상운영,2021-06,3,0백만원,-100.0
S1539,H030,단독설립,전문경영인(창업자),해당없음,해당없음,전문과학및기술서비스업,정상운영,2009-10,15,0백만원,-3.0
S1540,H065,지분편입(유상증자),교수창업,연구소기업,IT,제조업,정상운영,2018-11,6,0백만원,-70.0
S1541,H072,단독설립,교수창업,해당없음,IT,교육서비스업,정상운영,2023-12,1,0백만원,-97.0
S1542,H046,지분편입(지분매수),전문경영인(창업자),해당없음,IT,정보통신업,정상운영,2013-10,11,0백만원,-33.0
S1543,H010,지분편입(지분매수),전문경영인(창업자),연구소기업,BT,제조업,정상운영,2019-07,5,0백만원,-78.0
S1544,H051,단독설립,교수창업,해당없음,BT,기타,정상운영,2020-07,4,"1,549백만원",
S1545,H006,합작설립,전문경영인(창업자),벤처기업,IT,정보통신업,정상운영,2016-12,8,,-67.0
S1546,H056,단독설립,기타,해당없음,ET,제조업,정상운영,2019-12,5,0백만원,-2.0
S1547,H003,단독설립,전문경영인(창업자),해당없음,IT,정보통신업,정상운영,2023-01,1,0백만원,
S1548,H059,단독설립,교수창업,벤처기업,BT,제조업,투자회수(전액),2013-06,11,0백만원,0.0
S1549,H010,단독설립,교수창업,해당없음,IT,전문과학및기술서비스업,정상운영,2016-11,8,"2,118백만원",-9.0
S1550,H041,지분편입(지분매수),교수창업,연구소기업,해당없음,전문과학및기술서비스업,정상운영,2019-08,5,0백만원,-20.0
S1551,H074,단독설립,기타,연구소기업,IT,제조업,투자회수(전액),2019-08,5,0백만원,0.0
S1552,H055,단독설립,교수창업,연구소기업, iT ,제조업,정상운영,2019-10,5,0백만원,-118.0
S1553,H074,지분편입(지분매수),교수창업,벤처기업,CT,제조업,정상운영,2023-09,1,0백만원,
S1554,H052,단독설립,교수창업,해당없음,BT,교육서비스업,정상운영,2022-01,2,0백만원,-104.0
S1555,H082,합작설립,교수창업,연구소기업,IT,정보통신업,정상운영,2019-07,5,0백만원,-105.0
S1556,H054,단독설립,학생창업,해당없음,IT,제조업,정상운영,2019-11,5,0백만원,-76.0
S1557,H038,합작설립,무응답,벤처기업,BT, 제 조 업 ,정상운영,2018-12,6,"1,439백만원",-109.0
S1558,H015,지분편입(지분매수),교수창업,연구소기업,IT,제조업,정상운영,2023-07,1,0백만원,-53.0
S1559,H052,단독설립,교수창업,해당없음,IT,전문과학및기술서비스업,정상운영,2019-11,5,"1,582백만원",149.0
S1560,H003,합작설립,교수창업,연구소기업,BT,제조업,정상운영,2020-01,4,,-95.0
S1561,H042,단독설립,전문경영인(창업자),해당없음,BT,전문과학및기술서비스업,정상운영,2021-04,3,0백만원,-146.0
S1562,H022,단독설립,교수창업,연구소기업,IT,정보통신업,정상운영,2009-10,15,0백만원,-122.0
S1563,H080,단독설립,기타,벤처기업,IT,교육서비스업,정상운영,2021-03,3,897백만원,
S1564,H059,합작설립,학생창업,해당없음,해당없음,제조업,정상운영,2018-01,6,0백만원,-87.0
S1565,H047,단독설립,학생창업,연구소기업,IT,제조업,폐업(청산),2023-11,1,0백만원,0.0
S1566,H012,합작설립,학생창업,연구소기업,NT,제조업,정상운영,2019-06,5,0백만원,-4.0
S1567,H056,단독설립,교수창업,해당없음,ET,정보통신업,정상운영,2019-02,5,"1,738백만원",-98.0
S1568,H014,단독설립,학생창업,연구소기업,BT,정보통신업,투자회수(전액),2017-05,7,0백만원,0.0
S1569,H032,지분편입(지분매수),교수창업,연구소기업,해당없음,제조업,정상운영,2022-07,2,"1,631백만원",98.0
S1570,H056,단독설립,교수창업,연구소기업,ET,제조업,기타,2022-01,2,0백만원,0.0
S1571,H076,단독설립,교수창업,해당없음,IT, 제 조 업 ,정상운영,2022-12,2,0백만원,-42.0
S1572,H052,지분편입(유상증자),교수창업,벤처기업,IT,정보통신업,정상운영,2020-08,4,0백만원,-37.0
S1573,H068,지분편입(지분매수),교수창업,해당없음,IT,전문과학및기술서비스업,정상운영,2017-05,7,0백만원,-17.0
S1574,H011,지분편입(지분매수),기타,연구소기업,CT,제조업,정상운영,2017-06,7,"2,201백만원",-131.0
S1575,H051,지분편입(유상증자),교수창업,해당없음,IT,정보통신업,정상운영,2021-11,3,"2,225백만원",88.0
S1576,H040,단독설립,교수창업,해당없음,해당없음,제조업,정상운영,2023-06,1,0백만원,-96.0
S1577,H044,단독설립,전문경영인(파트너기업겸직파견등),벤처기업,BT,정보통신업,정상운영,2023-06,1,0백만원,-53.0
S1578,H029,합작설립,교수창업,연구소기업,BT,정보통신업,폐업(청산),2017-04,7,0백만원,0.0
S1579,H043,단독설립,전문경영인(파트너기업겸직파견등),연구소기업,IT,제조업,정상운영,2010-05,14,"2,202백만원",-36.0
S1580,H022,지분편입(지분매수),기타,연구소기업,BT,제조업,정상운영,2021-08,3,885백만원,121.0
S1581,H010,단독설립,교수창업,벤처기업,BT,제조업,정상운영,2016-01,8,0백만원,-29.0
S1582,H066,지분편입(유상증자),학생창업,연구소기업,해당없음,정보통신업,정상운영,2019-06,5,0백만원,-137.0
S1583,H082,지분편입(유상증자),전문경영인(파트너기업겸직파견등),해당없음,BT,정보통신업,정상운영,2023-08,1,,36.0
S1584,H015,단독설립,학생창업,연구소기업,BT,제조업,정상운영,2021-12,3,,-93.0
S1585,H068,지분편입(지분매수),교수창업,해당없음,IT,전문과학및기술서비스업,정상운영,2021-11,3,"1,615백만원",-97.0
S1586,H066,단독설립,교수창업,해당없음,BT,전문과학및기술서비스업,정상운영,2019-05,5,0백만원,-92.0
S1587,H025,지분편입(지분매수),전문경영인(파트너기업겸직파견등),해당없음,IT,전문과학및기술서비스업,정상운영,2021-03,3,"1,357백만원",-134.0
S1588,H045,단독설립,기타,연구소기업,IT,정보통신업,정상운영,2023-04,1,"1,709백만원",-110.0
S1589,H045,지분편입(유상증자),전문경영인(창업자),해당없음,IT,전문과학및기술서비스업,정상운영,2018-09,6,0백만원,-97.0
S1590,H083,지분편입(지분매수),학생창업,해당없음,BT,정보통신업,정상운영,2020-09,4,"1,881백만원",99.0
S1591,H019,지분편입(지분매수),학생창업,해당없음,IT,전문과학및기술서비스업,정상운영,2017-11,7,0백만원,-77.0
S1592,H031,단독설립,교수창업,연구소기업,BT,제조업,정상운영,2017-06,7,0백만원,-110.0
S1593,H014,지분편입(지분매수),기타,연구소기업,IT,제조업,정상운영,2020-12,4,181백만원,-74.0
S1594,H019,지분편입(지분매수),기타,해당없음,IT,제조업,정상운영,2019-07,5,0백만원,-40.0
S1595,H033,지분편입(지분매수),교수창업,연구소기업,BT,전문과학및기술서비스업,정상운영,2018-06,6,275백만원,104.0
S1596,H026,지분편입(지분매수),교수창업,벤처기업,IT,정보통신업,정상운영,2016-03,8,"1,725백만원",-28.0
S1597,H023,합작설립,학생창업,벤처기업,BT,전문과학및기술서비스업,폐업(청산),2014-08,10,0백만원,0.0
S1598,H078,단독설립,기타,벤처기업,ET, 제 조 업 ,정상운영,2023-02,1,0백만원,-115.0
S1599,H020,지분편입(지분매수),교수창업,이노비즈기업,해당없음,교육서비스업,정상운영,2019-06,5,660백만원,-98.0
S1600,H084,단독설립,교수창업,해당없음,IT,정보통신업,정상운영,2020-06,4,0백만원,-74.0
S1601,H010,지분편입(지분매수),전문경영인(파트너기업겸직파견등),벤처기업,BT,전문과학및기술서비스업,정상운영,2012-10,12,349백만원,-122.0
S1602,H023,합작설립,학생창업,해당없음,NT,정보통신업,정상운영,2019-09,5,0백만원,-74.0
S1603,H081,지분편입(지분매수),학생창업,벤처기업,해당없음,정보통신업,정상운영,2015-12,9,"2,149백만원",
S1604,H064,단독설립,교수창업,연구소기업,BT,정보통신업,정상운영,2017-04,7,800백만원,127.0
S1605,H060,단독설립,교수창업,벤처기업, iT ,전문과학및기술서비스업,정상운영,2017-06,7,0백만원,-81.0
S1606,H073,단독설립,학생창업,해당없음,IT,전문과학및기술서비스업,폐업(청산),2015-05,9,0백만원,0.0
S1607,H075,단독설립,학생창업,해당없음,BT,정보통신업,정상운영,2020-02,4,0백만원,-147.0
S1608,H058,지분편입(지분매수),학생창업,연구소기업,BT,정보통신업,정상운영,2016-12,8,0백만원,-99.0
S1609,H073,단독설립,학생창업,해당없음,ET,전문과학및기술서비스업,투자회수(전액),2021-02,3,0백만원,
S1610,H083,지분편입(유상증자),무응답,연구소기업,IT,제조업,정상운영,2016-11,8,"1,189백만원",14.0
S1611,H082,합작설립,교수창업,해당없음,BT,도매및소매업,정상운영,2013-07,11,"2,219백만원",90.0
S1612,H080,지분편입(지분매수),학생창업,연구소기업,IT,정보통신업,폐업(청산),2014-06,10,0백만원,0.0
S1613,H042,지분편입(지분매수),전문경영인(창업자),해당없음,IT,제조업,정상운영,2016-10,8,,-78.0
S1614,H081,단독설립,학생창업,연구소기업,IT,기타,정상운영,2017-08,7,,-98.0
S1615,H041,단독설립,전문경영인(창업자),벤처기업,CT,교육서비스업,정상운영,2022-11,2,"2,217백만원",-131.0
S1616,H020,지분편입(지분매수),기타,연구소기업,BT,제조업,정상운영,2023-03,1,"1,236백만원",87.0
S1617,H057,지분편입(지분매수),무응답,연구소기업,ET,전문과학및기술서비스업,정상운영,2020-07,4,0백만원,-18.0
S1618,H009,단독설립,교수창업,연구소기업,해당없음,전문과학및기술서비스업,정상운영,2013-04,11,569백만원,-130.0
S1619,H061,지분편입(지분매수),교수창업,벤처기업,BT,제조업,정상운영,2022-05,2,0백만원,-83.0
S1620,H057,합작설립,교수창업,해당없음,IT, 제 조 업 ,정상운영,2023-12,1,0백만원,-91.0
S1621,H081,단독설립,교수창업,해당없음,BT,전문과학및기술서비스업,정상운영,2023-08,1,"1,669백만원",62.0
S1622,H039,지분편입(지분매수),교수창업,해당없음,BT,전문과학및기술서비스업,정상운영,2023-06,1,"1,438백만원",-33.0
S1623,H036,지분편입(지분매수),전문경영인(파트너기업겸직파견등),해당없음,해당없음,정보통신업,정상운영,2016-06,8,0백만원,-135.0
S1624,H076,단독설립,전문경영인(창업자),벤처기업,IT,정보통신업,정상운영,2023-08,1,,
S1625,H008,지분편입(지분매수),학생창업,해당없음,IT,제조업,정상운영,2021-06,3,0백만원,-65.0
S1626,H046,합작설립,학생창업,연구소기업,IT,정보통신업,정상운영,2017-03,7,0백만원,-50.0
S1627,H065,지분편입(유상증자),교수창업,연구소기업,IT,전문과학및기술서비스업,정상운영,2016-03,8,0백만원,-83.0
S1628,H010,지분편입(지분매수),교수창업,해당없음,IT,기타,정상운영,2020-06,4,312백만원,-65.0
S1629,H040,지분편입(지분매수),교수창업,벤처기업,BT,정보통신업,정상운영,2023-01,1,132백만원,-42.0
S1630,H060,단독설립,전문경영인(창업자),연구소기업,IT,제조업,정상운영,2020-02,4,645백만원,-40.0
S1631,H058,단독설립,교수창업,해당없음,IT,정보통신업,휴업,2016-04,8,0백만원,0.0
S1632,H005,지분편입(유상증자),기타,해당없음,ET,도매및소매업,정상운영,2020-10,4,"1,218백만원",-134.0
S1633,H008,단독설립,교수창업,해당없음,BT,정보통신업,투자회수(일부),2017-05,7,0백만원,0.0
S1634,H048,지분편입(지분매수),무응답,벤처기업,BT,전문과학및기술서비스업,정상운영,2022-09,2,733백만원,-39.0
S1635,H037,단독설립,학생창업,해당없음,NT,기타,투자회수(일부),2023-12,1,0백만원,0.0
S1636,H010,단독설립,교수창업,해당없음,ET,전문과학및기술서비스업,정상운영,2022-11,2,"1,060백만원",-119.0
S1637,H083,합작설립,전문경영인(파트너기업겸직파견등),벤처기업,IT,정보통신업,정상운영,2022-09,2,36백만원,95.0
S1638,H012,단독설립,교수창업,벤처기업,IT,제조업,정상운영,2020-05,4,"1,897백만원",92.0
S1639,H079,단독설립,교수창업,해당없음,IT,정보통신업,정상운영,2021-09,3,0백만원,-61.0
S1640,H077,단독설립,교수창업,연구소기업,BT, 제 조 업 ,정상운영,2021-09,3,960백만원,-63.0
S1641,H065,단독설립,기타,벤처기업,IT,전문과학및기술서비스업,정상운영,2022-03,2,94백만원,44.0
S1642,H050,단독설립,교수창업,연구소기업,BT,정보통신업,정상운영,2016-07,8,0백만원,
S1643,H060,지분편입(지분매수),전문경영인(파트너기업겸직파견등),해당없음,IT,제조업,정상운영,2010-10,14,"2,173백만원",-92.0
S1644,H075,지분편입(유상증자),교수창업,해당없음,BT,제조업,정상운영,2023-12,1,0백만원,-90.0
S1645,H071,단독설립,무응답,벤처기업,BT,제조업,정상운영,2022-02,2,"1,414백만원",-73.0
S1646,H006,지분편입(지분매수),전문경영인(파트너기업겸직파견등),해당없음,해당없음,제조업,정상운영,2020-04,4,"1,410백만원",-49.0
S1647,H058,지분편입(지분매수),교수창업,해당없음,IT,정보통신업,정상운영,2023-02,1,0백만원,-37.0
S1648,H074,단독설립,전문경영인(창업자),해당없음,BT,전문과학및기술서비스업,정상운영,2023-02,1,,-133.0
S1649,H084,합작설립,전문경영인(창업자),해당없음,해당없음,제조업,정상운영,2014-12,10,0백만원,-61.0
S1650,H025,단독설립,교수창업,연구소기업,ET,도매및소매업,정상운영,2021-10,3,0백만원,-45.0
S1651,H042,지분편입(지분매수),전문경영인(파트너기업겸직파견등),해당없음,IT,제조업,정상운영,2018-11,6,719백만원,97.0
S1652,H078,지분편입(지분매수),학생창업,해당없음,ET,정보통신업,정상운영,2010-07,14,"1,189백만원",-115.0
S1653,H061,합작설립,전문경영인(파트너기업겸직파견등),벤처기업,NT,제조업,정상운영,2021-05,3,,-53.0
S1654,H065,합작설립,교수창업,연구소기업,IT,전문과학및기술서비스업,정상운영,2018-03,6,0백만원,-117.0
S1655,H020,단독설립,교수창업,벤처기업,IT,전문과학및기술서비스업,정상운영,2012-12,12,0백만원,-141.0
S1656,H008,단독설립,교수창업,연구소기업,NT,전문과학및기술서비스업,정상운영,2009-06,15,0백만원,-114.0
S1657,H058,지분편입(지분매수),전문경영인(창업자),벤처기업,ET,정보통신업,정상운영,2009-09,15,979백만원,87.0
S1658,H014,합작설립,교수창업,해당없음,ET,정보통신업,정상운영,2019-06,5,"2,006백만원",10.0
S1659,H044,지분편입(지분매수),교수창업,신기술창업전문회사, iT ,정보통신업,정상운영,2023-07,1,"1,942백만원",50.0
S1660,H011,지분편입(유상증자),전문경영인(창업자),신기술창업전문회사,ET, 제 조 업 ,투자회수(전액),2022-03,2,0백만원,0.0
S1661,H065,합작설립,전문경영인(창업자),벤처기업,IT,정보통신업,정상운영,2023-07,1,,-8.0
S1662,H083,지분편입(지분매수),기타,벤처기업,IT,전문과학및기술서비스업,정상운영,2019-02,5,"1,242백만원",
S1663,H023,단독설립,교수창업,연구소기업, iT ,전문과학및기술서비스업,정상운영,2008-12,16,263백만원,110.0
S1664,H006,단독설립,학생창업,벤처기업,BT,제조업,정상운영,2021-05,3,559백만원,111.0
S1665,H032,합작설립,교수창업,해당없음,해당없음,전문과학및기술서비스업,정상운영,2019-10,5,"2,006백만원",113.0
S1666,H057,지분편입(지분매수),학생창업,벤처기업,IT,정보통신업,정상운영,2016-10,8,0백만원,-106.0
S1667,H057,단독설립,학생창업,연구소기업,IT,정보통신업,투자회수(전액),2019-02,5,0백만원,0.0
S1668,H068,합작설립,교수창업,해당없음,BT,전문과학및기술서비스업,정상운영,2022-06,2,0백만원,-49.0
S1669,H067,지분편입(지분매수),학생창업,해당없음,해당없음,전문과학및기술서비스업,폐업(청산),2014-04,10,,0.0
S1670,H079,지분편입(지분매수),학생창업,연구소기업,해당없음,제조업,정상운영,2018-08,6,0백만원,-86.0
S1671,H021,지분편입(유상증자),교수창업,해당없음,ET,전문과학및기술서비스업,정상운영,2020-01,4,"1,704백만원",-77.0
S1672,H047,합작설립,학생창업,연구소기업,IT,전문과학및기술서비스업,정상운영,2020-04,4,0백만원,-112.0
S1673,H048,합작설립,교수창업,연구소기업,BT,정보통신업,정상운영,2021-09,3,0백만원,-24.0
S1674,H037,지분편입(유상증자),학생창업,연구소기업,NT,제조업,정상운영,2016-03,8,72백만원,139.0
S1675,H050,단독설립,기타,해당없음,ET,정보통신업,정상운영,2019-11,5,900백만원,74.0
S1676,H053,단독설립,기타,연구소기업,NT,전문과학및기술서비스업,정상운영,2020-05,4,0백만원,-55.0
S1677,H044,단독설립,무응답,벤처기업,IT,교육서비스업,폐업(청산),2021-01,3,0백만원,0.0
S1678,H077,합작설립,학생창업,연구소기업,BT,정보통신업,정상운영,2017-08,7,862백만원,-46.0
S1679,H007,단독설립,교수창업,기타,ET,제조업,정상운영,2023-04,1,"1,219백만원",-34.0
S1680,H081,지분편입(지분매수),교수창업,신기술창업전문회사,BT,제조업,정상운영,2018-12,6,"1,509백만원",-99.0
S1681,H083,합작설립,교수창업,연구소기업,BT,제조업,정상운영,2021-04,3,"1,399백만원",101.0
S1682,H043,지분편입(지분매수),교수창업,연구소기업,IT,정보통신업,정상운영,2016-04,8,,-45.0
S1683,H009,단독설립,전문경영인(파트너기업겸직파견등),벤처기업,NT,제조업,정상운영,2022-04,2,0백만원,-105.0
S1684,H043,지분편입(지분매수),기타,해당없음,ET,제조업,정상운영,2012-08,12,"1,363백만원",
S1685,H013,지분편입(지분매수),학생창업,해당없음,ET,정보통신업,폐업(청산),2019-11,5,0백만원,0.0
S1686,H072,단독설립,교수창업,해당없음,IT,전문과학및기술서비스업,폐업(청산),2022-04,2,0백만원,0.0
S1687,H050,합작설립,기타,벤처기업,BT,제조업,정상운영,2012-03,12,0백만원,-143.0
S1688,H037,지분편입(지분매수),교수창업,벤처기업,IT,제조업,정상운영,2020-01,4,455백만원,41.0
S1689,H033,합작설립,기타,해당없음,BT,전문과학및기술서비스업,정상운영,2012-05,12,,-60.0
S1690,H078,단독설립,기타,연구소기업,BT,도매및소매업,정상운영,2023-04,1,120백만원,-56.0
S1691,H020,단독설립,전문경영인(파트너기업겸직파견등),벤처기업,IT,도매및소매업,정상운영,2023-01,1,0백만원,-20.0
S1692,H043,합작설립,전문경영인(창업자),벤처기업,ET,정보통신업,정상운영,2019-10,5,"1,170백만원",82.0
S1693,H011,단독설립,교수창업,연구소기업,ET,제조업,정상운영,2023-08,1,0백만원,-11.0
S1694,H075,단독설립,교수창업,해당없음,IT,제조업,정상운영,2019-08,5,802백만원,-77.0
S1695,H019,단독설립,학생창업,해당없음,IT,제조업,정상운영,2018-07,6,0백만원,-18.0
S1696,H045,지분편입(지분매수),교수창업,벤처기업,NT,전문과학및기술서비스업,정상운영,2019-09,5,0백만원,-79.0
S1697,H040,단독설립,교수창업,연구소기업,IT,제조업,정상운영,2018-09,6,0백만원,-30.0
S1698,H084,합작설립,교수창업,해당없음,IT,제조업,정상운영,2022-10,2,0백만원,-128.0
S1699,H051,단독설립,교수창업,해당없음,IT,전문과학및기술서비스업,정상운영,2023-04,1,977백만원,141.0
S1700,H017,지분편입(지분매수),학생창업,연구소기업,BT,제조업,정상운영,2020-07,4,"1,950백만원",
S1701,H077,합작설립,기타,연구소기업,해당없음,제조업,정상운영,2018-03,6,,-20.0
S1702,H011,합작설립,교수창업,벤처기업,IT,전문과학및기술서비스업,정상운영,2022-09,2,0백만원,-62.0
S1703,H040,합작설립,전문경영인(창업자),벤처기업,IT,정보통신업,정상운영,2019-10,5,0백만원,-96.0
S1704,H072,단독설립,전문경영인(창업자),신기술창업전문회사,BT,정보통신업,정상운영,2020-07,4,162백만원,-11.0
S1705,H049,단독설립,전문경영인(파트너기업겸직파견등),연구소기업,BT,전문과학및기술서비스업,정상운영,2016-11,8,"1,487백만원",137.0
S1706,H083,단독설립,교수창업,해당없음,IT,정보통신업,정상운영,2010-10,14,"1,127백만원",-105.0
S1707,H043,지분편입(지분매수),교수창업,연구소기업,ET,전문과학및기술서비스업,정상운영,2019-07,5,,-97.0
S1708,H017,지분편입(지분매수),기타,해당없음,NT,제조업,정상운영,2023-12,1,,61.0
S1709,H068,단독설립,기타,연구소기업,IT,전문과학및기술서비스업,정상운영,2022-05,2,"1,414백만원",-25.0
S1710,H012,합작설립,전문경영인(파트너기업겸직파견등),해당없음,해당없음,제조업,정상운영,2019-12,5,370백만원,133.0
S1711,H083,단독설립,교수창업,연구소기업,ET,제조업,정상운영,2017-06,7,0백만원,
S1712,H055,지분편입(지분매수),학생창업,해당없음,IT, 제 조 업 ,정상운영,2020-05,4,269백만원,-133.0
S1713,H066,단독설립,교수창업,기타,IT,제조업,정상운영,2019-07,5,0백만원,-93.0
S1714,H047,합작설립,교수창업,연구소기업,BT,정보통신업,정상운영,2021-06,3,0백만원,-62.0
S1715,H003,합작설립,교수창업,기타,해당없음,제조업,정상운영,2023-06,1,"1,080백만원",128.0
S1716,H047,단독설립,교수창업,연구소기업, iT ,제조업,정상운영,2018-04,6,"1,607백만원",135.0
S1717,H040,지분편입(지분매수),교수창업,벤처기업, iT ,정보통신업,정상운영,2012-06,12,"1,681백만원",-16.0
S1718,H024,합작설립,교수창업,연구소기업,해당없음,제조업,정상운영,2018-09,6,0백만원,-13.0
S1719,H028,단독설립,전문경영인(창업자),벤처기업,BT,정보통신업,정상운영,2023-06,1,0백만원,-32.0
S1720,H044,지분편입(지분매수),학생창업,벤처기업,BT, 제 조 업 ,정상운영,2023-02,1,0백만원,
S1721,H063,단독설립,교수창업,벤처기업, iT ,제조업,정상운영,2020-12,4,0백만원,-100.0
S1722,H025,단독설립,전문경영인(창업자),해당없음,BT,전문과학및기술서비스업,정상운영,2019-03,5,0백만원,-125.0
S1723,H029,단독설립,기타,해당없음,ET,정보통신업,정상운영,2016-06,8,0백만원,
S1724,H018,단독설립,전문경영인(창업자),벤처기업,IT,정보통신업,정상운영,2017-12,7,0백만원,-58.0
S1725,H020,지분편입(지분매수),전문경영인(창업자),해당없음,IT,전문과학및기술서비스업,정상운영,2017-04,7,0백만원,-23.0
S1726,H010,합작설립,교수창업,벤처기업,BT,제조업,정상운영,2022-09,2,0백만원,-39.0
S1727,H038,단독설립,학생창업,해당없음,IT, 제 조 업 ,정상운영,2021-10,3,"2,206백만원",-115.0
S1728,H013,지분편입(지분매수),기타,연구소기업,해당없음,전문과학및기술서비스업,정상운영,2016-03,8,,76.0
S1729,H065,단독설립,전문경영인(파트너기업겸직파견등),벤처기업,ET,전문과학및기술서비스업,정상운영,2021-02,3,0백만원,-37.0
S1730,H070,지분편입(유상증자),교수창업,벤처기업,IT,정보통신업,정상운영,2023-09,1,0백만원,-80.0
S1731,H068,합작설립,기타,해당없음,IT,전문과학및기술서비스업,정상운영,2018-12,6,"2,247백만원",-13.0
S1732,H005,단독설립,전문경영인(창업자),벤처기업,IT,정보통신업,정상운영,2023-08,1,,20.0
S1733,H044,합작설립,기타,해당없음,IT,제조업,정상운영,2019-09,5,"1,050백만원",-73.0
S1734,H080,단독설립,학생창업,연구소기업,IT,전문과학및기술서비스업,정상운영,2020-06,4,"1,257백만원",-123.0
S1735,H017,단독설립,교수창업,연구소기업,BT,제조업,정상운영,2017-02,7,"1,536백만원",-96.0
S1736,H077,지분편입(지분매수),전문경영인(창업자),벤처기업, iT ,전문과학및기술서비스업,정상운영,2018-10,6,0백만원,
S1737,H049,단독설립,기타,연구소기업,ET,정보통신업,정상운영,2021-04,3,0백만원,-131.0
S1738,H020,지분편입(지분매수),학생창업,연구소기업,BT,정보통신업,정상운영,2018-12,6,"1,949백만원",
S1739,H021,지분편입(지분매수),교수창업,해당없음,BT,전문과학및기술서비스업,폐업(청산),2018-06,6,0백만원,0.0
S1740,H024,단독설립,전문경영인(창업자),벤처기업,IT,제조업,정상운영,2013-12,11,730백만원,-30.0
S1741,H080,합작설립,교수창업,연구소기업,NT,제조업,폐업(청산),2019-12,5,0백만원,0.0
S1742,H022,단독설립,교수창업,연구소기업,CT,도매및소매업,정상운영,2019-11,5,377백만원,-108.0
S1743,H057,단독설립,교수창업,이노비즈기업,ET,전문과학및기술서비스업,정상운영,2019-09,5,0백만원,-98.0
S1744,H006,단독설립,교수창업,벤처기업,IT,제조업,폐업(청산),2021-04,3,0백만원,0.0
S1745,H053,단독설립,교수창업,연구소기업,BT,전문과학및기술서비스업,정상운영,2021-08,3,319백만원,102.0
S1746,H047,지분편입(지분매수),전문경영인(창업자),해당없음,BT,제조업,정상운영,2023-05,1,0백만원,-1.0
S1747,H031,단독설립,전문경영인(창업자),연구소기업,IT,전문과학및기술서비스업,정상운영,2017-10,7,"2,038백만원",-100.0
S1748,H057,지분편입(유상증자),전문경영인(창업자),연구소기업,BT,제조업,정상운영,2018-01,6,"1,660백만원",40.0
S1749,H079,단독설립,전문경영인(창업자),해당없음,해당없음,제조업,정상운영,2019-08,5,"1,932백만원",-5.0
S1750,H037,지분편입(지분매수),교수창업,해당없음,IT,정보통신업,정상운영,2013-10,11,0백만원,-23.0
S1751,H058,단독설립,학생창업,벤처기업,IT,제조업,정상운영,2017-08,7,0백만원,-79.0
S1752,H030,지분편입(지분매수),교수창업,벤처기업,IT,정보통신업,정상운영,2018-08,6,0백만원,-63.0
S1753,H069,단독설립,학생창업,해당없음,IT,제조업,정상운영,2011-10,13,"1,521백만원",-33.0
S1754,H031,합작설립,학생창업,연구소기업,IT,제조업,정상운영,2021-07,3,0백만원,-45.0
S1755,H040,지분편입(유상증자),학생창업,벤처기업,해당없음,정보통신업,정상운영,2019-02,5,689백만원,-103.0
S1756,H061,단독설립,교수창업,연구소기업,BT,제조업,정상운영,2017-03,7,0백만원,-2.0
S1757,H025,단독설립,교수창업,해당없음,BT,정보통신업,정상운영,2022-01,2,0백만원,-65.0
S1758,H048,지분편입(지분매수),전문경영인(창업자),해당없음,IT,제조업,정상운영,2016-09,8,196백만원,
S1759,H074,합작설립,교수창업,벤처기업,BT,기타,폐업(청산),2018-08,6,0백만원,0.0
S1760,H057,단독설립,교수창업,벤처기업, iT ,전문과학및기술서비스업,정상운영,2022-09,2,"1,716백만원",-46.0
S1761,H060,지분편입(지분매수),교수창업,벤처기업,해당없음,제조업,투자회수(일부),2015-11,9,0백만원,0.0
S1762,H037,단독설립,교수창업,연구소기업,BT,정보통신업,정상운영,2016-01,8,0백만원,
S1763,H049,지분편입(지분매수),교수창업,벤처기업,IT,도매및소매업,정상운영,2020-06,4,,-52.0
S1764,H065,단독설립,교수창업,벤처기업, iT ,전문과학및기술서비스업,정상운영,2022-08,2,0백만원,-81.0
S1765,H068,단독설립,전문경영인(창업자),벤처기업,해당없음,제조업,정상운영,2021-12,3,266백만원,-131.0
S1766,H054,단독설립,학생창업,해당없음,IT,제조업,정상운영,2020-03,4,0백만원,-58.0
S1767,H021,지분편입(지분매수),교수창업,벤처기업,IT,전문과학및기술서비스업,정상운영,2023-02,1,"1,005백만원",-77.0
S1768,H026,합작설립,교수창업,연구소기업,해당없음,제조업,정상운영,2023-11,1,0백만원,-112.0
S1769,H078,단독설립,전문경영인(창업자),연구소기업,BT,제조업,정상운영,2018-06,6,0백만원,-127.0
S1770,H018,단독설립,전문경영인(창업자),기타,IT,제조업,정상운영,2018-02,6,0백만원,-120.0
S1771,H033,단독설립,기타,해당없음,BT,제조업,폐업(청산),2016-12,8,0백만원,0.0
S1772,H007,단독설립,전문경영인(파트너기업겸직파견등),연구소기업,IT,제조업,투자회수(일부),2017-05,7,0백만원,
S1773,H083,지분편입(지분매수),전문경영인(창업자),벤처기업,IT,정보통신업,정상운영,2009-10,15,"1,007백만원",155.0
S1774,H062,합작설립,학생창업,연구소기업,BT,제조업,정상운영,2014-05,10,"1,449백만원",51.0
S1775,H048,합작설립,교수창업,벤처기업,IT,제조업,정상운영,2023-12,1,"2,210백만원",35.0
S1776,H071,지분편입(지분매수),교수창업,해당없음,ET,제조업,정상운영,2021-01,3,0백만원,-111.0
S1777,H014,합작설립,전문경영인(창업자),해당없음,해당없음,정보통신업,정상운영,2018-12,6,"2,256백만원",-143.0
S1778,H067,단독설립,교수창업,벤처기업,BT,기타,정상운영,2019-10,5,472백만원,-73.0
S1779,H016,단독설립,교수창업,연구소기업,ET,전문과학및기술서비스업,정상운영,2014-08,10,0백만원,
S1780,H037,단독설립,교수창업,해당없음,IT,제조업,정상운영,2018-07,6,0백만원,-59.0
S1781,H011,합작설립,기타,기타,IT,정보통신업,정상운영,2020-12,4,,-79.0
S1782,H021,합작설립,전문경영인(파트너기업겸직파견등),해당없음,NT,정보통신업,정상운영,2011-03,13,0백만원,-32.0
S1783,H035,지분편입(유상증자),전문경영인(파트너기업겸직파견등),연구소기업,BT,제조업,정상운영,2016-07,8,0백만원,-27.0
S1784,H058,지분편입(지분매수),교수창업,해당없음,BT,제조업,정상운영,2021-04,3,"99,999,999,999원",-92.0
S1785,H066,단독설립,교수창업,벤처기업,IT,제조업,정상운영,2023-11,1,0백만원,-69.0
S1786,H019,단독설립,기타,해당없음,BT,제조업,정상운영,2018-08,6,0백만원,-47.0
S1787,H056,지분편입(지분매수),전문경영인(창업자),해당없음,BT,정보통신업,정상운영,2017-05,7,862백만원,-141.0
S1788,H012,지분편입(지분매수),학생창업,연구소기업,IT,전문과학및기술서비스업,폐업(청산),2011-09,13,0백만원,0.0
S1789,H029,단독설립,교수창업,벤처기업,BT,제조업,정상운영,2019-12,5,0백만원,-5.0
S1790,H058,단독설립,교수창업,해당없음, iT ,전문과학및기술서비스업,정상운영,2015-11,9,0백만원,-36.0
S1791,H045,지분편입(유상증자),교수창업,해당없음,해당없음, 제 조 업 ,정상운영,2018-05,6,"2,075백만원",7.0
S1792,H004,지분편입(지분매수),교수창업,연구소기업,IT,제조업,정상운영,2023-06,1,,-135.0
S1793,H054,단독설립,전문경영인(파트너기업겸직파견등),해당없음,BT,제조업,정상운영,2009-04,15,0백만원,-1.0
S1794,H007,지분편입(지분매수),교수창업,벤처기업,BT,정보통신업,정상운영,2023-10,1,0백만원,-10.0
S1795,H051,지분편입(지분매수),학생창업,해당없음,BT,제조업,정상운영,2020-09,4,0백만원,-37.0
S1796,H065,단독설립,학생창업,해당없음,IT,도매및소매업,정상운영,2018-07,6,,-147.0
S1797,H048,지분편입(유상증자),교수창업,연구소기업,BT,전문과학및기술서비스업,정상운영,2016-03,8,"1,772백만원",43.0
S1798,H031,합작설립,학생창업,연구소기업,ET,정보통신업,정상운영,2021-09,3,"2,114백만원",
S1799,H050,단독설립,학생창업,연구소기업,ET,전문과학및기술서비스업,정상운영,2020-11,4,0백만원,-25.0
S1800,H011,지분편입(지분매수),무응답,해당없음,해당없음,제조업,정상운영,2021-10,3,"1,314백만원",-83.0
S1801,H048,단독설립,교수창업,연구소기업,BT,전문과학및기술서비스업,정상운영,2018-06,6,"1,374백만원",74.0
S1802,H029,지분편입(지분매수),전문경영인(창업자),벤처기업,IT,전문과학및기술서비스업,정상운영,2020-01,4,"1,598백만원",-139.0
S1803,H004,합작설립,전문경영인(파트너기업겸직파견등),해당없음,IT,전문과학및기술서비스업,정상운영,2016-10,8,0백만원,-76.0
S1804,H041,단독설립,교수창업,해당없음,BT,전문과학및기술서비스업,정상운영,2021-01,3,0백만원,-6.0
S1805,H013,지분편입(지분매수),교수창업,연구소기업,IT,정보통신업,정상운영,2019-12,5,,28.0
S1806,H084,합작설립,교수창업,해당없음,ET,정보통신업,정상운영,2016-06,8,0백만원,-7.0
S1807,H043,지분편입(지분매수),기타,연구소기업,ET, 제 조 업 ,폐업(청산),2021-10,3,0백만원,0.0
S1808,H019,지분편입(지분매수),전문경영인(파트너기업겸직파견등),연구소기업,ET,전문과학및기술서비스업,정상운영,2020-02,4,"1,456백만원",72.0
S1809,H018,단독설립,교수창업,연구소기업,NT,제조업,정상운영,2009-02,15,"1,607백만원",17.0
S1810,H005,단독설립,교수창업,연구소기업,ET,교육서비스업,정상운영,2015-10,9,0백만원,-115.0
S1811,H037,지분편입(지분매수),교수창업,해당없음,BT,제조업,정상운영,2018-02,6,0백만원,-23.0
S1812,H061,단독설립,교수창업,연구소기업,BT,정보통신업,정상운영,2018-09,6,0백만원,-78.0
S1813,H018,단독설립,기타,해당없음,BT,전문과학및기술서비스업,정상운영,2023-07,1,0백만원,
S1814,H061,단독설립,기타,연구소기업,BT,전문과학및기술서비스업,정상운영,2023-12,1,0백만원,-53.0
S1815,H058,단독설립,교수창업,연구소기업,ET,도매및소매업,정상운영,2020-03,4,,-134.0
S1816,H079,단독설립,전문경영인(창업자),해당없음,해당없음,도매및소매업,정상운영,2019-12,5,0백만원,-75.0
S1817,H001,지분편입(지분매수),교수창업,벤처기업,BT,정보통신업,정상운영,2023-04,1,0백만원,-50.0
S1818,H011,단독설립,교수창업,연구소기업,IT,제조업,폐업(청산),2019-04,5,0백만원,0.0
S1819,H003,합작설립,전문경영인(창업자),해당없음,BT,전문과학및기술서비스업,정상운영,2016-10,8,663백만원,75.0
S1820,H033,지분편입(지분매수),기타,해당없음,BT,정보통신업,정상운영,2021-03,3,0백만원,-104.0
S1821,H028,지분편입(지분매수),학생창업,연구소기업,IT, 제 조 업 ,정상운영,2023-03,1,0백만원,
S1822,H020,단독설립,전문경영인(창업자),연구소기업,해당없음,정보통신업,정상운영,2018-01,6,0백만원,-75.0
S1823,H071,지분편입(지분매수),전문경영인(파트너기업겸직파견등),기타,IT,제조업,정상운영,2022-11,2,"1,228백만원",-24.0
S1824,H078,합작설립,전문경영인(창업자),연구소기업,IT,정보통신업,정상운영,2020-08,4,0백만원,-93.0
S1825,H068,단독설립,교수창업,벤처기업,BT,제조업,정상운영,2021-12,3,,
S1826,H055,합작설립,교수창업,연구소기업,해당없음,정보통신업,정상운영,2009-02,15,"1,307백만원",-79.0
S1827,H015,단독설립,전문경영인(파트너기업겸직파견등),벤처기업,IT,제조업,정상운영,2017-06,7,0백만원,-115.0
S1828,H037,지분편입(지분매수),교수창업,연구소기업,IT,전문과학및기술서비스업,정상운영,2018-02,6,,-99.0
S1829,H031,합작설립,교수창업,신기술창업전문회사,BT, 제 조 업 ,정상운영,2018-02,6,,-10.0
S1830,H039,단독설립,학생창업,연구소기업,BT,제조업,정상운영,2019-07,5,276백만원,-3.0
S1831,H016,지분편입(지분매수),교수창업,벤처기업,IT,제조업,정상운영,2021-10,3,0백만원,-35.0
S1832,H007,합작설립,전문경영인(창업자),해당없음,BT,정보통신업,정상운영,2019-12,5,860백만원,152.0
S1833,H031,지분편입(지분매수),전문경영인(창업자),해당없음,IT,전문과학및기술서비스업,정상운영,2018-11,6,0백만원,-43.0
S1834,H054,단독설립,교수창업,해당없음,BT,정보통신업,정상운영,2023-07,1,0백만원,-2.0
S1835,H082,단독설립,교수창업,벤처기업,CT,제조업,정상운영,2018-07,6,0백만원,-119.0
S1836,H080,단독설립,학생창업,연구소기업,IT,전문과학및기술서비스업,정상운영,2023-07,1,0백만원,-34.0
S1837,H059,지분편입(유상증자),교수창업,연구소기업,해당없음,정보통신업,정상운영,2018-12,6,0백만원,-70.0
S1838,H009,지분편입(지분매수),교수창업,연구소기업,BT,정보통신업,폐업(청산),2017-08,7,0백만원,0.0
S1839,H015,합작설립,교수창업,연구소기업,IT,제조업,정상운영,2020-03,4,0백만원,-9.0
S1840,H064,단독설립,전문경영인(파트너기업겸직파견등),해당없음,IT,정보통신업,정상운영,2023-06,1,,149.0
S1841,H077,지분편입(유상증자),전문경영인(파트너기업겸직파견등),해당없음,IT,교육서비스업,정상운영,2019-03,5,0백만원,-124.0
S1842,H069,지분편입(지분매수),교수창업,연구소기업,IT,정보통신업,정상운영,2023-02,1,653백만원,-26.0
S1843,H003,단독설립,교수창업,벤처기업,IT,전문과학및기술서비스업,정상운영,2020-05,4,0백만원,-117.0
S1844,H081,합작설립,학생창업,벤처기업,해당없음,교육서비스업,정상운영,2021-06,3,441백만원,-31.0
S1845,H066,단독설립,학생창업,벤처기업,BT,제조업,정상운영,2021-03,3,0백만원,-95.0
S1846,H074,단독설립,학생창업,벤처기업,IT,제조업,정상운영,2023-12,1,0백만원,-98.0
S1847,H031,단독설립,전문경영인(파트너기업겸직파견등),연구소기업,BT,정보통신업,정상운영,2018-07,6,0백만원,-137.0
S1848,H019,지분편입(지분매수),교수창업,해당없음,BT,제조업,정상운영,2009-05,15,0백만원,-110.0
S1849,H038,지분편입(유상증자),학생창업,연구소기업,IT,정보통신업,정상운영,2021-08,3,0백만원,-105.0
S1850,H055,단독설립,기타,해당없음,BT,정보통신업,정상운영,2019-02,5,0백만원,-126.0
S1851,H001,합작설립,교수창업,해당없음,ET,제조업,정상운영,2017-03,7,0백만원,-83.0
S1852,H079,지분편입(유상증자),교수창업,연구소기업,BT,정보통신업,정상운영,2012-05,12,,-134.0
S1853,H046,단독설립,교수창업,해당없음,IT,제조업,투자회수(일부),2022-07,2,0백만원,0.0
S1854,H031,단독설립,전문경영인(파트너기업겸직파견등),해당없음,IT,전문과학및기술서비스업,정상운영,2017-04,7,"1,457백만원",93.0
S1855,H074,단독설립,교수창업,벤처기업,CT,제조업,정상운영,2018-04,6,949백만원,-127.0
S1856,H054,지분편입(지분매수),전문경영인(창업자),연구소기업,BT,정보통신업,폐업(청산),2019-06,5,0백만원,0.0
S1857,H024,합작설립,교수창업,연구소기업,IT,도매및소매업,정상운영,2022-11,2,,-16.0
S1858,H011,단독설립,전문경영인(창업자),연구소기업,BT,전문과학및기술서비스업,정상운영,2022-11,2,"1,306백만원",-11.0
S1859,H068,단독설립,교수창업,벤처기업,BT,기타,정상운영,2021-02,3,0백만원,-21.0
S1860,H047,지분편입(지분매수),무응답,연구소기업,IT,전문과학및기술서비스업,정상운영,2017-06,7,"1,418백만원",-113.0
S1861,H009,지분편입(지분매수),교수창업,해당없음,BT,정보통신업,정상운영,2009-08,15,"2,140백만원",107.0
S1862,H068,합작설립,전문경영인(창업자),이노비즈기업,IT,전문과학및기술서비스업,정상운영,2020-02,4,0백만원,-18.0
S1863,H070,단독설립,교수창업,해당없음,BT,정보통신업,정상운영,2018-09,6,0백만원,-114.0
S1864,H065,지분편입(지분매수),전문경영인(창업자),벤처기업, iT ,정보통신업,정상운영,2016-05,8,"2,240백만원",-22.0
S1865,H065,단독설립,교수창업,해당없음,IT,정보통신업,정상운영,2021-01,3,"1,709백만원",
S1866,H071,단독설립,전문경영인(창업자),벤처기업,ET,정보통신업,정상운영,2017-10,7,0백만원,-77.0
S1867,H003,단독설립,전문경영인(창업자),해당없음,IT,정보통신업,정상운영,2023-01,1,0백만원,
S1868,H050,지분편입(유상증자),교수창업,벤처기업,IT,제조업,정상운영,2019-09,5,0백만원,-83.0
S1869,H061,단독설립,교수창업,해당없음, iT ,제조업,투자회수(전액),2016-01,8,0백만원,0.0
S1870,H006,합작설립,교수창업,연구소기업,BT,정보통신업,정상운영,2014-11,10,,-43.0
S1871,H082,단독설립,교수창업,해당없음, iT ,전문과학및기술서비스업,정상운영,2021-06,3,"1,726백만원",-21.0
S1872,H050,단독설립,학생창업,벤처기업,IT,정보통신업,정상운영,2022-02,2,0백만원,-124.0
S1873,H048,단독설립,기타,신기술창업전문회사, iT ,정보통신업,정상운영,2020-03,4,237백만원,-80.0
S1874,H033,단독설립,기타,벤처기업,IT,전문과학및기술서비스업,정상운영,2021-01,3,0백만원,-145.0
S1875,H003,지분편입(지분매수),교수창업,벤처기업,IT,정보통신업,정상운영,2018-09,6,0백만원,-135.0
S1876,H046,합작설립,교수창업,해당없음,ET,도매및소매업,정상운영,2013-01,11,0백만원,-45.0
S1877,H009,합작설립,교수창업,연구소기업,IT,정보통신업,정상운영,2020-01,4,0백만원,-19.0
S1878,H045,단독설립,교수창업,기타,IT,정보통신업,투자회수(전액),2021-06,3,0백만원,0.0
S1879,H031,단독설립,교수창업,해당없음,IT,전문과학및기술서비스업,정상운영,2023-07,1,"1,760백만원",-145.0
S1880,H081,합작설립,전문경영인(창업자),해당없음,ET,도매및소매업,정상운영,2023-05,1,"2,150백만원",29.0
S1881,H014,단독설립,교수창업,벤처기업,ET,정보통신업,정상운영,2023-01,1,0백만원,-64.0
S1882,H075,지분편입(지분매수),교수창업,해당없음, iT ,제조업,정상운영,2023-10,1,"1,764백만원",93.0
S1883,H043,지분편입(지분매수),기타,연구소기업,CT,제조업,정상운영,2021-10,3,0백만원,-95.0
S1884,H018,합작설립,전문경영인(파트너기업겸직파견등),벤처기업,해당없음,제조업,정상운영,2022-06,2,0백만원,-52.0
S1885,H006,지분편입(지분매수),학생창업,해당없음,BT,제조업,정상운영,2020-02,4,,-70.0
S1886,H046,합작설립,전문경영인(창업자),연구소기업,ET,정보통신업,정상운영,2023-03,1,"1,881백만원",-19.0
S1887,H070,합작설립,기타,벤처기업,IT,전문과학및기술서비스업,정상운영,2018-04,6,830백만원,-107.0
S1888,H044,합작설립,교수창업,연구소기업,BT,전문과학및기술서비스업,정상운영,2022-11,2,0백만원,-143.0
S1889,H083,단독설립,전문경영인(파트너기업겸직파견등),벤처기업,BT,정보통신업,정상운영,2018-10,6,"1,273백만원",-96.0
